facility_key,service_name,provider_name,state,provider_type,size,overall_stars,compliance_stars,staffing_stars,quality_measures_stars,pct_falls,pct_pressure_injuries,pct_restrictive_practices,rn_minutes_actual,total_care_minutes_actual,re_avg_always_pct,composite_score
Anthem | TBG Senior Living Services Pty Ltd,Anthem,TBG Senior Living Services Pty Ltd,NSW,Private for Profit,Large,4.0,5.0,2.0,5.0,16.0,0.0,15.0,45.0,211.0,66.33333333333333,1.1229852391927904
Huang Ying Jung Nursing Home | Australian Nursing Home Foundation Limited,Huang Ying Jung Nursing Home,Australian Nursing Home Foundation Limited,NSW,Not for Profit,Medium,5.0,5.0,5.0,5.0,26.0,0.0,0.0,49.0,229.0,76.41666666666667,1.0130244416081133
Gibson Street Complex | Bendigo Health Care Group,Gibson Street Complex,Bendigo Health Care Group,VIC,Government,Large,4.0,5.0,2.0,3.0,24.0,1.0,4.0,93.0,204.0,61.833333333333336,1.0099317231869558
Lucy Chieng Aged Care Centre | Australian Nursing Home Foundation Limited,Lucy Chieng Aged Care Centre,Australian Nursing Home Foundation Limited,NSW,Not for Profit,Medium,4.0,5.0,3.0,5.0,25.0,0.0,0.0,48.0,229.0,70.91666666666667,0.9992141489562341
Rocky Point Residence | The Sisters of Our Lady of China Health Care Pty Ltd,Rocky Point Residence,The Sisters of Our Lady of China Health Care Pty Ltd,NSW,Private for Profit,Medium,4.0,5.0,3.0,5.0,27.0,0.0,1.0,47.0,229.0,63.333333333333336,0.986147253770715
Carinity Brownesholme Manor | The Baptist Union of Queensland,Carinity Brownesholme Manor,The Baptist Union of Queensland,QLD,Not for Profit,Medium,4.0,5.0,3.0,5.0,6.0,0.0,2.0,42.0,217.0,64.91666666666667,0.9735980010205978
Uniting Abrina Ashfield | The Uniting Church in Australia Property Trust (NSW),Uniting Abrina Ashfield,The Uniting Church in Australia Property Trust (NSW),NSW,Not for Profit,Medium,4.0,5.0,3.0,5.0,22.0,1.0,6.0,47.0,230.0,62.5,0.9676296112827842
BaptistCare Glendale Lodge | BaptistCare,BaptistCare Glendale Lodge,BaptistCare,NSW,Not for Profit,Medium,,,5.0,5.0,22.0,0.0,7.0,57.0,249.0,63.166666666666664,0.9623858929363428
Fairlea Aged Care @ Penshurst | Oreison Pty Ltd Trustee for EM Trust Trading As Fairlea Aged Care @ Penshurst,Fairlea Aged Care @ Penshurst,Oreison Pty Ltd Trustee for EM Trust Trading As Fairlea Aged Care @ Penshurst,NSW,Private for Profit,Medium,4.0,5.0,3.0,5.0,25.0,0.0,0.0,45.0,223.0,76.83333333333333,0.9512799542581667
Alkira Gardens | The Sisters of Our Lady of China Health Care Pty Ltd,Alkira Gardens,The Sisters of Our Lady of China Health Care Pty Ltd,NSW,Private for Profit,Medium,4.0,5.0,3.0,5.0,17.0,0.0,9.0,46.0,228.0,70.41666666666667,0.9049279923961289
Bolton Clarke Darlington | RSL Care RDNS Limited,Bolton Clarke Darlington,RSL Care RDNS Limited,NSW,Not for Profit,Medium,5.0,5.0,5.0,4.0,23.0,0.0,13.0,50.0,236.0,79.58333333333333,0.9028070975464133
Jesmond Aged Care | Jesmond Aged Care Pty Ltd,Jesmond Aged Care,Jesmond Aged Care Pty Ltd,NSW,Private for Profit,Medium,4.0,5.0,2.0,5.0,12.0,1.0,7.0,46.0,212.0,86.0,0.8926592548807106
Uniting Wesley Heights Manly | The Uniting Church in Australia Property Trust (NSW),Uniting Wesley Heights Manly,The Uniting Church in Australia Property Trust (NSW),NSW,Not for Profit,Medium,4.0,5.0,3.0,5.0,26.0,0.0,0.0,45.0,214.0,74.16666666666667,0.8917419593800997
Anglicare Barry Marsh House | Anglican Community Services,Anglicare Barry Marsh House,Anglican Community Services,NSW,Not for Profit,Medium,4.0,5.0,3.0,5.0,11.0,0.0,1.0,46.0,228.0,59.333333333333336,0.8908885914183258
Russian Relief Association of St Sergius of Radonezh | Russian Relief Association of St Sergius of Radonezh,Russian Relief Association of St Sergius of Radonezh,Russian Relief Association of St Sergius of Radonezh,NSW,Not for Profit,Large,4.0,5.0,4.0,4.0,31.0,0.0,0.0,49.0,255.0,66.16666666666667,0.8907554160484932
Mekong Vietnamese Aged Care | Indochinese Elderly Refugees Association Victoria Inc,Mekong Vietnamese Aged Care,Indochinese Elderly Refugees Association Victoria Inc,VIC,Not for Profit,Medium,4.0,5.0,4.0,5.0,21.0,0.0,9.0,54.0,226.0,62.25,0.8804449557279201
Carinity Colthup Manor | The Baptist Union of Queensland,Carinity Colthup Manor,The Baptist Union of Queensland,QLD,Not for Profit,Medium,5.0,5.0,5.0,5.0,23.0,0.0,16.0,51.0,249.0,77.91666666666667,0.8760034617482313
Regents Garden Four Seasons Booragoon | Regents Garden Group Pty Ltd,Regents Garden Four Seasons Booragoon,Regents Garden Group Pty Ltd,WA,Private for Profit,Medium,4.0,5.0,3.0,5.0,22.0,0.0,0.0,47.0,229.0,58.333333333333336,0.8714913906513535
SummitCare Smithfield | Stelcom Pty Limited,SummitCare Smithfield,Stelcom Pty Limited,NSW,Private for Profit,Medium,4.0,5.0,3.0,5.0,15.0,0.0,3.0,48.0,242.0,47.583333333333336,0.8641956113380944
Bolton Clarke Centaur | RSL Care RDNS Limited,Bolton Clarke Centaur,RSL Care RDNS Limited,QLD,Not for Profit,Medium,4.0,5.0,4.0,5.0,25.0,0.0,0.0,47.0,204.0,69.25,0.8636208075623311
Harbour Quays Residential Aged Care | Provectus Care Pty Limited,Harbour Quays Residential Aged Care,Provectus Care Pty Limited,QLD,Private for Profit,Large,5.0,5.0,5.0,4.0,18.0,0.0,24.0,46.0,237.0,80.0,0.8564294552673682
Bishop Davies Court | OneCare Limited,Bishop Davies Court,OneCare Limited,TAS,Not for Profit,Medium,4.0,5.0,2.0,5.0,21.0,0.0,2.0,43.0,203.0,65.25,0.8210327150389842
Anglicare SQ St John's Home for Aged Men | The Corporation of the Synod of the Diocese of Brisbane,Anglicare SQ St John's Home for Aged Men,The Corporation of the Synod of the Diocese of Brisbane,QLD,Not for Profit,Medium,4.0,5.0,4.0,5.0,17.0,0.0,32.0,53.0,210.0,57.916666666666664,0.8044549558385612
Estia Health Forster | Estia Investments Pty Ltd,Estia Health Forster,Estia Investments Pty Ltd,NSW,Private for Profit,Medium,4.0,5.0,3.0,4.0,31.0,0.0,10.0,47.0,224.0,73.5,0.7885077646813965
Alan David Lodge | Barwon Health,Alan David Lodge,Barwon Health,VIC,Government,Medium,5.0,5.0,5.0,4.0,28.0,1.0,0.0,67.0,235.0,57.833333333333336,0.7813568914954463
Jimbelunga Nursing Centre | Aboriginal and Torres Strait Islander Community Health Service Brisbane Limited,Jimbelunga Nursing Centre,Aboriginal and Torres Strait Islander Community Health Service Brisbane Limited,QLD,Not for Profit,Medium,4.0,5.0,5.0,3.0,33.0,0.0,0.0,60.0,238.0,73.91666666666667,0.7755923789056585
Estia Health Epping VIC | Estia Investments Pty Ltd,Estia Health Epping VIC,Estia Investments Pty Ltd,VIC,Private for Profit,Medium,5.0,5.0,5.0,5.0,30.0,1.0,0.0,54.0,241.0,63.5,0.7729138321176472
Bolton Clarke Capella Bay | RSL Care RDNS Limited,Bolton Clarke Capella Bay,RSL Care RDNS Limited,QLD,Not for Profit,Large,4.0,4.0,3.0,5.0,25.0,0.0,6.0,48.0,220.0,71.08333333333333,0.7655053303333731
Hope Aged Care Swan Hill | Sixth Eastway Pty Ltd,Hope Aged Care Swan Hill,Sixth Eastway Pty Ltd,VIC,Private for Profit,Medium,4.0,5.0,3.0,5.0,29.0,0.0,0.0,45.0,207.0,62.666666666666664,0.7584525004139135
Salisbury House Nursing Home | Menarock Aged Care Services (Templestowe) Pty Ltd,Salisbury House Nursing Home,Menarock Aged Care Services (Templestowe) Pty Ltd,VIC,Private for Profit,Medium,4.0,5.0,3.0,5.0,22.0,0.0,10.0,47.0,209.0,57.083333333333336,0.753605895675871
Constitution Hill Aged Care | Australian Unity Care Services Pty Ltd,Constitution Hill Aged Care,Australian Unity Care Services Pty Ltd,NSW,Private for Profit,Large,5.0,5.0,4.0,5.0,22.0,1.0,9.0,51.0,238.0,82.08333333333333,0.7498299370690964
Estia Health Tuncurry | Estia Investments Pty Ltd,Estia Health Tuncurry,Estia Investments Pty Ltd,NSW,Private for Profit,Large,4.0,5.0,3.0,5.0,27.0,0.0,4.0,46.0,228.0,77.91666666666667,0.7474749248823114
Maranatha House | Maranatha House,Maranatha House,Maranatha House,NSW,Not for Profit,Medium,3.0,4.0,1.0,5.0,26.0,0.0,0.0,34.0,203.0,70.25,0.7430656446512781
Uniting AgeWell Box Hill | Uniting Agewell Limited,Uniting AgeWell Box Hill,Uniting Agewell Limited,VIC,Not for Profit,Large,4.0,5.0,3.0,5.0,17.0,0.0,10.0,45.0,224.0,42.416666666666664,0.7365409168683797
CASS Residential Aged Care Facility | Chinese Australian Services Society Limited,CASS Residential Aged Care Facility,Chinese Australian Services Society Limited,NSW,Not for Profit,Medium,4.0,5.0,3.0,3.0,24.0,0.0,16.0,42.0,210.0,82.91666666666667,0.7331669741414446
Anglicare The Donald Coburn Centre | Anglican Community Services,Anglicare The Donald Coburn Centre,Anglican Community Services,NSW,Not for Profit,Large,4.0,5.0,3.0,4.0,8.0,0.0,21.0,46.0,227.0,41.833333333333336,0.7306164430725588
ANHF Thornleigh Nursing Home | Australian Nursing Home Foundation Limited,ANHF Thornleigh Nursing Home,Australian Nursing Home Foundation Limited,NSW,Not for Profit,Medium,3.0,4.0,1.0,5.0,34.0,0.0,0.0,45.0,227.0,48.75,0.7234854293826719
Anglicare Dudley Foord House | Anglican Community Services,Anglicare Dudley Foord House,Anglican Community Services,NSW,Not for Profit,Medium,4.0,5.0,3.0,5.0,22.0,0.0,7.0,46.0,229.0,63.333333333333336,0.7228531656315835
Uniting Quong Tart Ashfield | The Uniting Church in Australia Property Trust (NSW),Uniting Quong Tart Ashfield,The Uniting Church in Australia Property Trust (NSW),NSW,Not for Profit,Medium,4.0,5.0,3.0,5.0,19.0,0.0,6.0,47.0,234.0,48.75,0.7124363029515557
Luson Bloom | Luson Aged Care Pty Ltd,Luson Bloom,Luson Aged Care Pty Ltd,VIC,Not for Profit,Medium,4.0,5.0,2.0,4.0,20.0,0.0,9.0,47.0,216.0,78.16666666666667,0.7056607042456686
Brimlea Aged Care | Five Star Care Pty Ltd,Brimlea Aged Care,Five Star Care Pty Ltd,VIC,Private for Profit,Medium,4.0,5.0,2.0,5.0,19.0,1.0,1.0,45.0,207.0,50.416666666666664,0.7046504889033419
St Vincent's Care Services Southport | St Vincent's Care Services Ltd,St Vincent's Care Services Southport,St Vincent's Care Services Ltd,QLD,Not for Profit,Medium,4.0,5.0,5.0,3.0,31.0,0.0,13.0,51.0,224.0,80.41666666666667,0.6990239420515914
Bolton Clarke Heritage Lodge | RSL Care RDNS Limited,Bolton Clarke Heritage Lodge,RSL Care RDNS Limited,NSW,Not for Profit,Medium,4.0,4.0,2.0,5.0,30.0,0.0,5.0,46.0,212.0,67.08333333333333,0.6972600855420166
Bolton Clarke Fairways | RSL Care RDNS Limited,Bolton Clarke Fairways,RSL Care RDNS Limited,QLD,Not for Profit,Large,4.0,5.0,4.0,5.0,23.0,0.0,12.0,56.0,230.0,55.75,0.6944931075701792
Estia Health Merrylands | Estia Investments Pty Ltd,Estia Health Merrylands,Estia Investments Pty Ltd,NSW,Private for Profit,Large,4.0,5.0,3.0,5.0,20.0,1.0,0.0,46.0,227.0,73.16666666666667,0.693659553743637
Catholic Healthcare Villa Maria Centre | Catholic Healthcare Limited,Catholic Healthcare Villa Maria Centre,Catholic Healthcare Limited,NSW,Not for Profit,Medium,4.0,5.0,3.0,4.0,20.0,0.0,12.0,46.0,223.0,84.58333333333333,0.6903363718738541
St Vincent's Care Services Kangaroo Point - Marycrest | St Vincent's Care Services Ltd,St Vincent's Care Services Kangaroo Point - Marycrest,St Vincent's Care Services Ltd,QLD,Not for Profit,Large,4.0,5.0,3.0,5.0,22.0,0.0,1.0,45.0,227.0,60.833333333333336,0.6882199351403381
Regents Garden - Bateman | Regents Garden Group Pty Ltd,Regents Garden - Bateman,Regents Garden Group Pty Ltd,WA,Private for Profit,Large,4.0,5.0,3.0,5.0,37.0,0.0,9.0,49.0,243.0,69.16666666666667,0.6874083136399167
Sunnycare Residential | Sunnycare Residential Pty Ltd,Sunnycare Residential,Sunnycare Residential Pty Ltd,QLD,Private for Profit,Medium,4.0,5.0,3.0,5.0,19.0,1.0,0.0,45.0,221.0,62.416666666666664,0.6863178283356293
Bupa Queens Park | Bupa Aged Care Australia Pty Ltd,Bupa Queens Park,Bupa Aged Care Australia Pty Ltd,NSW,Private for Profit,Medium,3.0,4.0,1.0,5.0,27.0,0.0,4.0,43.0,216.0,69.66666666666667,0.6860876602719235
Amana Living James Brown Care Centre | Amana Living Incorporated,Amana Living James Brown Care Centre,Amana Living Incorporated,WA,Not for Profit,Medium,4.0,5.0,3.0,4.0,29.0,0.0,16.0,42.0,195.0,67.25,0.6739202389538155
Anglicare SQ Meilene Home for the Aged | The Corporation of the Synod of the Diocese of Brisbane,Anglicare SQ Meilene Home for the Aged,The Corporation of the Synod of the Diocese of Brisbane,QLD,Not for Profit,Medium,4.0,5.0,5.0,3.0,22.0,0.0,29.0,57.0,224.0,61.25,0.6730946205245156
Cardinal Stepinac Village | Australian-Croatian Cardinal Stepinac Association Limited,Cardinal Stepinac Village,Australian-Croatian Cardinal Stepinac Association Limited,NSW,Not for Profit,Large,4.0,5.0,4.0,4.0,21.0,0.0,0.0,47.0,232.0,70.66666666666667,0.6721367838519373
Bupa Bankstown | Bupa Aged Care Australia Pty Ltd,Bupa Bankstown,Bupa Aged Care Australia Pty Ltd,NSW,Private for Profit,Large,4.0,5.0,1.0,4.0,17.0,0.0,15.0,44.0,227.0,64.08333333333333,0.6701404320127298
Yaraandoo Hostel | Southern Cross Care (Tas) Inc,Yaraandoo Hostel,Southern Cross Care (Tas) Inc,TAS,Not for Profit,Medium,4.0,4.0,5.0,5.0,25.0,1.0,17.0,49.0,229.0,62.416666666666664,0.6630370436260331
Emmerton Park Aged Care Facility | Emmerton Park Inc,Emmerton Park Aged Care Facility,Emmerton Park Inc,TAS,Not for Profit,Medium,4.0,4.0,2.0,4.0,27.0,0.0,10.0,38.0,204.0,76.16666666666667,0.6604505987201248
The Shoreline | Park Beach Residence Pty Limited,The Shoreline,Park Beach Residence Pty Limited,NSW,Private for Profit,Large,4.0,5.0,3.0,5.0,29.0,0.0,9.0,45.0,209.0,54.583333333333336,0.6592897963994594
IRT Sarah Claydon | Illawarra Retirement Trust,IRT Sarah Claydon,Illawarra Retirement Trust,NSW,Not for Profit,Medium,4.0,4.0,2.0,4.0,27.0,0.0,16.0,46.0,217.0,72.33333333333333,0.6527185395808126
Anglicare SQ Symes Grove Home for the Aged | The Corporation of the Synod of the Diocese of Brisbane,Anglicare SQ Symes Grove Home for the Aged,The Corporation of the Synod of the Diocese of Brisbane,QLD,Not for Profit,Large,4.0,5.0,3.0,4.0,21.0,0.0,24.0,46.0,213.0,61.916666666666664,0.6503697304815441
Carinity Cedarbrook | The Baptist Union of Queensland,Carinity Cedarbrook,The Baptist Union of Queensland,QLD,Not for Profit,Medium,4.0,5.0,3.0,5.0,24.0,0.0,20.0,46.0,226.0,64.91666666666667,0.6488608672062514
The Glen Residential Care Service | Goodwin Aged Care Services Limited,The Glen Residential Care Service,Goodwin Aged Care Services Limited,NSW,Not for Profit,Medium,4.0,5.0,4.0,5.0,22.0,1.0,21.0,43.0,222.0,66.25,0.6449447395284714
Brother Alberts Home | Holy Family Services,Brother Alberts Home,Holy Family Services,NSW,Not for Profit,Large,5.0,5.0,5.0,4.0,25.0,0.0,5.0,49.0,238.0,64.83333333333333,0.6434249366556299
Blue Hills Manor | BaptistCare,Blue Hills Manor,BaptistCare,NSW,Not for Profit,Medium,4.0,5.0,3.0,4.0,17.0,0.0,12.0,47.0,225.0,70.33333333333333,0.6411058091534505
Uniting AgeWell Ningana | Uniting Agewell Limited,Uniting AgeWell Ningana,Uniting Agewell Limited,TAS,Not for Profit,Medium,4.0,5.0,4.0,4.0,28.0,0.0,22.0,48.0,223.0,63.083333333333336,0.6386412916612988
Cooinda Aged Care | COOINDA COONABARABRAN LIMITED,Cooinda Aged Care,COOINDA COONABARABRAN LIMITED,NSW,Not for Profit,Medium,4.0,5.0,5.0,3.0,15.0,1.0,23.0,56.0,231.0,61.583333333333336,0.6381424969425094
Regents Garden Scarborough Condocare | Regents Garden Scarborough Pty Limited,Regents Garden Scarborough Condocare,Regents Garden Scarborough Pty Limited,WA,Private for Profit,Large,4.0,5.0,3.0,5.0,25.0,0.0,18.0,47.0,243.0,66.25,0.637151581583363
Villa Maria Catholic Homes John R Hannah Aged Care Residence | Villa Maria Catholic Homes Limited,Villa Maria Catholic Homes John R Hannah Aged Care Residence,Villa Maria Catholic Homes Limited,VIC,Not for Profit,Medium,4.0,5.0,4.0,5.0,30.0,0.0,0.0,45.0,218.0,81.08333333333333,0.6348090385417948
BaptistCare Morven Gardens Centre | BaptistCare,BaptistCare Morven Gardens Centre,BaptistCare,NSW,Not for Profit,Medium,3.0,5.0,1.0,3.0,26.0,0.0,14.0,45.0,225.0,61.833333333333336,0.6345440851659105
McGregor Gardens Aged Care | Menarock Aged Care Services (Victoria) Pty Ltd,McGregor Gardens Aged Care,Menarock Aged Care Services (Victoria) Pty Ltd,VIC,Private for Profit,Medium,4.0,5.0,3.0,5.0,32.0,0.0,1.0,44.0,215.0,73.91666666666667,0.6313593919359283
Lansdowne Aged Care Facility | Arete Health Care (Lansdowne) Pty Limited,Lansdowne Aged Care Facility,Arete Health Care (Lansdowne) Pty Limited,NSW,Private for Profit,Large,4.0,5.0,1.0,4.0,16.0,0.0,1.0,44.0,221.0,71.58333333333333,0.625837042699285
ACDMA Aged Care Services | Australian Chinese & Descendants Mutual Association Ltd,ACDMA Aged Care Services,Australian Chinese & Descendants Mutual Association Ltd,NSW,Not for Profit,Medium,4.0,4.0,2.0,4.0,21.0,0.0,69.0,50.0,220.0,65.58333333333333,0.6257280895635822
Uniting AgeWell Aldersgate Village | Uniting Agewell Limited,Uniting AgeWell Aldersgate Village,Uniting Agewell Limited,TAS,Not for Profit,Medium,4.0,5.0,3.0,4.0,30.0,0.0,17.0,46.0,218.0,79.25,0.6188801043504256
BaptistCare Aminya Centre | BaptistCare,BaptistCare Aminya Centre,BaptistCare,NSW,Not for Profit,Medium,4.0,5.0,2.0,4.0,27.0,0.0,16.0,44.0,220.0,69.5,0.6153720902472092
Southern Cross Care John Woodward Residential Aged Care | Southern Cross Care (NSW & ACT) Limited,Southern Cross Care John Woodward Residential Aged Care,Southern Cross Care (NSW & ACT) Limited,NSW,Not for Profit,Large,4.0,5.0,3.0,4.0,24.0,0.0,11.0,47.0,227.0,68.66666666666667,0.6133734087426316
Uniting AgeWell Kingsville | Uniting Agewell Limited,Uniting AgeWell Kingsville,Uniting Agewell Limited,VIC,Not for Profit,Medium,4.0,5.0,3.0,4.0,24.0,0.0,11.0,45.0,221.0,67.91666666666667,0.6111637116215092
Cumberland Manor | Primary Caring Pty Ltd,Cumberland Manor,Primary Caring Pty Ltd,VIC,Private for Profit,Medium,3.0,4.0,1.0,5.0,17.0,0.0,0.0,43.0,189.0,42.25,0.6097673950542939
Regis Hurstville | Regis Aged Care Pty Ltd,Regis Hurstville,Regis Aged Care Pty Ltd,NSW,Private for Profit,Medium,4.0,5.0,3.0,4.0,17.0,1.0,4.0,47.0,236.0,56.916666666666664,0.6089504599020178
Uniting Westmead | The Uniting Church in Australia Property Trust (NSW),Uniting Westmead,The Uniting Church in Australia Property Trust (NSW),NSW,Not for Profit,Large,4.0,4.0,3.0,4.0,22.0,0.0,14.0,47.0,227.0,68.25,0.607646089665167
Anglicare Mildred Symons House | Anglican Community Services,Anglicare Mildred Symons House,Anglican Community Services,NSW,Not for Profit,Large,4.0,5.0,3.0,5.0,29.0,0.0,2.0,47.0,233.0,55.083333333333336,0.6071089044018948
Goodwin Ainslie (Goodwin House) | Goodwin Aged Care Services Limited,Goodwin Ainslie (Goodwin House),Goodwin Aged Care Services Limited,ACT,Not for Profit,Medium,4.0,5.0,4.0,4.0,23.0,1.0,16.0,51.0,216.0,60.833333333333336,0.6052507459581267
Anglicare Melva McDonald Lodge | Anglican Community Services,Anglicare Melva McDonald Lodge,Anglican Community Services,NSW,Not for Profit,Medium,4.0,5.0,3.0,5.0,23.0,0.0,14.0,47.0,234.0,63.75,0.6025974782775514
Lutheran Services - Salem | LUTHERAN CHURCH OF AUSTRALIA QUEENSLAND DISTRICT,Lutheran Services - Salem,LUTHERAN CHURCH OF AUSTRALIA QUEENSLAND DISTRICT,QLD,Not for Profit,Medium,4.0,5.0,2.0,5.0,20.0,1.0,16.0,48.0,205.0,56.166666666666664,0.6008961920546628
Patrick Bugden VC Gardens | RSL LifeCare Limited,Patrick Bugden VC Gardens,RSL LifeCare Limited,NSW,Not for Profit,Medium,4.0,5.0,4.0,3.0,31.0,0.0,20.0,52.0,229.0,78.66666666666667,0.6008385390927006
Mercy Place Cairns (Bethlehem) | Mercy Aged and Community Care Ltd,Mercy Place Cairns (Bethlehem),Mercy Aged and Community Care Ltd,QLD,Not for Profit,Medium,4.0,5.0,4.0,4.0,25.0,0.0,1.0,50.0,213.0,63.583333333333336,0.5955655648765151
Terrey Hills Nursing Home | Thompson Health Care Pty Ltd,Terrey Hills Nursing Home,Thompson Health Care Pty Ltd,NSW,Private for Profit,Medium,4.0,5.0,3.0,3.0,17.0,1.0,32.0,46.0,217.0,84.16666666666667,0.5922964118661591
Catholic Healthcare Holy Spirit Casula | Catholic Healthcare Limited,Catholic Healthcare Holy Spirit Casula,Catholic Healthcare Limited,NSW,Not for Profit,Large,4.0,5.0,3.0,4.0,29.0,0.0,11.0,46.0,221.0,69.91666666666667,0.5895907847933278
RFBI Benhome Masonic Village | Royal Freemasons' Benevolent Institution,RFBI Benhome Masonic Village,Royal Freemasons' Benevolent Institution,NSW,Not for Profit,Medium,5.0,5.0,5.0,4.0,26.0,0.0,0.0,49.0,230.0,70.33333333333333,0.5892798387750094
Peakhurst Nursing Home | The Trustees of the Sisters of Our Lady of China,Peakhurst Nursing Home,The Trustees of the Sisters of Our Lady of China,NSW,Not for Profit,Medium,4.0,5.0,3.0,5.0,26.0,0.0,7.0,46.0,232.0,41.083333333333336,0.586886945074936
Bracken House Dubbo | United Protestant Association of NSW Limited,Bracken House Dubbo,United Protestant Association of NSW Limited,NSW,Not for Profit,Medium,5.0,5.0,5.0,3.0,39.0,1.0,23.0,64.0,252.0,88.75,0.5838939790898147
Arcare Cheltenham | Arcare Pty Ltd,Arcare Cheltenham,Arcare Pty Ltd,VIC,Private for Profit,Medium,4.0,5.0,3.0,3.0,31.0,0.0,10.0,45.0,221.0,78.75,0.5810475610206394
Borella House | The Churches of Christ Property Trust,Borella House,The Churches of Christ Property Trust,NSW,Not for Profit,Medium,4.0,5.0,2.0,4.0,18.0,0.0,19.0,44.0,191.0,82.25,0.5753094589507718
Vivian Bullwinkel Lodge | Air Force Association WA Limited,Vivian Bullwinkel Lodge,Air Force Association WA Limited,WA,Not for Profit,Medium,4.0,5.0,4.0,3.0,29.0,0.0,6.0,50.0,220.0,71.41666666666667,0.5718483926974162
Estia Health Aberglasslyn | Estia Investments Pty Ltd,Estia Health Aberglasslyn,Estia Investments Pty Ltd,NSW,Private for Profit,Large,4.0,4.0,3.0,4.0,21.0,0.0,14.0,46.0,213.0,71.25,0.5714419759531038
Ruby Manor | The Sisters of Our Lady of China Health Care (2) Pty Ltd,Ruby Manor,The Sisters of Our Lady of China Health Care (2) Pty Ltd,NSW,Not for Profit,Medium,4.0,4.0,3.0,4.0,18.0,0.0,30.0,46.0,226.0,61.833333333333336,0.570293972293497
Benetas Colton Close | Anglican Aged Care Services Group,Benetas Colton Close,Anglican Aged Care Services Group,VIC,Not for Profit,Medium,4.0,5.0,5.0,3.0,29.0,0.0,18.0,53.0,255.0,62.25,0.5690125626651431
Nazareth House Camberwell | Nazareth Care,Nazareth House Camberwell,Nazareth Care,VIC,Not for Profit,Medium,4.0,5.0,3.0,5.0,30.0,0.0,0.0,46.0,214.0,50.833333333333336,0.565851132589997
St Vincent's Care Services Yennora | St Vincent's Care Services Ltd,St Vincent's Care Services Yennora,St Vincent's Care Services Ltd,NSW,Not for Profit,Large,4.0,5.0,4.0,3.0,21.0,0.0,11.0,49.0,227.0,65.58333333333333,0.5624972322145778
Regis Ontario | Regis Aged Care Pty Ltd,Regis Ontario,Regis Aged Care Pty Ltd,VIC,Private for Profit,Medium,4.0,5.0,2.0,3.0,26.0,0.0,8.0,46.0,223.0,71.91666666666667,0.5622750415107419
Bolton Clarke Villa Serena | RSL Care RDNS Limited,Bolton Clarke Villa Serena,RSL Care RDNS Limited,QLD,Not for Profit,Medium,4.0,5.0,3.0,4.0,31.0,0.0,14.0,46.0,227.0,75.0,0.5581349262253295
BaptistCare Minnamurra | BaptistCare,BaptistCare Minnamurra,BaptistCare,NSW,Not for Profit,Medium,,,4.0,4.0,30.0,0.0,29.0,49.0,237.0,69.16666666666667,0.5552257855813701
St Vincent's Care Services Hawthorn | St Vincent's Care Services Ltd,St Vincent's Care Services Hawthorn,St Vincent's Care Services Ltd,VIC,Not for Profit,Medium,4.0,5.0,4.0,4.0,27.0,1.0,7.0,50.0,212.0,53.333333333333336,0.5524554242399948
St Lukes Nursing Home | St Luke's Care,St Lukes Nursing Home,St Luke's Care,NSW,Not for Profit,Large,4.0,5.0,4.0,3.0,19.0,0.0,20.0,49.0,219.0,66.33333333333333,0.5506281628197042
Harbison Moss Vale | Harbison Memorial Retirement Village,Harbison Moss Vale,Harbison Memorial Retirement Village,NSW,Not for Profit,Large,4.0,5.0,4.0,4.0,33.0,0.0,10.0,46.0,202.0,69.66666666666667,0.5503049932205365
IBIS Care Miranda | IBIS (No 2) Pty Ltd,IBIS Care Miranda,IBIS (No 2) Pty Ltd,NSW,Private for Profit,Medium,5.0,5.0,5.0,5.0,32.0,1.0,1.0,51.0,224.0,57.0,0.5469232562642686
The Brodribb Home | Brodribb Home Incorporated,The Brodribb Home,Brodribb Home Incorporated,QLD,Not for Profit,Medium,4.0,5.0,4.0,4.0,27.0,1.0,12.0,50.0,216.0,73.58333333333333,0.5449871146858741
Catholic Healthcare The Haven Residential Aged Care | Catholic Healthcare Limited,Catholic Healthcare The Haven Residential Aged Care,Catholic Healthcare Limited,NSW,Not for Profit,Large,5.0,5.0,5.0,4.0,30.0,0.0,7.0,47.0,220.0,67.0,0.5416205194358255
Ferndale Gardens Aged Care Facility | Aspic Holdings Pty Ltd,Ferndale Gardens Aged Care Facility,Aspic Holdings Pty Ltd,NSW,Private for Profit,Large,4.0,5.0,2.0,4.0,21.0,1.0,9.0,43.0,216.0,73.41666666666667,0.5414799209135572
Estia Health Plenty Valley | Estia Investments Pty Ltd,Estia Health Plenty Valley,Estia Investments Pty Ltd,VIC,Private for Profit,Medium,4.0,5.0,3.0,5.0,29.0,0.0,0.0,45.0,220.0,41.0,0.5396627602872663
Estia Health Taree | Estia Investments Pty Ltd,Estia Health Taree,Estia Investments Pty Ltd,NSW,Private for Profit,Large,4.0,5.0,1.0,4.0,22.0,0.0,15.0,42.0,215.0,68.16666666666667,0.5358995214694485
Bolton Clarke Coastal Waters (PKA - Coastal Waters Aged Care) | RSL Care RDNS Limited,Bolton Clarke Coastal Waters (PKA - Coastal Waters Aged Care),RSL Care RDNS Limited,NSW,Not for Profit,Large,5.0,5.0,5.0,4.0,28.0,0.0,5.0,47.0,248.0,70.91666666666667,0.5343166095746068
Romani | RSL Care South Australia Incorporated,Romani,RSL Care South Australia Incorporated,SA,Not for Profit,Medium,4.0,5.0,3.0,5.0,22.0,0.0,21.0,44.0,208.0,50.583333333333336,0.5342915730154153
The Maronite Sisters Of The Holy Family Village | THE MARONITE SISTERS OF THE HOLY FAMILY VILLAGE,The Maronite Sisters Of The Holy Family Village,THE MARONITE SISTERS OF THE HOLY FAMILY VILLAGE,NSW,Not for Profit,Medium,4.0,5.0,3.0,5.0,15.0,0.0,15.0,45.0,236.0,52.5,0.5287357240641278
Bolton Clarke The Ormsby | RSL Care RDNS Limited,Bolton Clarke The Ormsby,RSL Care RDNS Limited,QLD,Not for Profit,Large,4.0,3.0,4.0,5.0,24.0,0.0,8.0,47.0,197.0,54.25,0.5285251228595439
Estia Health St Ives | Estia Investments Pty Ltd,Estia Health St Ives,Estia Investments Pty Ltd,NSW,Private for Profit,Large,4.0,4.0,3.0,3.0,26.0,0.0,16.0,45.0,212.0,60.916666666666664,0.5278665665562762
St Catherine's Aged Care Services | St Catherine's Aged Care Services,St Catherine's Aged Care Services,St Catherine's Aged Care Services,NSW,Not for Profit,Medium,4.0,5.0,4.0,4.0,34.0,0.0,13.0,48.0,222.0,67.5,0.5221992829635776
Alexander Aged Care | Armenian Rest Home Association Ltd,Alexander Aged Care,Armenian Rest Home Association Ltd,NSW,Not for Profit,Medium,4.0,4.0,3.0,4.0,22.0,1.0,0.0,44.0,216.0,73.25,0.5208712694223989
Merrimac Park Private Care | Superior Care Group Pty Ltd,Merrimac Park Private Care,Superior Care Group Pty Ltd,QLD,Private for Profit,Medium,4.0,3.0,4.0,3.0,34.0,0.0,11.0,49.0,228.0,71.33333333333333,0.5174770832421575
Australian Vietnamese Aged Care Services | Australian Vietnamese Aged Care Services Limited,Australian Vietnamese Aged Care Services,Australian Vietnamese Aged Care Services Limited,NSW,Not for Profit,Medium,4.0,5.0,4.0,3.0,22.0,0.0,1.0,48.0,240.0,79.66666666666667,0.5163976597925883
Village Coorparoo Aged Care | The Village Care Managers Pty Ltd,Village Coorparoo Aged Care,The Village Care Managers Pty Ltd,QLD,Private for Profit,Medium,5.0,5.0,5.0,4.0,25.0,1.0,4.0,55.0,227.0,57.833333333333336,0.514614723971782
Feros Village Wommin Bay | Wommin Bay Hostels Ltd,Feros Village Wommin Bay,Wommin Bay Hostels Ltd,NSW,Not for Profit,Medium,4.0,5.0,3.0,5.0,24.0,1.0,0.0,44.0,207.0,64.25,0.5124026562308611
Villa Maria Catholic Homes St Catherine's Aged Care Residence | Villa Maria Catholic Homes Limited,Villa Maria Catholic Homes St Catherine's Aged Care Residence,Villa Maria Catholic Homes Limited,VIC,Not for Profit,Medium,4.0,5.0,3.0,5.0,22.0,0.0,17.0,45.0,213.0,49.0,0.5121118278403448
Estia Health Willoughby | Estia Investments Pty Ltd,Estia Health Willoughby,Estia Investments Pty Ltd,NSW,Private for Profit,Medium,4.0,5.0,2.0,5.0,26.0,0.0,20.0,43.0,237.0,63.916666666666664,0.5102749695290478
Brightwater Onslow Gardens | Brightwater Care Group Limited,Brightwater Onslow Gardens,Brightwater Care Group Limited,WA,Not for Profit,Medium,4.0,5.0,3.0,5.0,20.0,1.0,5.0,48.0,231.0,55.333333333333336,0.5048954753192356
St Vincent's Care Services Bardon | St Vincent's Care Services Ltd,St Vincent's Care Services Bardon,St Vincent's Care Services Ltd,QLD,Not for Profit,Medium,5.0,5.0,5.0,4.0,33.0,0.0,3.0,51.0,216.0,62.583333333333336,0.5027148668410039
Benetas St Paul's Terrace | Anglican Aged Care Services Group,Benetas St Paul's Terrace,Anglican Aged Care Services Group,VIC,Not for Profit,Medium,4.0,5.0,5.0,3.0,22.0,1.0,7.0,51.0,229.0,68.83333333333333,0.5013106371456011
CASS Asquith Residential Aged Care Facility | Chinese Australian Services Society Limited,CASS Asquith Residential Aged Care Facility,Chinese Australian Services Society Limited,NSW,Not for Profit,Medium,4.0,4.0,3.0,4.0,28.0,0.0,28.0,44.0,215.0,67.66666666666667,0.5011230538380822
Palm Lake Care Toowoomba | Palm Lake Care Operations Pty Ltd,Palm Lake Care Toowoomba,Palm Lake Care Operations Pty Ltd,QLD,Private for Profit,Large,3.0,3.0,5.0,3.0,37.0,1.0,8.0,72.0,236.0,58.916666666666664,0.4962497951931666
KOPWA Archbold House | KOPWA Limited,KOPWA Archbold House,KOPWA Limited,NSW,Not for Profit,Medium,4.0,5.0,3.0,4.0,33.0,0.0,23.0,44.0,227.0,77.5,0.4939028729799786
Regents Garden Residential Aged Care Resort - Lake Joondalup | Regents Garden Lake Joondalup Pty Ltd,Regents Garden Residential Aged Care Resort - Lake Joondalup,Regents Garden Lake Joondalup Pty Ltd,WA,Private for Profit,Medium,4.0,5.0,5.0,4.0,27.0,0.0,9.0,50.0,239.0,41.666666666666664,0.4923650532754429
Pacific Cape | Great Lakes Aged & Invalid Care Association Ltd,Pacific Cape,Great Lakes Aged & Invalid Care Association Ltd,NSW,Not for Profit,Medium,3.0,4.0,1.0,4.0,26.0,0.0,0.0,39.0,180.0,77.16666666666667,0.4916942957201606
Windermere Aged Care Facility | Korlim Pty Ltd,Windermere Aged Care Facility,Korlim Pty Ltd,NSW,Private for Profit,Medium,4.0,5.0,2.0,4.0,39.0,0.0,6.0,48.0,217.0,65.33333333333333,0.4882935845826662
BaptistCare Shalom Centre | BaptistCare,BaptistCare Shalom Centre,BaptistCare,NSW,Not for Profit,Large,3.0,4.0,1.0,3.0,35.0,0.0,24.0,44.0,225.0,70.0,0.4867009124074938
Alice Ross-King Care Centre | Air Force Association WA Limited,Alice Ross-King Care Centre,Air Force Association WA Limited,WA,Not for Profit,Medium,4.0,5.0,4.0,3.0,30.0,0.0,8.0,49.0,222.0,67.5,0.4856817780021761
Bolton Clarke Lynbrook Park | RSL Care RDNS Limited,Bolton Clarke Lynbrook Park,RSL Care RDNS Limited,VIC,Not for Profit,Large,4.0,4.0,3.0,3.0,21.0,0.0,19.0,47.0,222.0,69.66666666666667,0.4856321978479534
Estia Health Kilbride | Estia Investments Pty Ltd,Estia Health Kilbride,Estia Investments Pty Ltd,NSW,Private for Profit,Large,4.0,5.0,2.0,5.0,24.0,0.0,0.0,46.0,232.0,51.75,0.485602910087301
Regis Holland Park | CPSM Pty Ltd,Regis Holland Park,CPSM Pty Ltd,QLD,Private for Profit,Medium,4.0,5.0,3.0,3.0,26.0,1.0,11.0,48.0,230.0,58.666666666666664,0.4852374771710722
Indochinese Aged Care Services | Indochinese Aged Care Limited,Indochinese Aged Care Services,Indochinese Aged Care Limited,NSW,Not for Profit,Medium,4.0,5.0,3.0,5.0,35.0,0.0,7.0,47.0,219.0,55.916666666666664,0.4850366190020184
Melrose Lodge | United Protestant Association of NSW Limited,Melrose Lodge,United Protestant Association of NSW Limited,NSW,Not for Profit,Medium,4.0,5.0,5.0,4.0,24.0,0.0,23.0,58.0,238.0,47.333333333333336,0.4845145198219475
Anglicare SQ Edwin Marsden Tooth Memorial Home for Aged | The Corporation of the Synod of the Diocese of Brisbane,Anglicare SQ Edwin Marsden Tooth Memorial Home for Aged,The Corporation of the Synod of the Diocese of Brisbane,QLD,Not for Profit,Medium,4.0,5.0,5.0,3.0,22.0,1.0,17.0,54.0,235.0,57.833333333333336,0.48379234789444636
St Marys Villa Residential Aged Care | Trustees of Catholic Aged Care Sydney,St Marys Villa Residential Aged Care,Trustees of Catholic Aged Care Sydney,NSW,Not for Profit,Medium,4.0,5.0,3.0,5.0,31.0,0.0,15.0,46.0,231.0,54.25,0.4828271668996002
Bupa Mt Sheridan | Bupa Aged Care Australia Pty Ltd,Bupa Mt Sheridan,Bupa Aged Care Australia Pty Ltd,QLD,Private for Profit,Large,4.0,5.0,2.0,4.0,30.0,1.0,32.0,45.0,210.0,78.41666666666667,0.4789617737557212
Carinity Hilltop | The Baptist Union of Queensland,Carinity Hilltop,The Baptist Union of Queensland,QLD,Not for Profit,Medium,4.0,5.0,5.0,5.0,14.0,1.0,0.0,55.0,234.0,50.083333333333336,0.47672250345403766
Berengarra | St Vincent's Hospital (Melbourne) Limited,Berengarra,St Vincent's Hospital (Melbourne) Limited,VIC,Not for Profit,Medium,4.0,5.0,5.0,3.0,17.0,1.0,22.0,95.0,236.0,40.083333333333336,0.47372570956613946
Luson Eden Park | Luson Aged Care Pty Ltd,Luson Eden Park,Luson Aged Care Pty Ltd,VIC,Not for Profit,Medium,4.0,5.0,2.0,4.0,22.0,0.0,11.0,47.0,220.0,55.0,0.4704117780870411
Hill View House - Merrimac | EAST COAST CARE NO.7 PTY LTD,Hill View House - Merrimac,EAST COAST CARE NO.7 PTY LTD,QLD,Private for Profit,Large,4.0,4.0,3.0,5.0,36.0,1.0,1.0,46.0,209.0,70.0,0.46923824924813073
Catholic Healthcare Charles O'Neill Hostel | Catholic Healthcare Limited,Catholic Healthcare Charles O'Neill Hostel,Catholic Healthcare Limited,NSW,Not for Profit,Medium,4.0,5.0,3.0,4.0,8.0,0.0,5.0,43.0,197.0,55.583333333333336,0.4633751827968875
Benetas Corowa Court | Anglican Aged Care Services Group,Benetas Corowa Court,Anglican Aged Care Services Group,VIC,Not for Profit,Large,4.0,5.0,3.0,5.0,30.0,0.0,6.0,45.0,222.0,52.0,0.4622870452755318
Bundaleer Gardens Hostel | APOLLO CARE OPERATIONS PTY LIMITED,Bundaleer Gardens Hostel,APOLLO CARE OPERATIONS PTY LIMITED,NSW,Private for Profit,Medium,3.0,5.0,1.0,3.0,32.0,0.0,22.0,39.0,197.0,69.41666666666667,0.461824957729018
Uniting AgeWell Andrew Kerr Care | Uniting Agewell Limited,Uniting AgeWell Andrew Kerr Care,Uniting Agewell Limited,VIC,Not for Profit,Large,4.0,5.0,3.0,3.0,32.0,0.0,4.0,43.0,209.0,59.833333333333336,0.4610725380237259
Villa Maria Catholic Homes Shanagolden Aged Care Residence | Villa Maria Catholic Homes Limited,Villa Maria Catholic Homes Shanagolden Aged Care Residence,Villa Maria Catholic Homes Limited,VIC,Not for Profit,Medium,4.0,5.0,3.0,3.0,25.0,0.0,4.0,45.0,218.0,79.0,0.45961435018350894
Beresford Hall | Provectus Care Pty Limited,Beresford Hall,Provectus Care Pty Limited,NSW,Private for Profit,Large,4.0,5.0,4.0,3.0,29.0,1.0,18.0,48.0,216.0,73.66666666666667,0.4578713696595085
Palmwoods Care Centre | Sundale Ltd,Palmwoods Care Centre,Sundale Ltd,QLD,Not for Profit,Medium,4.0,5.0,3.0,5.0,29.0,1.0,17.0,47.0,218.0,58.833333333333336,0.45565183410221366
Uniting Bankstown | The Uniting Church in Australia Property Trust (NSW),Uniting Bankstown,The Uniting Church in Australia Property Trust (NSW),NSW,Not for Profit,Medium,4.0,5.0,2.0,3.0,28.0,0.0,8.0,46.0,223.0,62.5,0.4549057405682655
Kensington Grange | Wickro Pty Ltd,Kensington Grange,Wickro Pty Ltd,VIC,Private for Profit,Medium,4.0,5.0,2.0,3.0,29.0,0.0,17.0,54.0,214.0,61.0,0.4548388474467701
Lutheran Services - Immanuel Gardens | LUTHERAN CHURCH OF AUSTRALIA QUEENSLAND DISTRICT,Lutheran Services - Immanuel Gardens,LUTHERAN CHURCH OF AUSTRALIA QUEENSLAND DISTRICT,QLD,Not for Profit,Large,4.0,5.0,2.0,3.0,36.0,0.0,10.0,45.0,208.0,81.41666666666667,0.45455579277149427
St Vincent Care Services Carseldine | St Vincent's Care Services Ltd,St Vincent Care Services Carseldine,St Vincent's Care Services Ltd,QLD,Not for Profit,Large,4.0,4.0,3.0,3.0,29.0,0.0,12.0,47.0,223.0,68.83333333333333,0.4497120289615828
Banksia Lodge | Banksia Villages Ltd,Banksia Lodge,Banksia Villages Ltd,NSW,Not for Profit,Medium,4.0,5.0,3.0,4.0,28.0,0.0,4.0,42.0,197.0,63.833333333333336,0.4491199689532682
James Milson Village North Sydney | North Sydney Retirement Trust,James Milson Village North Sydney,North Sydney Retirement Trust,NSW,Not for Profit,Large,4.0,5.0,3.0,3.0,30.0,1.0,0.0,49.0,226.0,61.25,0.44391721509477927
Warrawee Nursing Home | City of Glen Eira,Warrawee Nursing Home,City of Glen Eira,VIC,Government,Medium,4.0,5.0,4.0,4.0,25.0,1.0,0.0,46.0,210.0,67.83333333333333,0.4414775056726721
Arcare Helensvale | Arcare Pty Ltd,Arcare Helensvale,Arcare Pty Ltd,QLD,Private for Profit,Medium,4.0,5.0,3.0,5.0,28.0,0.0,3.0,47.0,229.0,62.583333333333336,0.4394851766286832
Harbison Burradoo | Harbison Memorial Retirement Village,Harbison Burradoo,Harbison Memorial Retirement Village,NSW,Not for Profit,Medium,4.0,5.0,4.0,4.0,38.0,0.0,0.0,45.0,242.0,52.0,0.43927462236910925
Rubicon Grove | OneCare Limited,Rubicon Grove,OneCare Limited,TAS,Not for Profit,Medium,4.0,5.0,2.0,4.0,29.0,1.0,5.0,43.0,208.0,75.08333333333333,0.43909923686174346
Carino Care at Oatley | Carino Care Pty Ltd,Carino Care at Oatley,Carino Care Pty Ltd,NSW,Private for Profit,Medium,4.0,5.0,4.0,5.0,26.0,1.0,3.0,48.0,231.0,42.833333333333336,0.43877583993853353
McNamara Lodge | Air Force Association WA Limited,McNamara Lodge,Air Force Association WA Limited,WA,Not for Profit,Medium,5.0,5.0,5.0,4.0,33.0,0.0,8.0,52.0,236.0,57.416666666666664,0.4386821762270921
Haddington Nursing Home | APOLLO CARE OPERATIONS PTY LIMITED,Haddington Nursing Home,APOLLO CARE OPERATIONS PTY LIMITED,NSW,Private for Profit,Medium,4.0,4.0,4.0,4.0,28.0,1.0,0.0,57.0,217.0,55.583333333333336,0.435624967218463
Maroba Nursing Home | Maroba,Maroba Nursing Home,Maroba,NSW,Not for Profit,Large,4.0,4.0,4.0,4.0,35.0,0.0,11.0,50.0,227.0,59.5,0.43523998719852725
BaptistCare The Gracewood Centre | BaptistCare,BaptistCare The Gracewood Centre,BaptistCare,NSW,Not for Profit,Large,4.0,5.0,2.0,3.0,19.0,0.0,24.0,44.0,228.0,75.58333333333333,0.4350074247375215
Scalabrini Village Nursing Home (Austral) | Scalabrini Village Ltd,Scalabrini Village Nursing Home (Austral),Scalabrini Village Ltd,NSW,Not for Profit,Large,3.0,4.0,2.0,5.0,35.0,0.0,2.0,45.0,224.0,48.833333333333336,0.43446207044490515
Wahroonga House | Thompson Health Care Pty Ltd,Wahroonga House,Thompson Health Care Pty Ltd,NSW,Private for Profit,Large,4.0,5.0,3.0,4.0,10.0,0.0,72.0,45.0,217.0,67.66666666666667,0.4327870761021106
Kirkbrae Kilsyth Nursing Home | Presbyterian Care Victoria Ltd,Kirkbrae Kilsyth Nursing Home,Presbyterian Care Victoria Ltd,VIC,Not for Profit,Medium,4.0,4.0,3.0,5.0,28.0,1.0,0.0,43.0,202.0,48.75,0.4304387888066392
Regents Garden Aubin Grove | Regents Garden Group Pty Ltd,Regents Garden Aubin Grove,Regents Garden Group Pty Ltd,WA,Private for Profit,Large,4.0,5.0,3.0,3.0,32.0,0.0,9.0,46.0,237.0,62.916666666666664,0.42994500939608926
Bolton Clarke Galleon Gardens | RSL Care RDNS Limited,Bolton Clarke Galleon Gardens,RSL Care RDNS Limited,QLD,Not for Profit,Large,4.0,5.0,3.0,3.0,29.0,0.0,31.0,47.0,225.0,74.75,0.42931091374764185
Anglicare Porter Lodge | Anglican Community Services,Anglicare Porter Lodge,Anglican Community Services,NSW,Not for Profit,Medium,4.0,5.0,3.0,5.0,28.0,0.0,5.0,46.0,224.0,50.0,0.4280155966527601
Nazareth House Geraldton | Nazareth Care,Nazareth House Geraldton,Nazareth Care,WA,Not for Profit,Large,4.0,5.0,2.0,4.0,28.0,1.0,14.0,53.0,219.0,48.166666666666664,0.4260413763405173
Kabara Aged Care | NoosaCare Inc,Kabara Aged Care,NoosaCare Inc,QLD,Not for Profit,Medium,4.0,5.0,4.0,3.0,29.0,0.0,1.0,49.0,222.0,71.0,0.4251872712495024
Narangba Aged Care | Tingari Group Pty Ltd,Narangba Aged Care,Tingari Group Pty Ltd,QLD,Private for Profit,Medium,4.0,5.0,2.0,4.0,27.0,0.0,20.0,46.0,192.0,51.75,0.42428981542350613
Uniting Mirinjani Weston ACT | The Uniting Church in Australia Property Trust (NSW) -- Site 2,Uniting Mirinjani Weston ACT,The Uniting Church in Australia Property Trust (NSW),ACT,Not for Profit,Large,4.0,5.0,5.0,3.0,22.0,0.0,39.0,46.0,243.0,66.16666666666667,0.4239188035414413
Anglicare Brian King Gardens | Anglican Community Services,Anglicare Brian King Gardens,Anglican Community Services,NSW,Not for Profit,Large,4.0,4.0,3.0,3.0,34.0,0.0,10.0,46.0,223.0,76.33333333333333,0.4231809989137592
Bupa Kempsey | Bupa Aged Care Australia Pty Ltd,Bupa Kempsey,Bupa Aged Care Australia Pty Ltd,NSW,Private for Profit,Medium,4.0,5.0,4.0,3.0,24.0,0.0,49.0,48.0,215.0,69.83333333333333,0.41978970666535165
The Manor Nursing Home | OneCare Limited,The Manor Nursing Home,OneCare Limited,TAS,Not for Profit,Medium,3.0,5.0,1.0,3.0,34.0,0.0,5.0,42.0,212.0,73.5,0.4196582951175919
Estia Health Dalmeny | Estia Investments Pty Ltd,Estia Health Dalmeny,Estia Investments Pty Ltd,NSW,Private for Profit,Large,4.0,5.0,2.0,3.0,36.0,1.0,5.0,44.0,207.0,79.0,0.4187579696004827
Bolton Clarke Willowdale | RSL Care RDNS Limited,Bolton Clarke Willowdale,RSL Care RDNS Limited,NSW,Not for Profit,Large,4.0,4.0,3.0,3.0,32.0,0.0,0.0,45.0,225.0,79.5,0.41624233157912915
Hellenic Community Aged Care | HELLENIC COMMUNITY BENEVOLENT ASSOC INC,Hellenic Community Aged Care,HELLENIC COMMUNITY BENEVOLENT ASSOC INC,WA,Not for Profit,Medium,4.0,5.0,3.0,4.0,25.0,0.0,2.0,48.0,225.0,55.166666666666664,0.4136906957659785
Anglican Care Kilpatrick Court | Anglican Care,Anglican Care Kilpatrick Court,Anglican Care,NSW,Not for Profit,Large,3.0,4.0,2.0,3.0,30.0,0.0,19.0,43.0,221.0,73.83333333333333,0.4125716402663646
BaptistCare Warena Centre | BaptistCare,BaptistCare Warena Centre,BaptistCare,NSW,Not for Profit,Large,4.0,5.0,2.0,3.0,29.0,0.0,25.0,43.0,221.0,65.25,0.41058945200062147
Uniting Nunyara Peakhurst | The Uniting Church in Australia Property Trust (NSW),Uniting Nunyara Peakhurst,The Uniting Church in Australia Property Trust (NSW),NSW,Not for Profit,Medium,4.0,5.0,3.0,3.0,26.0,0.0,22.0,45.0,220.0,67.25,0.41042465359095587
Anglican Care Jesmond Grove | Anglican Care,Anglican Care Jesmond Grove,Anglican Care,NSW,Not for Profit,Medium,4.0,5.0,3.0,3.0,29.0,1.0,43.0,47.0,229.0,64.08333333333333,0.4099599760927086
mecwacare Malvern Centre | MECWA Limited,mecwacare Malvern Centre,MECWA Limited,VIC,Not for Profit,Medium,4.0,5.0,3.0,5.0,27.0,0.0,0.0,44.0,213.0,34.25,0.4084217759918831
Bupa Woodend | Bupa Aged Care Australia Pty Ltd,Bupa Woodend,Bupa Aged Care Australia Pty Ltd,VIC,Private for Profit,Medium,4.0,5.0,3.0,5.0,30.0,0.0,11.0,44.0,218.0,55.0,0.4084180446312158
Mount Esk Aged Care | Southern Cross Care (Tas) Inc,Mount Esk Aged Care,Southern Cross Care (Tas) Inc,TAS,Not for Profit,Medium,4.0,5.0,5.0,4.0,27.0,0.0,7.0,50.0,236.0,54.583333333333336,0.40824556661802225
Chirnside Views | Norsan Pty Ltd,Chirnside Views,Norsan Pty Ltd,VIC,Private for Profit,Large,4.0,5.0,5.0,5.0,26.0,1.0,0.0,60.0,225.0,55.916666666666664,0.4038847187833444
Pembroke Lodge | The Sisters of Our Lady of China Health Care Pty Ltd,Pembroke Lodge,The Sisters of Our Lady of China Health Care Pty Ltd,NSW,Private for Profit,Large,4.0,5.0,3.0,4.0,25.0,0.0,12.0,46.0,229.0,65.58333333333333,0.4033426705949301
Fairview Inc | Fairview Village Limited,Fairview Inc,Fairview Village Limited,VIC,Not for Profit,Medium,4.0,5.0,3.0,4.0,34.0,0.0,9.0,44.0,199.0,69.08333333333333,0.39884848002843365
Anglicare SQ St Martin's Nursing Home | The Corporation of the Synod of the Diocese of Brisbane,Anglicare SQ St Martin's Nursing Home,The Corporation of the Synod of the Diocese of Brisbane,QLD,Not for Profit,Medium,4.0,5.0,5.0,2.0,35.0,0.0,22.0,64.0,256.0,67.16666666666667,0.39869615555883553
Beauaraba Lodge | Beauaraba Living Pittsworth Ltd,Beauaraba Lodge,Beauaraba Living Pittsworth Ltd,QLD,Not for Profit,Large,5.0,5.0,5.0,4.0,25.0,1.0,18.0,52.0,229.0,66.0,0.39816706121044787
Luson The Vue | Luson Aged Care Pty Ltd,Luson The Vue,Luson Aged Care Pty Ltd,VIC,Not for Profit,Large,4.0,5.0,3.0,5.0,28.0,0.0,13.0,46.0,221.0,55.75,0.39761296837627746
SummitCare Randwick | Frenchmans Lodge Nursing Home Pty Limited,SummitCare Randwick,Frenchmans Lodge Nursing Home Pty Limited,NSW,Private for Profit,Medium,4.0,5.0,3.0,4.0,31.0,0.0,0.0,47.0,229.0,45.083333333333336,0.3972608018032689
Leigh Place | Leigh Place Aged Care,Leigh Place,Leigh Place Aged Care,NSW,Not for Profit,Medium,4.0,5.0,3.0,4.0,29.0,0.0,12.0,42.0,217.0,61.416666666666664,0.39660033250324916
St Vincent's Care Services Heathcote | St Vincent's Care Services Ltd,St Vincent's Care Services Heathcote,St Vincent's Care Services Ltd,NSW,Not for Profit,Large,4.0,5.0,5.0,3.0,35.0,0.0,21.0,50.0,232.0,65.0,0.3955509050737456
The Oaks Nursing Home-Gisborne | Anglican Aged Care Services Group,The Oaks Nursing Home-Gisborne,Anglican Aged Care Services Group,VIC,Not for Profit,Medium,4.0,5.0,5.0,3.0,24.0,1.0,12.0,51.0,241.0,63.666666666666664,0.394372986697641
Pyramid Residential Care Centre | Pyramid Residential Care Centre,Pyramid Residential Care Centre,Pyramid Residential Care Centre,QLD,Not for Profit,Medium,4.0,5.0,3.0,3.0,32.0,0.0,18.0,46.0,210.0,70.83333333333333,0.39249103353195336
Estia Health Bankstown | Estia Investments Pty Ltd,Estia Health Bankstown,Estia Investments Pty Ltd,NSW,Private for Profit,Large,3.0,4.0,3.0,3.0,27.0,0.0,9.0,45.0,228.0,51.416666666666664,0.392287325663464
St Vincent's Care Services Bronte | St Vincent's Care Services Ltd,St Vincent's Care Services Bronte,St Vincent's Care Services Ltd,NSW,Not for Profit,Large,4.0,5.0,5.0,4.0,30.0,0.0,18.0,51.0,234.0,48.416666666666664,0.3891390708759771
Uniting Annesley Haberfield | The Uniting Church in Australia Property Trust (NSW),Uniting Annesley Haberfield,The Uniting Church in Australia Property Trust (NSW),NSW,Not for Profit,Medium,4.0,5.0,3.0,4.0,17.0,0.0,0.0,41.0,197.0,43.083333333333336,0.3888108078165876
Weary Dunlop Retirement Village | Ryman Aged Care (Australia) Pty Ltd,Weary Dunlop Retirement Village,Ryman Aged Care (Australia) Pty Ltd,VIC,Private for Profit,Medium,4.0,5.0,3.0,3.0,13.0,0.0,16.0,48.0,225.0,40.5,0.3884156398100852
Bupa Willoughby | Bupa Aged Care Australia Pty Ltd,Bupa Willoughby,Bupa Aged Care Australia Pty Ltd,NSW,Private for Profit,Medium,4.0,5.0,1.0,4.0,29.0,0.0,9.0,37.0,200.0,71.16666666666667,0.3865724202677051
Resthaven Port Elliot | Resthaven Inc,Resthaven Port Elliot,Resthaven Inc,SA,Not for Profit,Medium,4.0,5.0,3.0,4.0,33.0,0.0,15.0,43.0,207.0,60.166666666666664,0.38422329626141033
Uniting Tumut | The Uniting Church in Australia Property Trust (NSW),Uniting Tumut,The Uniting Church in Australia Property Trust (NSW),NSW,Not for Profit,Medium,4.0,5.0,5.0,3.0,36.0,1.0,23.0,53.0,224.0,70.16666666666667,0.3829474034739311
Umina Park Home For The Aged | OneCare Limited,Umina Park Home For The Aged,OneCare Limited,TAS,Not for Profit,Large,5.0,5.0,5.0,4.0,32.0,1.0,9.0,50.0,232.0,59.666666666666664,0.37978904735120034
Estia Health Robina | Estia Investments Pty Ltd,Estia Health Robina,Estia Investments Pty Ltd,QLD,Private for Profit,Large,4.0,4.0,3.0,3.0,30.0,0.0,14.0,45.0,226.0,69.16666666666667,0.3779033052952716
Arcare Eight Mile Plains | K & M Healthcare Pty Ltd,Arcare Eight Mile Plains,K & M Healthcare Pty Ltd,QLD,Private for Profit,Large,4.0,5.0,3.0,3.0,35.0,0.0,23.0,45.0,223.0,59.166666666666664,0.3770478961167848
BaptistCare Cooinda Court | BaptistCare,BaptistCare Cooinda Court,BaptistCare,NSW,Not for Profit,Medium,4.0,5.0,3.0,4.0,28.0,0.0,16.0,46.0,224.0,64.83333333333333,0.3767754919729975
Trinity Manor | Trinity Care Pty Ltd,Trinity Manor,Trinity Care Pty Ltd,VIC,Private for Profit,Medium,4.0,5.0,4.0,3.0,40.0,1.0,22.0,53.0,215.0,44.75,0.37516478104008705
Arcare Springwood | Arcare Pty Ltd,Arcare Springwood,Arcare Pty Ltd,QLD,Private for Profit,Large,4.0,5.0,4.0,3.0,26.0,1.0,14.0,47.0,233.0,72.91666666666667,0.37454208473445655
Villa Maria Catholic Homes Bundoora Aged Care Residence | Villa Maria Catholic Homes Limited,Villa Maria Catholic Homes Bundoora Aged Care Residence,Villa Maria Catholic Homes Limited,VIC,Not for Profit,Medium,4.0,5.0,3.0,4.0,26.0,0.0,12.0,44.0,215.0,47.333333333333336,0.36775023088846354
AnglicareSA Elizabeth - Dutton Court | ANGLICARE SA LTD.,AnglicareSA Elizabeth - Dutton Court,ANGLICARE SA LTD.,SA,Not for Profit,Medium,4.0,5.0,4.0,3.0,20.0,0.0,19.0,48.0,221.0,58.416666666666664,0.3674778233373045
Benetas Dalkeith Gardens | Anglican Aged Care Services Group,Benetas Dalkeith Gardens,Anglican Aged Care Services Group,VIC,Not for Profit,Medium,4.0,5.0,2.0,2.0,34.0,0.0,28.0,43.0,203.0,76.83333333333333,0.36656492851975847
Uniting Aldersgate Lilyfield | The Uniting Church in Australia Property Trust (NSW),Uniting Aldersgate Lilyfield,The Uniting Church in Australia Property Trust (NSW),NSW,Not for Profit,Medium,4.0,5.0,3.0,3.0,27.0,0.0,23.0,46.0,236.0,60.5,0.36537374392245175
Uniting The Marion Leichhardt | The Uniting Church in Australia Property Trust (NSW),Uniting The Marion Leichhardt,The Uniting Church in Australia Property Trust (NSW),NSW,Not for Profit,Large,4.0,5.0,3.0,4.0,24.0,0.0,12.0,46.0,228.0,42.666666666666664,0.36530272257929364
St Vincent's Care Services Auburn | St Vincent's Care Services Ltd,St Vincent's Care Services Auburn,St Vincent's Care Services Ltd,NSW,Not for Profit,Medium,4.0,5.0,5.0,3.0,28.0,1.0,20.0,54.0,246.0,69.25,0.3640284959168262
St Vincent's Care Corinda | St Vincent's Care Services Ltd,St Vincent's Care Corinda,St Vincent's Care Services Ltd,QLD,Not for Profit,Medium,4.0,5.0,5.0,3.0,41.0,0.0,18.0,48.0,226.0,69.33333333333333,0.36268967018373577
Warrina Vales Residential Aged Care | Warrina Homes Inc,Warrina Vales Residential Aged Care,Warrina Homes Inc,SA,Not for Profit,Large,4.0,4.0,5.0,3.0,30.0,0.0,10.0,53.0,245.0,45.833333333333336,0.3611550897946078
Baptcare Brookview Community | Baptcare Ltd,Baptcare Brookview Community,Baptcare Ltd,VIC,Not for Profit,Medium,4.0,5.0,3.0,4.0,35.0,0.0,1.0,45.0,224.0,42.166666666666664,0.359422669793821
Chamberlain Gardens Aged Care | IC (WYOMING) PTY LTD,Chamberlain Gardens Aged Care,IC (WYOMING) PTY LTD,NSW,Private for Profit,Large,4.0,5.0,2.0,3.0,29.0,0.0,22.0,41.0,223.0,61.666666666666664,0.3593807147395889
Glaica House | Great Lakes Aged & Invalid Care Association Ltd,Glaica House,Great Lakes Aged & Invalid Care Association Ltd,NSW,Not for Profit,Large,4.0,5.0,2.0,4.0,30.0,0.0,11.0,40.0,231.0,64.0,0.3593249560183097
Churches of Christ Brig-o-doon Aged Care Service | Churches of Christ in Queensland,Churches of Christ Brig-o-doon Aged Care Service,Churches of Christ in Queensland,QLD,Not for Profit,Medium,4.0,5.0,4.0,3.0,30.0,0.0,24.0,48.0,216.0,66.75,0.35583971462423425
Estia Health Mudgeeraba | Estia Investments Pty Ltd,Estia Health Mudgeeraba,Estia Investments Pty Ltd,QLD,Private for Profit,Large,4.0,5.0,2.0,3.0,37.0,0.0,7.0,45.0,212.0,71.16666666666667,0.3550963295738872
Shepparton Aged Care | Menarock Aged Care Services (Victoria) Pty Ltd,Shepparton Aged Care,Menarock Aged Care Services (Victoria) Pty Ltd,VIC,Private for Profit,Medium,3.0,4.0,2.0,5.0,24.0,0.0,3.0,44.0,210.0,30.5,0.3526546328394194
Glenview Community Services Inc. | Glenview Community Services Inc,Glenview Community Services Inc.,Glenview Community Services Inc,TAS,Not for Profit,Medium,4.0,5.0,5.0,3.0,43.0,1.0,14.0,71.0,268.0,59.916666666666664,0.35057130153940724
Sacred Heart Community | Sacred Heart Mission Inc,Sacred Heart Community,Sacred Heart Mission Inc,VIC,Not for Profit,Medium,4.0,5.0,5.0,4.0,25.0,0.0,13.0,47.0,221.0,33.75,0.34871662822783556
Greenhill Manor | Greenhill Manor Pty Limited,Greenhill Manor,Greenhill Manor Pty Limited,NSW,Private for Profit,Medium,4.0,5.0,3.0,3.0,30.0,0.0,22.0,47.0,212.0,64.75,0.3452693820290326
Bolton Clarke Cabrini | RSL Care RDNS Limited,Bolton Clarke Cabrini,RSL Care RDNS Limited,NSW,Not for Profit,Large,4.0,5.0,3.0,3.0,19.0,1.0,15.0,47.0,235.0,65.5,0.3440125633699577
Arcare Ringwood | Arcare Pty Ltd,Arcare Ringwood,Arcare Pty Ltd,VIC,Private for Profit,Large,4.0,4.0,4.0,4.0,27.0,1.0,10.0,45.0,211.0,62.0,0.34326759342598073
Bolton Clarke Moreton Shores | RSL Care RDNS Limited,Bolton Clarke Moreton Shores,RSL Care RDNS Limited,QLD,Not for Profit,Large,4.0,5.0,5.0,3.0,33.0,0.0,11.0,52.0,224.0,53.25,0.3431607898517437
Sunset Views Manor | Wickro Pty Ltd,Sunset Views Manor,Wickro Pty Ltd,VIC,Private for Profit,Large,4.0,5.0,2.0,3.0,25.0,0.0,16.0,49.0,219.0,67.0,0.34162573443140365
Sir Leslie Morshead Manor | Morshead Home For Veterans and Other Aged Persons Limited,Sir Leslie Morshead Manor,Morshead Home For Veterans and Other Aged Persons Limited,ACT,Not for Profit,Medium,4.0,5.0,4.0,4.0,27.0,0.0,19.0,54.0,221.0,48.333333333333336,0.340759522302013
Kanandah Hostel | Kanandah Retirement Ltd,Kanandah Hostel,Kanandah Retirement Ltd,NSW,Not for Profit,Medium,4.0,5.0,3.0,3.0,17.0,1.0,35.0,46.0,214.0,76.83333333333333,0.3405061915442599
Bolton Clarke Walkerville | RSL Care RDNS Limited,Bolton Clarke Walkerville,RSL Care RDNS Limited,SA,Not for Profit,Large,3.0,4.0,3.0,4.0,30.0,0.0,4.0,47.0,235.0,48.75,0.340034453834775
Bene St Pauls | Italian Benevolent Foundation SA Inc,Bene St Pauls,Italian Benevolent Foundation SA Inc,SA,Not for Profit,Medium,4.0,5.0,4.0,3.0,32.0,0.0,24.0,51.0,217.0,52.166666666666664,0.3390729753390389
Catholic Healthcare St Peter's Lane Cove North | Catholic Healthcare Limited,Catholic Healthcare St Peter's Lane Cove North,Catholic Healthcare Limited,NSW,Not for Profit,Medium,4.0,5.0,3.0,4.0,22.0,0.0,40.0,44.0,215.0,65.0,0.33875147179382253
Regis Salisbury | Regis Group Pty Ltd,Regis Salisbury,Regis Group Pty Ltd,QLD,Private for Profit,Large,3.0,5.0,2.0,3.0,18.0,0.0,20.0,46.0,224.0,50.583333333333336,0.3373488457771911
Anglicare Marcus Loane House | Anglican Community Services,Anglicare Marcus Loane House,Anglican Community Services,NSW,Not for Profit,Large,4.0,5.0,3.0,3.0,27.0,0.0,35.0,45.0,220.0,62.166666666666664,0.33647325596756494
Nazareth House Tamworth | Nazareth Care,Nazareth House Tamworth,Nazareth Care,NSW,Not for Profit,Medium,4.0,5.0,1.0,4.0,28.0,1.0,7.0,42.0,221.0,63.75,0.33556991699378846
Village Baxter - Manor | Baptist Village Baxter Ltd,Village Baxter - Manor,Baptist Village Baxter Ltd,VIC,Not for Profit,Medium,5.0,5.0,5.0,5.0,28.0,1.0,0.0,47.0,221.0,69.0,0.33520708131830984
Regis Chelmer | Regis Aged Care Pty Ltd,Regis Chelmer,Regis Aged Care Pty Ltd,QLD,Private for Profit,Large,4.0,5.0,3.0,3.0,31.0,0.0,18.0,44.0,216.0,55.583333333333336,0.33434462597883885
Woodlands Lodge | United Protestant Association of NSW Limited,Woodlands Lodge,United Protestant Association of NSW Limited,NSW,Not for Profit,Medium,4.0,5.0,5.0,3.0,34.0,1.0,16.0,57.0,259.0,68.58333333333333,0.3342509320968026
Bill McKenzie Gardens | RSL LifeCare Limited,Bill McKenzie Gardens,RSL LifeCare Limited,ACT,Not for Profit,Large,4.0,5.0,2.0,4.0,29.0,1.0,18.0,44.0,216.0,67.5,0.3336025404210215
Crowley Retirement Village | The Trustees of the Roman Catholic Church for the Diocese of Lismore -- Site 1,Crowley Retirement Village,The Trustees of the Roman Catholic Church for the Diocese of Lismore,NSW,Not for Profit,Medium,3.0,5.0,1.0,3.0,20.0,0.0,14.0,36.0,200.0,78.66666666666667,0.33175441213357293
Bolton Clarke Milford Grange | RSL Care RDNS Limited,Bolton Clarke Milford Grange,RSL Care RDNS Limited,QLD,Not for Profit,Medium,4.0,5.0,3.0,3.0,28.0,0.0,14.0,48.0,226.0,70.91666666666667,0.3316956720927543
Southern Cross Care North Turramurra Residential Aged Care | Southern Cross Care (NSW & ACT) Limited,Southern Cross Care North Turramurra Residential Aged Care,Southern Cross Care (NSW & ACT) Limited,NSW,Not for Profit,Large,4.0,5.0,4.0,3.0,38.0,1.0,16.0,49.0,218.0,79.91666666666667,0.3311207561361453
Lara Aged Care | RSL LifeCare Limited,Lara Aged Care,RSL LifeCare Limited,NSW,Not for Profit,Medium,4.0,5.0,5.0,3.0,29.0,1.0,22.0,61.0,244.0,57.666666666666664,0.3307645598065162
BSL Aged Care - Clifton Hill | Brotherhood of St Laurence,BSL Aged Care - Clifton Hill,Brotherhood of St Laurence,VIC,Not for Profit,Large,4.0,5.0,5.0,2.0,33.0,0.0,3.0,58.0,264.0,55.25,0.33072409585837986
Francis Of Assisi Home | The Corporation of the Franciscan Sisters of the Heart of Jesus (QLD),Francis Of Assisi Home,The Corporation of the Franciscan Sisters of the Heart of Jesus (QLD),QLD,Not for Profit,Large,4.0,5.0,1.0,5.0,37.0,0.0,12.0,35.0,184.0,82.91666666666667,0.3298082843054223
Clarinda on the Park | Anglican Aged Care Services Group,Clarinda on the Park,Anglican Aged Care Services Group,VIC,Not for Profit,Medium,4.0,5.0,5.0,4.0,27.0,0.0,12.0,51.0,243.0,49.916666666666664,0.32736305755961603
Buckland | The Buckland Convalescent Hospital,Buckland,The Buckland Convalescent Hospital,NSW,Not for Profit,Large,4.0,5.0,4.0,3.0,35.0,0.0,3.0,50.0,221.0,59.75,0.32623626008952883
Our Lady Of Consolation Nursing Home | Our Lady of Consolation Aged Care & Services Limited,Our Lady Of Consolation Nursing Home,Our Lady of Consolation Aged Care & Services Limited,NSW,Not for Profit,Large,4.0,5.0,3.0,3.0,26.0,0.0,20.0,46.0,231.0,69.58333333333333,0.3260664444893009
Edge Hill Orchards | IC (Edge Hill) Pty Ltd,Edge Hill Orchards,IC (Edge Hill) Pty Ltd,QLD,Private for Profit,Large,4.0,5.0,3.0,3.0,30.0,0.0,13.0,44.0,213.0,52.25,0.3254615993786073
Uniting AgeWell Strathaven | Uniting Agewell Limited,Uniting AgeWell Strathaven,Uniting Agewell Limited,TAS,Not for Profit,Large,4.0,5.0,3.0,4.0,29.0,1.0,2.0,43.0,212.0,74.5,0.32503789896947743
Camberwell Gardens | Menarock Aged Care Services (Victoria) Pty Ltd,Camberwell Gardens,Menarock Aged Care Services (Victoria) Pty Ltd,VIC,Private for Profit,Medium,4.0,5.0,4.0,4.0,38.0,0.0,3.0,49.0,220.0,46.583333333333336,0.3240905795288309
Southern Cross Care Thornton Park | Southern Cross Care (NSW & ACT) Limited,Southern Cross Care Thornton Park,Southern Cross Care (NSW & ACT) Limited,NSW,Not for Profit,Medium,4.0,5.0,3.0,3.0,24.0,0.0,30.0,48.0,228.0,54.75,0.32295283898196736
Arcare Malvern East | Arcare Pty Ltd,Arcare Malvern East,Arcare Pty Ltd,VIC,Private for Profit,Medium,4.0,5.0,3.0,3.0,25.0,1.0,19.0,45.0,225.0,64.33333333333333,0.3228759981618396
Meercroft Care | Meercroft Care Inc,Meercroft Care,Meercroft Care Inc,TAS,Not for Profit,Large,4.0,4.0,5.0,3.0,31.0,1.0,22.0,54.0,277.0,61.666666666666664,0.32226738772532965
Regis Redlynch | Regis Aged Care Pty Ltd,Regis Redlynch,Regis Aged Care Pty Ltd,QLD,Private for Profit,Large,4.0,5.0,3.0,3.0,31.0,1.0,15.0,46.0,223.0,68.66666666666667,0.3213493937780517
Arcare Castlemaine | Arcare Pty Ltd,Arcare Castlemaine,Arcare Pty Ltd,VIC,Private for Profit,Medium,4.0,5.0,3.0,3.0,26.0,0.0,13.0,45.0,221.0,78.33333333333333,0.32126846124577774
Proserpine Nursing Home | Proserpine Nursing Home Inc,Proserpine Nursing Home,Proserpine Nursing Home Inc,QLD,Not for Profit,Medium,4.0,5.0,5.0,3.0,26.0,1.0,19.0,53.0,254.0,60.916666666666664,0.32123552985309783
Peninsula Aged Care Service | Beaumont Care (Holdings) Pty Ltd,Peninsula Aged Care Service,Beaumont Care (Holdings) Pty Ltd,QLD,Private for Profit,Medium,3.0,4.0,2.0,3.0,4.0,0.0,37.0,42.0,174.0,45.416666666666664,0.3208762521548298
Markmoran at Vaucluse | Mark Moran Group Pty Limited,Markmoran at Vaucluse,Mark Moran Group Pty Limited,NSW,Private for Profit,Medium,5.0,5.0,5.0,3.0,31.0,0.0,8.0,45.0,229.0,79.75,0.3193612220285317
Residency by Dillons Tin Can Bay | Jacqueline Elizabeth Dillon Business Pty Ltd,Residency by Dillons Tin Can Bay,Jacqueline Elizabeth Dillon Business Pty Ltd,QLD,Private for Profit,Medium,5.0,5.0,5.0,4.0,32.0,0.0,3.0,45.0,217.0,57.083333333333336,0.3191985860482671
Elizabeth Lodge Hostel | Seventh-day Adventist Aged Care (Greater Sydney) Ltd,Elizabeth Lodge Hostel,Seventh-day Adventist Aged Care (Greater Sydney) Ltd,NSW,Private for Profit,Medium,4.0,4.0,3.0,3.0,30.0,1.0,23.0,48.0,224.0,65.16666666666667,0.31820390271065474
Anglicare Roden Cutler Lodge | Anglican Community Services,Anglicare Roden Cutler Lodge,Anglican Community Services,NSW,Not for Profit,Large,4.0,5.0,3.0,4.0,31.0,1.0,3.0,43.0,205.0,75.41666666666667,0.3179901113632428
Terrace Gardens | Australian Regional and Remote Community Services Limited,Terrace Gardens,Australian Regional and Remote Community Services Limited,NT,Not for Profit,Medium,4.0,5.0,5.0,2.0,29.0,0.0,29.0,66.0,278.0,43.75,0.31657608302296547
Racecourse Grange Residential Care | Australian Unity Care Services Pty Ltd,Racecourse Grange Residential Care,Australian Unity Care Services Pty Ltd,VIC,Private for Profit,Large,4.0,5.0,2.0,4.0,26.0,1.0,0.0,43.0,195.0,57.0,0.31553977567116354
Akooramak Care of Older Persons | Warwick Benevolent Society Inc,Akooramak Care of Older Persons,Warwick Benevolent Society Inc,QLD,Not for Profit,Medium,3.0,4.0,2.0,3.0,25.0,0.0,39.0,45.0,203.0,67.16666666666667,0.31524691757084
Illoura - Residential Aged Care | Northeast Health Wangaratta,Illoura - Residential Aged Care,Northeast Health Wangaratta,VIC,Government,Medium,4.0,5.0,4.0,2.0,38.0,0.0,29.0,59.0,224.0,68.41666666666667,0.31088771765650747
Corumbene Hostel | Corumbene Nursing Home for the Aged Inc,Corumbene Hostel,Corumbene Nursing Home for the Aged Inc,TAS,Not for Profit,Medium,4.0,5.0,1.0,5.0,28.0,1.0,11.0,40.0,208.0,56.916666666666664,0.31084172925058373
Mercy Community Services - Emmaus | Mercy Community Services SEQ Limited,Mercy Community Services - Emmaus,Mercy Community Services SEQ Limited,QLD,Not for Profit,Large,3.0,5.0,2.0,3.0,28.0,0.0,14.0,47.0,215.0,49.583333333333336,0.3106133263379159
Belmont Grange | Wickro Pty Ltd,Belmont Grange,Wickro Pty Ltd,VIC,Private for Profit,Medium,4.0,5.0,4.0,3.0,28.0,0.0,6.0,48.0,213.0,56.583333333333336,0.31058038411946853
Bolton Clarke Cazna Gardens | RSL Care RDNS Limited,Bolton Clarke Cazna Gardens,RSL Care RDNS Limited,QLD,Not for Profit,Large,4.0,5.0,4.0,4.0,23.0,0.0,13.0,50.0,222.0,50.666666666666664,0.30977532501640703
Warrigal Care Goulburn | Warrigal Care Limited,Warrigal Care Goulburn,Warrigal Care Limited,NSW,Not for Profit,Large,4.0,5.0,4.0,3.0,31.0,2.0,15.0,44.0,237.0,69.33333333333333,0.30973740221353835
Eldercare Acacia Court | Eldercare Australia Ltd,Eldercare Acacia Court,Eldercare Australia Ltd,SA,Not for Profit,Medium,4.0,5.0,3.0,3.0,33.0,0.0,25.0,47.0,226.0,51.916666666666664,0.3088339085748937
Southern Cross Care Edens Landing - Connolly Court | Southern Cross Care (QLD) Ltd,Southern Cross Care Edens Landing - Connolly Court,Southern Cross Care (QLD) Ltd,QLD,Not for Profit,Medium,4.0,5.0,2.0,3.0,33.0,0.0,19.0,52.0,216.0,50.666666666666664,0.3063270844264211
Estia Health Maroochydore | Estia Investments Pty Ltd,Estia Health Maroochydore,Estia Investments Pty Ltd,QLD,Private for Profit,Large,4.0,5.0,4.0,3.0,34.0,0.0,14.0,49.0,208.0,58.0,0.30619477559251557
Catholic Healthcare Maranatha Lodge | Catholic Healthcare Limited,Catholic Healthcare Maranatha Lodge,Catholic Healthcare Limited,NSW,Not for Profit,Medium,4.0,5.0,4.0,3.0,41.0,0.0,19.0,46.0,202.0,83.25,0.3053375889656963
Uniting Koombahla Elermore Vale | The Uniting Church in Australia Property Trust (NSW),Uniting Koombahla Elermore Vale,The Uniting Church in Australia Property Trust (NSW),NSW,Not for Profit,Large,4.0,5.0,3.0,3.0,26.0,0.0,14.0,45.0,224.0,68.5,0.30529063399327605
Regis Tasmania - Legana | Regis Aged Care Pty Ltd,Regis Tasmania - Legana,Regis Aged Care Pty Ltd,TAS,Private for Profit,Large,4.0,5.0,2.0,3.0,35.0,0.0,27.0,44.0,215.0,75.83333333333333,0.3052867589526982
SummitCare Penrith | ST. MARYS GARDENS AGED CARE CENTRE PTY LIMITED,SummitCare Penrith,ST. MARYS GARDENS AGED CARE CENTRE PTY LIMITED,NSW,Private for Profit,Medium,4.0,5.0,3.0,4.0,19.0,0.0,25.0,47.0,220.0,38.833333333333336,0.30503174917787523
Amaroo Aged Care Facility | Hunter Valley Care Pty Ltd,Amaroo Aged Care Facility,Hunter Valley Care Pty Ltd,NSW,Private for Profit,Medium,4.0,5.0,2.0,3.0,33.0,0.0,24.0,35.0,227.0,86.58333333333333,0.30355850836132964
Derwent Views | Respect Group Limited,Derwent Views,Respect Group Limited,TAS,Not for Profit,Large,3.0,4.0,2.0,5.0,22.0,0.0,13.0,36.0,215.0,56.75,0.3035081145625108
Alkira Lodge | Bushland Health Group Limited,Alkira Lodge,Bushland Health Group Limited,NSW,Not for Profit,Medium,4.0,4.0,5.0,3.0,29.0,1.0,33.0,51.0,231.0,75.66666666666667,0.30326639590109555
MacKillop House | Catholic Healthcare Limited,MacKillop House,Catholic Healthcare Limited,NSW,Not for Profit,Large,4.0,5.0,4.0,4.0,27.0,0.0,16.0,49.0,225.0,47.083333333333336,0.30104689020660097
Amana Living Kinross Care Community | Amana Living Incorporated,Amana Living Kinross Care Community,Amana Living Incorporated,WA,Not for Profit,Large,4.0,5.0,3.0,4.0,26.0,0.0,42.0,44.0,216.0,67.0,0.30086806307847785
Arcare Belmont | Arcare Pty Ltd,Arcare Belmont,Arcare Pty Ltd,NSW,Private for Profit,Medium,4.0,5.0,3.0,3.0,32.0,0.0,27.0,44.0,203.0,68.25,0.29895147799459193
Vasey RSL Care Frankston South | VASEY RSL CARE LIMITED,Vasey RSL Care Frankston South,VASEY RSL CARE LIMITED,VIC,Not for Profit,Large,4.0,5.0,3.0,3.0,32.0,0.0,25.0,43.0,212.0,74.08333333333333,0.298200438435562
Pearl Supported Care | Southern Cross Care (SA NT & VIC) Incorporated,Pearl Supported Care,Southern Cross Care (SA NT & VIC) Incorporated,NT,Not for Profit,Medium,4.0,5.0,4.0,2.0,23.0,0.0,21.0,59.0,225.0,48.5,0.2978356314167719
Bolton Clarke Lilydale | RSL Care RDNS Limited,Bolton Clarke Lilydale,RSL Care RDNS Limited,VIC,Not for Profit,Medium,4.0,5.0,4.0,5.0,24.0,1.0,8.0,47.0,213.0,57.166666666666664,0.29769819877442255
Uniting Arrunga Ermington | The Uniting Church in Australia Property Trust (NSW),Uniting Arrunga Ermington,The Uniting Church in Australia Property Trust (NSW),NSW,Not for Profit,Large,4.0,5.0,3.0,3.0,29.0,0.0,18.0,46.0,229.0,69.58333333333333,0.2974761930523154
Peninsula Grange Aged Care | Australian Unity Care Services Pty Ltd,Peninsula Grange Aged Care,Australian Unity Care Services Pty Ltd,VIC,Private for Profit,Large,4.0,5.0,4.0,3.0,32.0,1.0,13.0,51.0,233.0,80.41666666666667,0.2973686509131317
Moran Stockton | Moran Australia (Aged Care Services) Pty Ltd,Moran Stockton,Moran Australia (Aged Care Services) Pty Ltd,NSW,Private for Profit,Large,3.0,5.0,1.0,3.0,33.0,0.0,15.0,41.0,204.0,67.5,0.29696771506107067
Estia Health Gympie | Estia Investments Pty Ltd,Estia Health Gympie,Estia Investments Pty Ltd,QLD,Private for Profit,Large,3.0,4.0,2.0,3.0,34.0,1.0,0.0,47.0,216.0,75.75,0.2969099452582658
St Vincent's Care Carina | St Vincent's Care Services Ltd,St Vincent's Care Carina,St Vincent's Care Services Ltd,QLD,Not for Profit,Large,4.0,5.0,5.0,3.0,31.0,0.0,28.0,48.0,242.0,51.416666666666664,0.2962918169378453
Estia Health Wattle Glen | Estia Investments Pty Ltd,Estia Health Wattle Glen,Estia Investments Pty Ltd,VIC,Private for Profit,Medium,4.0,5.0,3.0,4.0,33.0,0.0,10.0,49.0,230.0,50.666666666666664,0.2959766385512253
Capricorn Adventist Retirement Village | Seventh-Day Adventist Aged Care (South Queensland) Ltd,Capricorn Adventist Retirement Village,Seventh-Day Adventist Aged Care (South Queensland) Ltd,QLD,Not for Profit,Medium,4.0,5.0,4.0,3.0,43.0,0.0,3.0,52.0,218.0,66.83333333333333,0.2958447077598688
Estia Health Kogarah | Estia Investments Pty Ltd,Estia Health Kogarah,Estia Investments Pty Ltd,NSW,Private for Profit,Medium,4.0,5.0,2.0,3.0,39.0,0.0,15.0,44.0,230.0,73.75,0.293208842644029
Uniting Starrett Lodge Hamlyn Terrace | The Uniting Church in Australia Property Trust (NSW),Uniting Starrett Lodge Hamlyn Terrace,The Uniting Church in Australia Property Trust (NSW),NSW,Not for Profit,Medium,4.0,5.0,3.0,3.0,30.0,0.0,25.0,45.0,206.0,57.166666666666664,0.29307035424156563
Anglicare Warrina Residential Care | Anglican Community Services,Anglicare Warrina Residential Care,Anglican Community Services,NSW,Not for Profit,Large,4.0,5.0,3.0,4.0,29.0,0.0,6.0,47.0,224.0,43.083333333333336,0.29276386563305123
Kewarra Beach Aged Care | Kewarra Lifestyles Pty Ltd,Kewarra Beach Aged Care,Kewarra Lifestyles Pty Ltd,QLD,Private for Profit,Medium,4.0,5.0,2.0,3.0,17.0,1.0,23.0,48.0,201.0,70.83333333333333,0.29179277843418366
Melbourne Hebrew Memorial Nursing Home | Jewish Care (Victoria) Inc,Melbourne Hebrew Memorial Nursing Home,Jewish Care (Victoria) Inc,VIC,Not for Profit,Large,4.0,5.0,3.0,3.0,29.0,0.0,13.0,47.0,229.0,74.58333333333333,0.29172895290742373
"Karingal Green | Karingal Green Health, Aged and Community Care (WA) Pty Ltd",Karingal Green,"Karingal Green Health, Aged and Community Care (WA) Pty Ltd",WA,Private for Profit,Large,3.0,4.0,3.0,3.0,15.0,1.0,8.0,46.0,229.0,41.416666666666664,0.2912443982487074
Ozcare Ozanam Villa - Burleigh | Ozcare,Ozcare Ozanam Villa - Burleigh,Ozcare,QLD,Not for Profit,Large,4.0,5.0,4.0,3.0,27.0,1.0,15.0,51.0,220.0,63.166666666666664,0.2899213034118756
The Views at Heidelberg | Anglican Aged Care Services Group,The Views at Heidelberg,Anglican Aged Care Services Group,VIC,Not for Profit,Large,3.0,4.0,3.0,4.0,25.0,0.0,19.0,47.0,217.0,46.833333333333336,0.28986735712724787
Bolton Clarke Redleaf Manor | RSL Care RDNS Limited,Bolton Clarke Redleaf Manor,RSL Care RDNS Limited,NSW,Not for Profit,Large,4.0,5.0,3.0,3.0,29.0,0.0,8.0,45.0,240.0,61.083333333333336,0.2895096119699324
Anglicare Newmarch House | Anglican Community Services,Anglicare Newmarch House,Anglican Community Services,NSW,Not for Profit,Medium,4.0,5.0,3.0,3.0,34.0,0.0,12.0,45.0,221.0,69.75,0.2887983693376306
War Veterans Home Myrtle Bank | RSL Care South Australia Incorporated,War Veterans Home Myrtle Bank,RSL Care South Australia Incorporated,SA,Not for Profit,Medium,4.0,5.0,3.0,3.0,39.0,0.0,18.0,46.0,210.0,56.083333333333336,0.28777283135807125
Rembrandt Court | Rembrandt Living Incorporated,Rembrandt Court,Rembrandt Living Incorporated,SA,Not for Profit,Medium,4.0,5.0,4.0,3.0,29.0,0.0,37.0,49.0,220.0,39.666666666666664,0.2875420934582931
Eldercare Hope Valley | Eldercare Australia Ltd,Eldercare Hope Valley,Eldercare Australia Ltd,SA,Not for Profit,Medium,4.0,5.0,3.0,4.0,41.0,0.0,20.0,47.0,218.0,41.583333333333336,0.2864035809305127
Caravonica Waters | IC (Cairns) Pty Ltd,Caravonica Waters,IC (Cairns) Pty Ltd,QLD,Private for Profit,Large,4.0,5.0,2.0,3.0,29.0,0.0,24.0,41.0,220.0,66.08333333333333,0.28464526926831557
IRT Peakhurst | Illawarra Retirement Trust,IRT Peakhurst,Illawarra Retirement Trust,NSW,Not for Profit,Medium,4.0,5.0,3.0,3.0,31.0,0.0,28.0,40.0,200.0,70.91666666666667,0.28276252581479466
Southern Cross Care St Michael's Residential Aged Care | Southern Cross Care (NSW & ACT) Limited,Southern Cross Care St Michael's Residential Aged Care,Southern Cross Care (NSW & ACT) Limited,NSW,Not for Profit,Medium,4.0,4.0,3.0,3.0,34.0,0.0,24.0,44.0,210.0,66.16666666666667,0.28234104254482223
Bupa Tamworth | Bupa Aged Care Australia Pty Ltd,Bupa Tamworth,Bupa Aged Care Australia Pty Ltd,NSW,Private for Profit,Medium,4.0,5.0,2.0,3.0,29.0,1.0,15.0,50.0,210.0,60.416666666666664,0.2813655539363716
Anglican Care McIntosh Court | Anglican Care,Anglican Care McIntosh Court,Anglican Care,NSW,Not for Profit,Medium,4.0,5.0,3.0,3.0,35.0,1.0,0.0,46.0,226.0,60.583333333333336,0.28131563604389376
Aeralife Illawong | Heritage Care Pty Ltd,Aeralife Illawong,Heritage Care Pty Ltd,NSW,Private for Profit,Medium,4.0,5.0,3.0,3.0,23.0,0.0,54.0,49.0,239.0,78.75,0.27943226815881694
Liscombe House | The Old Colonists' Association of Victoria,Liscombe House,The Old Colonists' Association of Victoria,VIC,Not for Profit,Medium,4.0,4.0,3.0,5.0,19.0,1.0,11.0,42.0,202.0,43.833333333333336,0.278683545673324
RFBI Lake Haven Masonic Village | Royal Freemasons' Benevolent Institution,RFBI Lake Haven Masonic Village,Royal Freemasons' Benevolent Institution,NSW,Not for Profit,Medium,4.0,5.0,3.0,3.0,30.0,1.0,27.0,47.0,223.0,79.16666666666667,0.2779268268428209
St Paul de Chartres Residential Aged Care | Sisters of St Paul de Chartres Australia,St Paul de Chartres Residential Aged Care,Sisters of St Paul de Chartres Australia,QLD,Not for Profit,Medium,4.0,5.0,2.0,3.0,33.0,1.0,20.0,55.0,222.0,56.666666666666664,0.2775197692987157
Uniting Elizabeth Gates and Alroy House Singleton | The Uniting Church in Australia Property Trust (NSW),Uniting Elizabeth Gates and Alroy House Singleton,The Uniting Church in Australia Property Trust (NSW),NSW,Not for Profit,Medium,4.0,5.0,3.0,4.0,23.0,0.0,28.0,45.0,224.0,53.0,0.27709709766909524
Bolton Clarke Glendale | RSL Care RDNS Limited,Bolton Clarke Glendale,RSL Care RDNS Limited,QLD,Not for Profit,Medium,4.0,5.0,3.0,3.0,30.0,0.0,16.0,45.0,212.0,63.916666666666664,0.2770468903802102
Arcare Essendon | Arcare Pty Ltd,Arcare Essendon,Arcare Pty Ltd,VIC,Private for Profit,Large,4.0,5.0,3.0,4.0,29.0,0.0,20.0,45.0,218.0,54.666666666666664,0.2767867096145464
Regis Kingswood | Regis Aged Care Pty Ltd,Regis Kingswood,Regis Aged Care Pty Ltd,SA,Private for Profit,Medium,4.0,5.0,3.0,3.0,24.0,0.0,18.0,46.0,222.0,43.75,0.2764461392048574
Coppin Centre | Royal Freemasons Ltd,Coppin Centre,Royal Freemasons Ltd,VIC,Not for Profit,Large,4.0,5.0,5.0,3.0,30.0,0.0,15.0,55.0,252.0,39.416666666666664,0.27471506769701365
Regis Songbird Oxley | Rockpool RAC Pty Ltd,Regis Songbird Oxley,Rockpool RAC Pty Ltd,QLD,Private for Profit,Large,4.0,4.0,5.0,3.0,32.0,1.0,19.0,55.0,217.0,61.666666666666664,0.2724124773276004
St Basil's Homes for the Aged in Victoria | St Basil's Homes for the Aged in Victoria,St Basil's Homes for the Aged in Victoria,St Basil's Homes for the Aged in Victoria,VIC,Not for Profit,Medium,4.0,5.0,2.0,3.0,29.0,0.0,15.0,45.0,212.0,63.0,0.27192435565264333
Anglican Care Warnervale Gardens | Anglican Care,Anglican Care Warnervale Gardens,Anglican Care,NSW,Not for Profit,Medium,4.0,5.0,2.0,4.0,37.0,1.0,0.0,41.0,221.0,84.58333333333333,0.2717072879658212
Southern Cross Care Murgon - Castra | Southern Cross Care (QLD) Ltd,Southern Cross Care Murgon - Castra,Southern Cross Care (QLD) Ltd,QLD,Not for Profit,Medium,4.0,5.0,2.0,5.0,31.0,1.0,5.0,46.0,225.0,66.83333333333333,0.271587705927568
Warrigal Care Albion Park Rail | Warrigal Care Limited,Warrigal Care Albion Park Rail,Warrigal Care Limited,NSW,Not for Profit,Large,4.0,4.0,5.0,3.0,35.0,1.0,19.0,47.0,246.0,73.91666666666667,0.2702204128638911
The Good Shepherd Nursing Home | The Good Shepherd Limited,The Good Shepherd Nursing Home,The Good Shepherd Limited,QLD,Not for Profit,Large,4.0,5.0,4.0,3.0,25.0,1.0,12.0,46.0,226.0,62.583333333333336,0.2697784308746986
Parkview | Wesley Mission Queensland Limited,Parkview,Wesley Mission Queensland Limited,QLD,Not for Profit,Large,4.0,4.0,3.0,4.0,31.0,0.0,7.0,47.0,224.0,62.833333333333336,0.2695192431656444
Lifeview Willow Wood | FARWELL NOMINEES PTY. LTD.,Lifeview Willow Wood,FARWELL NOMINEES PTY. LTD.,VIC,Private for Profit,Large,4.0,5.0,2.0,3.0,35.0,0.0,5.0,43.0,217.0,75.66666666666667,0.26770149183735853
Uniting AgeWell Strath-Haven | Uniting Agewell Limited,Uniting AgeWell Strath-Haven,Uniting Agewell Limited,VIC,Not for Profit,Large,4.0,5.0,3.0,4.0,35.0,0.0,18.0,43.0,205.0,47.0,0.2676575699108369
Campbell Place | Australian Unity Care Services Pty Ltd,Campbell Place,Australian Unity Care Services Pty Ltd,VIC,Private for Profit,Medium,4.0,5.0,3.0,3.0,30.0,0.0,8.0,44.0,218.0,61.416666666666664,0.26645242334044134
Baptcare Amberlea Community | Baptcare Ltd,Baptcare Amberlea Community,Baptcare Ltd,VIC,Not for Profit,Medium,4.0,5.0,3.0,3.0,32.0,0.0,17.0,44.0,205.0,71.25,0.26632238982050166
Catholic Healthcare Gertrude Abbott Aged Care | Catholic Healthcare Limited,Catholic Healthcare Gertrude Abbott Aged Care,Catholic Healthcare Limited,NSW,Not for Profit,Medium,4.0,5.0,3.0,3.0,36.0,0.0,16.0,48.0,228.0,42.666666666666664,0.2656163752978317
Brightwater The Cove | Brightwater Care Group Limited,Brightwater The Cove,Brightwater Care Group Limited,WA,Not for Profit,Large,4.0,5.0,3.0,4.0,25.0,0.0,15.0,44.0,212.0,54.0,0.26559550469674936
CCSSCI - On Luck Chinese Nursing Home | Chinese Community Social Services Centre Limited,CCSSCI - On Luck Chinese Nursing Home,Chinese Community Social Services Centre Limited,VIC,Not for Profit,Large,4.0,5.0,4.0,3.0,19.0,1.0,22.0,50.0,224.0,51.666666666666664,0.26507254915199185
Arcare Parkwood | Arcare Pty Ltd,Arcare Parkwood,Arcare Pty Ltd,QLD,Private for Profit,Medium,4.0,5.0,3.0,2.0,34.0,0.0,24.0,45.0,221.0,77.75,0.2647182858627121
Calvary Mirridong | Calvary Aged Care Limited,Calvary Mirridong,Calvary Aged Care Limited,VIC,Not for Profit,Medium,,,4.0,3.0,41.0,1.0,22.0,49.0,221.0,80.0,0.2645414102221153
WARRAGUL COMMUNITY AGED CARE | Luson Aged Care Pty Ltd,WARRAGUL COMMUNITY AGED CARE,Luson Aged Care Pty Ltd,VIC,Not for Profit,Large,4.0,4.0,2.0,4.0,25.0,0.0,12.0,40.0,206.0,72.08333333333333,0.2636992150869652
Nazareth House Wynnum | Nazareth Care,Nazareth House Wynnum,Nazareth Care,QLD,Not for Profit,Large,4.0,5.0,1.0,3.0,31.0,0.0,18.0,43.0,208.0,78.41666666666667,0.262926255316369
Bethanie Elanora Villas Nursing Home | THE BETHANIE GROUP INC,Bethanie Elanora Villas Nursing Home,THE BETHANIE GROUP INC,WA,Not for Profit,Medium,4.0,4.0,4.0,4.0,30.0,1.0,0.0,47.0,230.0,42.833333333333336,0.26275383564454247
Bolton Clarke The Terraces | RSL Care RDNS Limited,Bolton Clarke The Terraces,RSL Care RDNS Limited,QLD,Not for Profit,Large,4.0,4.0,4.0,3.0,35.0,0.0,3.0,50.0,221.0,48.25,0.2617711318753181
Bolton Clarke Greenwood | RSL Care RDNS Limited,Bolton Clarke Greenwood,RSL Care RDNS Limited,NSW,Not for Profit,Large,4.0,5.0,3.0,3.0,32.0,0.0,11.0,44.0,226.0,89.58333333333333,0.26148668160752586
Ozcare Noosa Heads | Ozcare,Ozcare Noosa Heads,Ozcare,QLD,Not for Profit,Medium,4.0,5.0,4.0,3.0,32.0,2.0,19.0,57.0,213.0,61.75,0.25857056250019267
Scalabrini Village Allambie Heights | Scalabrini Village Ltd,Scalabrini Village Allambie Heights,Scalabrini Village Ltd,NSW,Not for Profit,Medium,3.0,5.0,2.0,3.0,37.0,1.0,0.0,46.0,227.0,55.916666666666664,0.25844503935213925
Costa House | Respect Group Limited,Costa House,Respect Group Limited,VIC,Not for Profit,Medium,4.0,4.0,2.0,4.0,33.0,1.0,10.0,45.0,204.0,52.916666666666664,0.25756195198011916
IRT Culburra Beach | Illawarra Retirement Trust,IRT Culburra Beach,Illawarra Retirement Trust,NSW,Not for Profit,Medium,4.0,5.0,2.0,4.0,26.0,2.0,0.0,46.0,200.0,84.58333333333333,0.2575147166778446
PresCare - Alexandra Gardens | APOLLO CARE OPERATIONS PTY LIMITED,PresCare - Alexandra Gardens,APOLLO CARE OPERATIONS PTY LIMITED,QLD,Private for Profit,Medium,4.0,5.0,4.0,4.0,32.0,1.0,18.0,47.0,214.0,68.0,0.2573291525452104
Estia Health Grovedale | Estia Investments Pty Ltd,Estia Health Grovedale,Estia Investments Pty Ltd,VIC,Private for Profit,Large,4.0,5.0,3.0,4.0,30.0,0.0,11.0,44.0,215.0,52.0,0.2569874718640147
Arcare Lisarow The Orchards | Arcare Pty Ltd,Arcare Lisarow The Orchards,Arcare Pty Ltd,NSW,Private for Profit,Large,4.0,4.0,3.0,3.0,34.0,0.0,30.0,43.0,209.0,71.16666666666667,0.2560139970485893
Peninsula Villages Ltd | PENINSULA VILLAGE LIMITED,Peninsula Villages Ltd,PENINSULA VILLAGE LIMITED,NSW,Not for Profit,Large,4.0,5.0,3.0,3.0,34.0,0.0,10.0,43.0,208.0,69.75,0.25571988558409525
Eldercare Cottage Grove | Eldercare Australia Ltd,Eldercare Cottage Grove,Eldercare Australia Ltd,SA,Not for Profit,Medium,4.0,5.0,3.0,3.0,38.0,0.0,13.0,45.0,215.0,52.5,0.25487144836939374
Estia Health Melton South | Estia Investments Pty Ltd,Estia Health Melton South,Estia Investments Pty Ltd,VIC,Private for Profit,Medium,4.0,5.0,3.0,3.0,31.0,0.0,14.0,50.0,233.0,54.583333333333336,0.2522262271144424
Bupa Traralgon | Bupa Aged Care Australia Pty Ltd,Bupa Traralgon,Bupa Aged Care Australia Pty Ltd,VIC,Private for Profit,Large,4.0,4.0,2.0,4.0,29.0,0.0,21.0,44.0,204.0,73.41666666666667,0.2521756139915637
Churches of Christ Oak Towers Aged Care Service | Churches of Christ in Queensland,Churches of Christ Oak Towers Aged Care Service,Churches of Christ in Queensland,VIC,Not for Profit,Large,4.0,5.0,5.0,3.0,34.0,0.0,20.0,53.0,225.0,51.75,0.2518621607123703
Eldercare Seaford | Eldercare Australia Ltd,Eldercare Seaford,Eldercare Australia Ltd,SA,Not for Profit,Medium,3.0,5.0,2.0,3.0,36.0,0.0,18.0,47.0,218.0,50.916666666666664,0.24939582052759118
St Brigid's Green Maroubra | Greengate Care Pty Ltd,St Brigid's Green Maroubra,Greengate Care Pty Ltd,NSW,Private for Profit,Medium,4.0,5.0,3.0,4.0,24.0,0.0,19.0,49.0,246.0,51.333333333333336,0.24883863610900286
Anglicare Farrer Brown Court | Anglican Community Services,Anglicare Farrer Brown Court,Anglican Community Services,NSW,Not for Profit,Large,4.0,5.0,3.0,3.0,38.0,1.0,15.0,45.0,224.0,79.25,0.2475104010243584
St Nicholas Seniors Care Centre | Antiochian Care Limited,St Nicholas Seniors Care Centre,Antiochian Care Limited,NSW,Not for Profit,Medium,4.0,4.0,4.0,3.0,37.0,0.0,18.0,48.0,213.0,77.0,0.2462018688979883
Cardinia Community Aged Care | Luson Aged Care Pty Ltd,Cardinia Community Aged Care,Luson Aged Care Pty Ltd,VIC,Not for Profit,Large,3.0,4.0,3.0,3.0,14.0,0.0,13.0,44.0,214.0,54.333333333333336,0.24607549405523962
Estia Health Bexley Park | Estia Investments Pty Ltd,Estia Health Bexley Park,Estia Investments Pty Ltd,NSW,Private for Profit,Large,4.0,5.0,2.0,4.0,33.0,1.0,4.0,44.0,225.0,54.75,0.24433061883210613
Fairfield Nursing Home | Fresh Fields Management (NSW) Pty Ltd,Fairfield Nursing Home,Fresh Fields Management (NSW) Pty Ltd,NSW,Private for Profit,Medium,4.0,5.0,2.0,2.0,28.0,1.0,30.0,46.0,239.0,74.33333333333333,0.24323489224075134
Baptcare Karingal Community Care | Baptcare Ltd,Baptcare Karingal Community Care,Baptcare Ltd,TAS,Not for Profit,Large,4.0,5.0,1.0,4.0,51.0,0.0,5.0,38.0,200.0,66.75,0.24222787738705137
Estia Health Kangaroo Flat | Estia Investments Pty Ltd,Estia Health Kangaroo Flat,Estia Investments Pty Ltd,VIC,Private for Profit,Large,4.0,4.0,4.0,3.0,30.0,1.0,11.0,52.0,223.0,51.083333333333336,0.24099437452789896
Uniting AgeWell Strathdon Community | Uniting Agewell Limited,Uniting AgeWell Strathdon Community,Uniting Agewell Limited,VIC,Not for Profit,Medium,4.0,5.0,3.0,4.0,25.0,0.0,11.0,44.0,219.0,46.0,0.2389493187446765
Baptcare Abbey Gardens Community | Baptcare Ltd,Baptcare Abbey Gardens Community,Baptcare Ltd,VIC,Not for Profit,Large,4.0,5.0,2.0,3.0,43.0,0.0,14.0,44.0,202.0,68.66666666666667,0.2388667928592435
Whiddon Beaudesert Star | The Frank Whiddon Masonic Homes of New South Wales,Whiddon Beaudesert Star,The Frank Whiddon Masonic Homes of New South Wales,QLD,Not for Profit,Medium,4.0,5.0,4.0,3.0,26.0,1.0,17.0,50.0,227.0,57.083333333333336,0.2387266352661426
Estia Health Keysborough | Estia Investments Pty Ltd,Estia Health Keysborough,Estia Investments Pty Ltd,VIC,Private for Profit,Medium,4.0,5.0,3.0,5.0,24.0,1.0,2.0,44.0,225.0,61.583333333333336,0.23824283807682117
Advantaged Care at Georges Manor | Advantaged Care Pty Ltd,Advantaged Care at Georges Manor,Advantaged Care Pty Ltd,NSW,Private for Profit,Large,4.0,5.0,3.0,3.0,30.0,1.0,10.0,47.0,226.0,63.666666666666664,0.23761135606488
Arcare Lysterfield | Arcare Pty Ltd,Arcare Lysterfield,Arcare Pty Ltd,VIC,Private for Profit,Medium,,,3.0,2.0,31.0,1.0,13.0,47.0,208.0,77.08333333333333,0.2357010261872673
Regis Whitfield | Regis Aged Care Pty Ltd,Regis Whitfield,Regis Aged Care Pty Ltd,QLD,Private for Profit,Large,4.0,5.0,2.0,3.0,28.0,1.0,18.0,46.0,224.0,64.25,0.23306739927450712
Oakwood Aged Care | Tolega Pty Ltd,Oakwood Aged Care,Tolega Pty Ltd,SA,Private for Profit,Medium,4.0,5.0,2.0,4.0,33.0,0.0,8.0,36.0,214.0,56.666666666666664,0.23033312112974633
Our Lady Mercy Place Harris Park | Mercy Aged and Community Care Ltd,Our Lady Mercy Place Harris Park,Mercy Aged and Community Care Ltd,NSW,Not for Profit,Medium,4.0,4.0,5.0,4.0,27.0,2.0,2.0,55.0,239.0,60.166666666666664,0.2299774028925071
Barossa Park Lodge | OneCare Limited,Barossa Park Lodge,OneCare Limited,TAS,Not for Profit,Large,4.0,5.0,3.0,5.0,39.0,0.0,2.0,44.0,212.0,57.333333333333336,0.22995290824948192
Hawkesbury Living Pty Limited | Hawkesbury Living Pty Limited,Hawkesbury Living Pty Limited,Hawkesbury Living Pty Limited,NSW,Not for Profit,Large,3.0,4.0,3.0,4.0,31.0,1.0,23.0,44.0,224.0,54.083333333333336,0.22897944079396768
Heiden Park Lodge | United Protestant Association of NSW Limited,Heiden Park Lodge,United Protestant Association of NSW Limited,NSW,Not for Profit,Medium,4.0,5.0,5.0,3.0,29.0,0.0,21.0,53.0,243.0,64.41666666666667,0.22865139670265397
Gillawarna Village | Bankstown City Aged Care Ltd,Gillawarna Village,Bankstown City Aged Care Ltd,NSW,Not for Profit,Large,4.0,5.0,3.0,3.0,26.0,1.0,30.0,45.0,220.0,64.75,0.2268857234994206
Estia Health Oakleigh East | Estia Investments Pty Ltd,Estia Health Oakleigh East,Estia Investments Pty Ltd,VIC,Private for Profit,Large,4.0,5.0,3.0,3.0,30.0,0.0,24.0,50.0,232.0,39.166666666666664,0.22596250680767788
Estia Health Myrtle Bank | Estia Investments Pty Ltd,Estia Health Myrtle Bank,Estia Investments Pty Ltd,SA,Private for Profit,Medium,4.0,5.0,3.0,3.0,30.0,1.0,15.0,49.0,230.0,51.166666666666664,0.22577033770949484
Arcare Keysborough | Arcare Pty Ltd,Arcare Keysborough,Arcare Pty Ltd,VIC,Private for Profit,Medium,4.0,5.0,3.0,3.0,29.0,0.0,30.0,45.0,220.0,53.166666666666664,0.22535622502356667
Estia Health Leopold | Estia Investments Pty Ltd,Estia Health Leopold,Estia Investments Pty Ltd,VIC,Private for Profit,Medium,4.0,5.0,2.0,4.0,26.0,1.0,4.0,45.0,213.0,53.916666666666664,0.22432450591080436
Bethel Lodge | Ashfield Baptist Homes Ltd,Bethel Lodge,Ashfield Baptist Homes Ltd,NSW,Not for Profit,Large,4.0,5.0,3.0,3.0,35.0,0.0,10.0,47.0,229.0,57.916666666666664,0.22335552650259632
Bupa Berwick | Bupa Aged Care Australia Pty Ltd,Bupa Berwick,Bupa Aged Care Australia Pty Ltd,VIC,Private for Profit,Large,3.0,5.0,1.0,3.0,26.0,0.0,11.0,42.0,202.0,70.08333333333333,0.22318684161747415
Bolton Clarke Beechwood (PKA - Beechwood Aged Care) | RSL Care RDNS Limited,Bolton Clarke Beechwood (PKA - Beechwood Aged Care),RSL Care RDNS Limited,NSW,Not for Profit,Large,4.0,5.0,3.0,5.0,27.0,0.0,11.0,46.0,237.0,42.916666666666664,0.22287713607535548
Catholic Healthcare Jemalong Residential Village | Catholic Healthcare Limited,Catholic Healthcare Jemalong Residential Village,Catholic Healthcare Limited,NSW,Not for Profit,Medium,4.0,5.0,2.0,3.0,30.0,1.0,5.0,48.0,204.0,63.666666666666664,0.22247707583974358
Adventist Nursing Home | Seventh-day Adventist Aged Care (Greater Sydney) Ltd,Adventist Nursing Home,Seventh-day Adventist Aged Care (Greater Sydney) Ltd,NSW,Private for Profit,Large,3.0,4.0,3.0,2.0,22.0,0.0,32.0,48.0,225.0,57.75,0.22244570546107872
Infinite Care Ashmore | Shalimah Aust Pty Ltd,Infinite Care Ashmore,Shalimah Aust Pty Ltd,QLD,Private for Profit,Large,4.0,5.0,2.0,3.0,33.0,0.0,32.0,45.0,211.0,66.75,0.22236520629156098
ACH Group Residential Care - Perry Park (high care) | Aged Care & Housing Group Inc,ACH Group Residential Care - Perry Park (high care),Aged Care & Housing Group Inc,SA,Not for Profit,Large,4.0,5.0,5.0,3.0,33.0,0.0,22.0,49.0,226.0,45.5,0.22148992910545362
Mary Cecelia Hart Court Hostel | Boneham Aged Care Services Inc,Mary Cecelia Hart Court Hostel,Boneham Aged Care Services Inc,SA,Not for Profit,Medium,4.0,5.0,4.0,4.0,30.0,1.0,17.0,46.0,238.0,51.083333333333336,0.22115782936576356
Bolton Clarke Raffles | RSL Care RDNS Limited,Bolton Clarke Raffles,RSL Care RDNS Limited,NSW,Not for Profit,Medium,4.0,4.0,3.0,3.0,30.0,0.0,8.0,47.0,220.0,67.08333333333333,0.22093297484360036
Uniting AgeWell Noble Park | Uniting Agewell Limited,Uniting AgeWell Noble Park,Uniting Agewell Limited,VIC,Not for Profit,Medium,4.0,5.0,3.0,4.0,37.0,0.0,14.0,45.0,216.0,66.08333333333333,0.220213647779145
Wharparilla Lodge | Echuca Benevolent Society Inc,Wharparilla Lodge,Echuca Benevolent Society Inc,VIC,Not for Profit,Medium,4.0,5.0,3.0,3.0,32.0,1.0,16.0,45.0,221.0,76.91666666666667,0.2202080180735737
Estia Health Golden Grove | Estia Investments Pty Ltd,Estia Health Golden Grove,Estia Investments Pty Ltd,SA,Private for Profit,Medium,4.0,5.0,3.0,4.0,30.0,1.0,9.0,47.0,227.0,35.833333333333336,0.2199275679282018
Bolton Clarke Charles Young | RSL Care RDNS Limited,Bolton Clarke Charles Young,RSL Care RDNS Limited,SA,Not for Profit,Large,4.0,5.0,3.0,3.0,29.0,0.0,8.0,46.0,232.0,40.833333333333336,0.21980737716092225
Fairway Bayside Aged Care | Fairway Bayside Aged Care,Fairway Bayside Aged Care,Fairway Bayside Aged Care,VIC,Not for Profit,Medium,4.0,5.0,4.0,3.0,33.0,1.0,44.0,51.0,222.0,63.083333333333336,0.21966373528430322
Marco Polo Aged Care Facility | Illawarra Retirement Trust,Marco Polo Aged Care Facility,Illawarra Retirement Trust,NSW,Not for Profit,Medium,4.0,4.0,5.0,3.0,29.0,0.0,18.0,47.0,252.0,79.83333333333333,0.2190294025978652
BaptistCare Maranoa Centre - Alstonville | BaptistCare,BaptistCare Maranoa Centre - Alstonville,BaptistCare,NSW,Not for Profit,Medium,3.0,5.0,1.0,3.0,25.0,0.0,26.0,44.0,224.0,58.333333333333336,0.21885990266190541
Mercy Place Fernhill | Mercy Aged and Community Care Ltd,Mercy Place Fernhill,Mercy Aged and Community Care Ltd,VIC,Not for Profit,Large,4.0,5.0,2.0,3.0,27.0,1.0,17.0,48.0,213.0,62.083333333333336,0.21537900845133354
Ozcare Ozanam Villa - Clontarf | Ozcare,Ozcare Ozanam Villa - Clontarf,Ozcare,QLD,Not for Profit,Large,4.0,5.0,2.0,3.0,34.0,1.0,11.0,47.0,206.0,60.416666666666664,0.21481223519065834
Wongaburra Garden Settlement Hostel | Wongaburra Society,Wongaburra Garden Settlement Hostel,Wongaburra Society,QLD,Not for Profit,Large,3.0,5.0,1.0,4.0,24.0,0.0,6.0,42.0,205.0,45.916666666666664,0.2146512383857881
Mercy Place Montrose | Mercy Aged and Community Care Ltd,Mercy Place Montrose,Mercy Aged and Community Care Ltd,VIC,Not for Profit,Large,4.0,5.0,2.0,4.0,24.0,0.0,0.0,42.0,211.0,57.833333333333336,0.2144496369753857
Westmont Homestead | Westmont Aged Care Services Limited,Westmont Homestead,Westmont Aged Care Services Limited,VIC,Not for Profit,Large,1.0,1.0,3.0,3.0,28.0,1.0,22.0,47.0,227.0,74.66666666666667,0.2139122628752815
Carmelite Residential Care | Southern Cross Care (SA NT & VIC) Incorporated,Carmelite Residential Care,Southern Cross Care (SA NT & VIC) Incorporated,SA,Not for Profit,Medium,4.0,5.0,2.0,4.0,37.0,0.0,3.0,48.0,211.0,47.666666666666664,0.21358177203060408
Scalabrini Village Griffith | Scalabrini Village Ltd,Scalabrini Village Griffith,Scalabrini Village Ltd,NSW,Not for Profit,Medium,3.0,5.0,1.0,3.0,33.0,0.0,2.0,40.0,215.0,75.41666666666667,0.2128651808092939
Victoria Grange Residential Aged Care Facility | Australian Unity Care Services Pty Ltd,Victoria Grange Residential Aged Care Facility,Australian Unity Care Services Pty Ltd,VIC,Private for Profit,Medium,4.0,5.0,4.0,4.0,18.0,1.0,7.0,55.0,221.0,38.916666666666664,0.21072582220911695
Anglicare Woodberry Village | Anglican Community Services,Anglicare Woodberry Village,Anglican Community Services,NSW,Not for Profit,Large,4.0,5.0,3.0,4.0,35.0,1.0,3.0,45.0,219.0,59.083333333333336,0.2105931720803861
Baptcare Peninsula View Community | Baptcare Ltd,Baptcare Peninsula View Community,Baptcare Ltd,VIC,Not for Profit,Large,4.0,5.0,3.0,3.0,44.0,0.0,13.0,44.0,204.0,65.16666666666667,0.20910472908414013
Bolton Clarke Pemulwuy | RSL Care RDNS Limited,Bolton Clarke Pemulwuy,RSL Care RDNS Limited,NSW,Not for Profit,Large,4.0,5.0,3.0,3.0,23.0,0.0,9.0,44.0,226.0,67.0,0.20847891744000385
BaptistCare George Forbes House | BaptistCare,BaptistCare George Forbes House,BaptistCare,NSW,Not for Profit,Medium,4.0,5.0,2.0,3.0,31.0,0.0,25.0,44.0,230.0,69.33333333333333,0.207748109064287
Rivulet | Southern Cross Care (Tas) Inc,Rivulet,Southern Cross Care (Tas) Inc,TAS,Not for Profit,Medium,4.0,5.0,5.0,3.0,35.0,1.0,23.0,52.0,246.0,54.666666666666664,0.20685431135997112
Uniting AgeWell Strathdevon | Uniting Agewell Limited,Uniting AgeWell Strathdevon,Uniting Agewell Limited,TAS,Not for Profit,Medium,4.0,5.0,3.0,4.0,34.0,2.0,6.0,44.0,218.0,76.83333333333333,0.20622738225037984
Uniting Northaven Turramurra | The Uniting Church in Australia Property Trust (NSW),Uniting Northaven Turramurra,The Uniting Church in Australia Property Trust (NSW),NSW,Not for Profit,Medium,4.0,5.0,3.0,4.0,29.0,0.0,8.0,46.0,220.0,35.75,0.20580971005998258
Churches of Christ Fair Haven Aged Care Service Hervey Bay | Churches of Christ in Queensland,Churches of Christ Fair Haven Aged Care Service Hervey Bay,Churches of Christ in Queensland,QLD,Not for Profit,Medium,4.0,5.0,4.0,3.0,40.0,0.0,15.0,50.0,224.0,69.66666666666667,0.2057828747944196
Margery Cole Residential Care Service | Yallambee Traralgon Village For The Aged Inc,Margery Cole Residential Care Service,Yallambee Traralgon Village For The Aged Inc,VIC,Not for Profit,Large,4.0,5.0,5.0,3.0,41.0,1.0,0.0,52.0,225.0,75.0,0.2046681423660206
Bupa Ballarat | Bupa Aged Care Australia Pty Ltd,Bupa Ballarat,Bupa Aged Care Australia Pty Ltd,VIC,Private for Profit,Large,4.0,5.0,2.0,4.0,28.0,0.0,12.0,45.0,202.0,48.25,0.20429142398298267
The Bays Aged Care Facility | APOLLO CARE OPERATIONS PTY LIMITED,The Bays Aged Care Facility,APOLLO CARE OPERATIONS PTY LIMITED,VIC,Private for Profit,Medium,4.0,4.0,4.0,3.0,36.0,1.0,29.0,43.0,228.0,81.16666666666667,0.2041537347815887
Parklands Aged Care Facility & Retirement Village | Burswood Care Pty Ltd,Parklands Aged Care Facility & Retirement Village,Burswood Care Pty Ltd,QLD,Private for Profit,Medium,4.0,5.0,4.0,3.0,41.0,0.0,31.0,51.0,220.0,63.666666666666664,0.20406071592131605
Bolton Clarke Fairview | RSL Care RDNS Limited,Bolton Clarke Fairview,RSL Care RDNS Limited,QLD,Not for Profit,Large,4.0,5.0,3.0,4.0,28.0,1.0,14.0,47.0,223.0,60.0,0.20323814140236562
Carinya Home For The Aged | Carinya Home for the Aged,Carinya Home For The Aged,Carinya Home for the Aged,QLD,Not for Profit,Large,4.0,5.0,4.0,3.0,30.0,0.0,27.0,42.0,225.0,73.33333333333333,0.20227617048131818
TriCare Kawana Waters Aged Care Residence | TriCare Aged Care Pty Ltd,TriCare Kawana Waters Aged Care Residence,TriCare Aged Care Pty Ltd,QLD,Private for Profit,Large,3.0,4.0,2.0,3.0,34.0,0.0,15.0,39.0,195.0,64.83333333333333,0.20154964754162108
Hippocrates Aged Care Centre | Fronditha Care,Hippocrates Aged Care Centre,Fronditha Care,NSW,Not for Profit,Medium,4.0,5.0,3.0,3.0,21.0,0.0,26.0,46.0,235.0,50.5,0.20112930525776287
Churches of Christ Lady Small Haven Aged Care Service | Churches of Christ in Queensland,Churches of Christ Lady Small Haven Aged Care Service,Churches of Christ in Queensland,QLD,Not for Profit,Medium,4.0,5.0,3.0,3.0,35.0,0.0,26.0,46.0,228.0,73.41666666666667,0.20090831021726832
Ocean Mist Aged Care | OC Health Torquay Pty Ltd,Ocean Mist Aged Care,OC Health Torquay Pty Ltd,VIC,Private for Profit,Medium,3.0,5.0,2.0,3.0,21.0,1.0,15.0,48.0,183.0,46.833333333333336,0.19995214063037073
Chestnut Gardens Aged Care Home | Monash Health,Chestnut Gardens Aged Care Home,Monash Health,VIC,Government,Medium,4.0,5.0,5.0,1.0,39.0,1.0,60.0,109.0,271.0,71.91666666666667,0.19982944346246154
Minchinbury Manor | Australasian Accommodation Aged Care Pty Limited,Minchinbury Manor,Australasian Accommodation Aged Care Pty Limited,NSW,Private for Profit,Large,4.0,5.0,3.0,5.0,23.0,1.0,0.0,47.0,223.0,55.583333333333336,0.19935054581673553
The Pioneers Lodge | The Pioneers Lodge Limited,The Pioneers Lodge,The Pioneers Lodge Limited,NSW,Private for Profit,Medium,4.0,5.0,2.0,3.0,34.0,0.0,2.0,34.0,230.0,75.0,0.1986760985134049
Estia Health Camden | Estia Investments Pty Ltd,Estia Health Camden,Estia Investments Pty Ltd,NSW,Private for Profit,Large,3.0,4.0,3.0,4.0,27.0,1.0,0.0,47.0,229.0,46.083333333333336,0.19856668051121149
Stella Maris Aged Care Facility | Stella Maris Aged Care Facility,Stella Maris Aged Care Facility,Stella Maris Aged Care Facility,NSW,Not for Profit,Medium,4.0,5.0,3.0,5.0,18.0,1.0,5.0,43.0,210.0,50.5,0.19674479141507803
Warrina Aged Care | Maiestas Care Pty Ltd,Warrina Aged Care,Maiestas Care Pty Ltd,VIC,Private for Profit,Medium,4.0,5.0,4.0,4.0,29.0,0.0,33.0,49.0,218.0,41.083333333333336,0.19472950192321314
Palm Lake Bethania Aged Care Facility | Palm Lake Care Operations Pty Ltd,Palm Lake Bethania Aged Care Facility,Palm Lake Care Operations Pty Ltd,QLD,Private for Profit,Large,4.0,5.0,4.0,3.0,33.0,0.0,12.0,48.0,217.0,67.0,0.19360360198298554
Blacktown Nursing Home | Budumu Pty Ltd,Blacktown Nursing Home,Budumu Pty Ltd,NSW,Private for Profit,Medium,4.0,5.0,3.0,3.0,36.0,0.0,14.0,47.0,227.0,49.0,0.19356951521869625
Bolton Clarke Avonlea | RSL Care RDNS Limited,Bolton Clarke Avonlea,RSL Care RDNS Limited,VIC,Not for Profit,Medium,4.0,5.0,4.0,4.0,27.0,0.0,0.0,48.0,222.0,35.75,0.1933012863627606
Doutta Galla Woornack Aged Care Facility | Doutta Galla Aged Services Ltd,Doutta Galla Woornack Aged Care Facility,Doutta Galla Aged Services Ltd,VIC,Not for Profit,Medium,4.0,5.0,3.0,3.0,34.0,0.0,39.0,49.0,234.0,48.75,0.19251129358312302
Uniting Farmborough Unanderra | The Uniting Church in Australia Property Trust (NSW),Uniting Farmborough Unanderra,The Uniting Church in Australia Property Trust (NSW),NSW,Not for Profit,Large,4.0,5.0,3.0,3.0,20.0,1.0,25.0,49.0,240.0,68.91666666666667,0.1918588091681008
Estia Health Gold Coast | Estia Investments Pty Ltd,Estia Health Gold Coast,Estia Investments Pty Ltd,QLD,Private for Profit,Medium,4.0,5.0,3.0,4.0,36.0,0.0,1.0,47.0,224.0,57.916666666666664,0.19159819237606338
Arcare Mollymook | Arcare Pty Ltd,Arcare Mollymook,Arcare Pty Ltd,NSW,Private for Profit,Medium,4.0,5.0,3.0,5.0,33.0,1.0,9.0,43.0,211.0,69.41666666666667,0.19126771109514507
Deborah Cheetham Retirement Village | Ryman Aged Care (Australia) Pty Ltd,Deborah Cheetham Retirement Village,Ryman Aged Care (Australia) Pty Ltd,VIC,Private for Profit,Medium,4.0,4.0,4.0,3.0,38.0,0.0,27.0,46.0,201.0,62.0,0.19001220936972793
Regis Carseldine | Rockpool RAC Pty Ltd,Regis Carseldine,Rockpool RAC Pty Ltd,QLD,Private for Profit,Large,4.0,5.0,5.0,2.0,29.0,0.0,14.0,49.0,217.0,76.75,0.18963757342902796
Regis Kirwan | Regis Aged Care Pty Ltd,Regis Kirwan,Regis Aged Care Pty Ltd,QLD,Private for Profit,Large,4.0,5.0,2.0,3.0,39.0,0.0,22.0,47.0,215.0,66.25,0.18957300654562478
Estia Health Erina | Estia Investments Pty Ltd,Estia Health Erina,Estia Investments Pty Ltd,NSW,Private for Profit,Large,3.0,4.0,2.0,3.0,30.0,0.0,9.0,42.0,219.0,60.833333333333336,0.18826631926496273
Bupa Croydon | Bupa Aged Care Australia Pty Ltd,Bupa Croydon,Bupa Aged Care Australia Pty Ltd,VIC,Private for Profit,Medium,4.0,5.0,3.0,3.0,30.0,0.0,22.0,47.0,215.0,49.333333333333336,0.18764859185958693
BallyCara Aged Care | Ballycara Limited,BallyCara Aged Care,Ballycara Limited,QLD,Not for Profit,Medium,4.0,5.0,5.0,3.0,43.0,1.0,26.0,54.0,235.0,63.416666666666664,0.18567613643471176
Southern Cross Care St Joseph's Residential Aged Care | Southern Cross Care (NSW & ACT) Limited,Southern Cross Care St Joseph's Residential Aged Care,Southern Cross Care (NSW & ACT) Limited,NSW,Not for Profit,Medium,4.0,5.0,3.0,3.0,41.0,0.0,15.0,44.0,208.0,67.75,0.18548405031883886
Arcare Caboolture | Arcare Pty Ltd,Arcare Caboolture,Arcare Pty Ltd,QLD,Private for Profit,Large,4.0,5.0,3.0,2.0,31.0,0.0,25.0,46.0,230.0,69.0,0.18469426993816956
ST CATHERINE'S WANGARATTA INC. | ST CATHERINE'S WANGARATTA INC.,ST CATHERINE'S WANGARATTA INC.,ST CATHERINE'S WANGARATTA INC.,VIC,Not for Profit,Medium,4.0,5.0,3.0,3.0,35.0,1.0,10.0,47.0,235.0,88.83333333333333,0.18314638555270854
Bolton Clarke Sunset Ridge | RSL Care RDNS Limited,Bolton Clarke Sunset Ridge,RSL Care RDNS Limited,QLD,Not for Profit,Medium,4.0,5.0,3.0,3.0,27.0,0.0,0.0,45.0,230.0,55.583333333333336,0.18296525878069805
Brightwater The Oaks | Brightwater Care Group Limited,Brightwater The Oaks,Brightwater Care Group Limited,WA,Not for Profit,Medium,4.0,5.0,3.0,3.0,22.0,0.0,64.0,49.0,231.0,62.416666666666664,0.18295577751863867
Estia Health Altona Meadows | Estia Investments Pty Ltd,Estia Health Altona Meadows,Estia Investments Pty Ltd,VIC,Private for Profit,Medium,3.0,5.0,2.0,3.0,26.0,1.0,0.0,46.0,224.0,39.75,0.1829091662505891
"Georges Estate Health & Aged Care | Kogarah Health, Aged and Community Care (NSW) Pty Ltd",Georges Estate Health & Aged Care,"Kogarah Health, Aged and Community Care (NSW) Pty Ltd",NSW,Private for Profit,Large,4.0,4.0,3.0,3.0,33.0,1.0,19.0,45.0,222.0,75.0,0.18200329321195446
Tamworth Community Aged Care | Luson Aged Care Pty Ltd,Tamworth Community Aged Care,Luson Aged Care Pty Ltd,NSW,Not for Profit,Large,3.0,4.0,1.0,3.0,26.0,0.0,12.0,42.0,202.0,58.833333333333336,0.18077586758606456
Inasmuch Community Hostel | Inasmuch Community Limited,Inasmuch Community Hostel,Inasmuch Community Limited,NSW,Not for Profit,Medium,4.0,5.0,4.0,4.0,33.0,1.0,0.0,47.0,202.0,69.83333333333333,0.1807222916552116
Whiddon Glenfield | The Frank Whiddon Masonic Homes of New South Wales,Whiddon Glenfield,The Frank Whiddon Masonic Homes of New South Wales,NSW,Not for Profit,Large,4.0,4.0,3.0,3.0,30.0,0.0,25.0,47.0,235.0,65.5,0.17930515193832075
New Auckland Place | Johnson Stenner Aged Care Pty Limited,New Auckland Place,Johnson Stenner Aged Care Pty Limited,QLD,Private for Profit,Large,4.0,5.0,2.0,3.0,28.0,0.0,27.0,40.0,207.0,69.33333333333333,0.1782590457248516
Baptcare The Orchards Community | Baptcare Ltd,Baptcare The Orchards Community,Baptcare Ltd,VIC,Not for Profit,Large,4.0,5.0,3.0,4.0,39.0,1.0,7.0,44.0,215.0,61.833333333333336,0.17765278646560267
Southern Cross Care Reynolds Court Residential Aged Care | Southern Cross Care (NSW & ACT) Limited,Southern Cross Care Reynolds Court Residential Aged Care,Southern Cross Care (NSW & ACT) Limited,NSW,Not for Profit,Medium,4.0,5.0,3.0,4.0,32.0,1.0,3.0,43.0,206.0,74.83333333333333,0.17760114035563346
Regis Magnolia | CPSM Pty Ltd,Regis Magnolia,CPSM Pty Ltd,QLD,Private for Profit,Large,4.0,5.0,3.0,3.0,31.0,0.0,21.0,48.0,235.0,68.08333333333333,0.17750140850334936
Blakehurst Aged Care Centre | Blakehurst Aged Care Services Pty Ltd,Blakehurst Aged Care Centre,Blakehurst Aged Care Services Pty Ltd,NSW,Private for Profit,Medium,4.0,5.0,4.0,3.0,38.0,0.0,12.0,52.0,225.0,62.5,0.17732950329622565
Hill View House Aged Care Facility | Thompson Health Care Pty Ltd,Hill View House Aged Care Facility,Thompson Health Care Pty Ltd,NSW,Private for Profit,Large,4.0,5.0,3.0,3.0,12.0,0.0,63.0,44.0,215.0,67.5,0.17661310758114496
Oxa Care | Oxha Health Pty Ltd,Oxa Care,Oxha Health Pty Ltd,VIC,Private for Profit,Large,4.0,5.0,3.0,3.0,37.0,0.0,1.0,44.0,209.0,46.333333333333336,0.1763365402041762
Calvary Elanora | Calvary Aged Care Limited,Calvary Elanora,Calvary Aged Care Limited,VIC,Not for Profit,Large,,,4.0,3.0,35.0,0.0,17.0,49.0,219.0,26.333333333333332,0.17581848005362832
Juniper Korumup | Uniting Church Homes,Juniper Korumup,Uniting Church Homes,WA,Not for Profit,Medium,4.0,5.0,4.0,3.0,35.0,0.0,23.0,52.0,212.0,42.25,0.17362569525555693
Aeralife Twin Parks | Aeralife Pty Ltd,Aeralife Twin Parks,Aeralife Pty Ltd,VIC,Private for Profit,Large,4.0,5.0,5.0,3.0,37.0,0.0,28.0,57.0,235.0,33.666666666666664,0.17343604651780506
Grasmere Terrace | Carrington Centennial Care Limited,Grasmere Terrace,Carrington Centennial Care Limited,NSW,Not for Profit,Medium,4.0,5.0,3.0,4.0,32.0,0.0,0.0,43.0,214.0,47.0,0.17333854877104996
Helping Hand Aged Care - Rotary House | Helping Hand Aged Care Inc,Helping Hand Aged Care - Rotary House,Helping Hand Aged Care Inc,SA,Not for Profit,Medium,4.0,5.0,4.0,4.0,33.0,0.0,11.0,47.0,205.0,37.416666666666664,0.1710947168062056
Lutheran Services - Cooinda Aged Care Centre | LUTHERAN CHURCH OF AUSTRALIA QUEENSLAND DISTRICT,Lutheran Services - Cooinda Aged Care Centre,LUTHERAN CHURCH OF AUSTRALIA QUEENSLAND DISTRICT,QLD,Not for Profit,Large,4.0,5.0,3.0,3.0,25.0,0.0,14.0,43.0,208.0,70.91666666666667,0.17023393819126628
Homewood Nursing Home | Homewood Care Pty Limited,Homewood Nursing Home,Homewood Care Pty Limited,NSW,Private for Profit,Medium,4.0,5.0,3.0,3.0,36.0,0.0,0.0,45.0,220.0,55.083333333333336,0.16923184800994787
Anglicare SQ Symes Thorpe Home for the Aged | The Corporation of the Synod of the Diocese of Brisbane,Anglicare SQ Symes Thorpe Home for the Aged,The Corporation of the Synod of the Diocese of Brisbane,QLD,Not for Profit,Medium,4.0,5.0,4.0,3.0,39.0,0.0,20.0,47.0,207.0,68.25,0.16921183434176873
Arcare Parkinson | Arcare Pty Ltd,Arcare Parkinson,Arcare Pty Ltd,QLD,Private for Profit,Large,4.0,5.0,3.0,3.0,32.0,0.0,7.0,44.0,218.0,56.916666666666664,0.16760412129118263
Fig Tree Point Aged Care Facility | Hunter Valley Care Pty Ltd,Fig Tree Point Aged Care Facility,Hunter Valley Care Pty Ltd,NSW,Private for Profit,Medium,4.0,5.0,4.0,3.0,42.0,0.0,6.0,46.0,221.0,63.25,0.1673695712809609
Bolton Clarke Sandbrook | RSL Care RDNS Limited,Bolton Clarke Sandbrook,RSL Care RDNS Limited,QLD,Not for Profit,Large,4.0,4.0,4.0,3.0,32.0,1.0,7.0,48.0,234.0,61.166666666666664,0.1623446604809841
St Nicholas Aged Care | Greek Ladies Philoptochos Society of St George Brisbane,St Nicholas Aged Care,Greek Ladies Philoptochos Society of St George Brisbane,QLD,Not for Profit,Medium,,5.0,,3.0,40.0,0.0,29.0,54.0,217.0,58.416666666666664,0.16211991631329517
Palm Lake Care Bargara | Palm Lake Care Operations Pty Ltd,Palm Lake Care Bargara,Palm Lake Care Operations Pty Ltd,QLD,Private for Profit,Large,4.0,5.0,5.0,2.0,39.0,0.0,21.0,55.0,241.0,60.166666666666664,0.161861526498928
Hope Aged Care Brunswick | Sixth Eastway Pty Ltd,Hope Aged Care Brunswick,Sixth Eastway Pty Ltd,VIC,Private for Profit,Medium,4.0,5.0,4.0,3.0,23.0,1.0,21.0,51.0,223.0,34.75,0.1608586824929022
Estia Health Valley View | Estia Investments Pty Ltd,Estia Health Valley View,Estia Investments Pty Ltd,SA,Private for Profit,Medium,3.0,5.0,2.0,3.0,32.0,0.0,8.0,46.0,228.0,41.666666666666664,0.15955552830424088
SummitCare St Marys | ST. MARYS GARDENS AGED CARE CENTRE PTY LIMITED,SummitCare St Marys,ST. MARYS GARDENS AGED CARE CENTRE PTY LIMITED,NSW,Private for Profit,Large,4.0,5.0,3.0,3.0,23.0,2.0,2.0,45.0,223.0,66.0,0.15906565031454903
Hixson Gardens Aged Care Facility | Arete Health Care (Bankstown) Pty Ltd,Hixson Gardens Aged Care Facility,Arete Health Care (Bankstown) Pty Ltd,NSW,Private for Profit,Medium,4.0,5.0,1.0,4.0,25.0,1.0,0.0,38.0,194.0,57.25,0.15900417823770538
Woombye Care | WOOMBYE CARE INC,Woombye Care,WOOMBYE CARE INC,QLD,Not for Profit,Medium,4.0,5.0,4.0,3.0,26.0,1.0,100.0,54.0,186.0,73.91666666666667,0.1584251150495231
Advantaged Care at Prestons Lodge | Advantaged Care 2 Pty Limited,Advantaged Care at Prestons Lodge,Advantaged Care 2 Pty Limited,NSW,Private for Profit,Large,3.0,5.0,2.0,3.0,25.0,0.0,9.0,45.0,221.0,54.333333333333336,0.15749821387424023
Calvary Trevu House | Calvary Aged Care Limited,Calvary Trevu House,Calvary Aged Care Limited,SA,Not for Profit,Medium,,,3.0,3.0,21.0,0.0,5.0,48.0,227.0,41.666666666666664,0.15718571105396387
Juliana Village | Juliana Village Association Ltd,Juliana Village,Juliana Village Association Ltd,NSW,Not for Profit,Medium,4.0,5.0,1.0,3.0,40.0,0.0,13.0,38.0,186.0,82.25,0.1571357633636178
Evergreen Lodge | Evergreen Life Care Limited,Evergreen Lodge,Evergreen Life Care Limited,NSW,Not for Profit,Medium,4.0,5.0,3.0,3.0,38.0,0.0,21.0,46.0,228.0,65.66666666666667,0.15661926785854474
Uniting Bowden Brae Normanhurst | The Uniting Church in Australia Property Trust (NSW),Uniting Bowden Brae Normanhurst,The Uniting Church in Australia Property Trust (NSW),NSW,Not for Profit,Medium,4.0,5.0,2.0,2.0,34.0,0.0,29.0,47.0,231.0,67.58333333333333,0.1564605799836193
Arcare Hillside | Arcare Pty Ltd,Arcare Hillside,Arcare Pty Ltd,VIC,Private for Profit,Medium,4.0,5.0,3.0,3.0,34.0,0.0,7.0,45.0,221.0,65.5,0.15610640666112222
Anglicare Goodhew Gardens & Bay Breeze | Anglican Community Services,Anglicare Goodhew Gardens & Bay Breeze,Anglican Community Services,NSW,Not for Profit,Large,4.0,5.0,3.0,3.0,33.0,0.0,14.0,45.0,218.0,62.666666666666664,0.1558418775084811
Faversham House | Boroondara Aged Services Society,Faversham House,Boroondara Aged Services Society,VIC,Not for Profit,Large,4.0,5.0,4.0,3.0,31.0,1.0,12.0,57.0,214.0,44.083333333333336,0.15567561015623194
Rowville Manor | Wickro Pty Ltd,Rowville Manor,Wickro Pty Ltd,VIC,Private for Profit,Large,4.0,5.0,2.0,3.0,24.0,1.0,30.0,46.0,209.0,78.66666666666667,0.15545378729515047
Estia Health Noosa | Estia Investments Pty Ltd,Estia Health Noosa,Estia Investments Pty Ltd,QLD,Private for Profit,Large,4.0,4.0,3.0,3.0,36.0,1.0,10.0,43.0,208.0,72.0,0.1554137275600302
Uniting Narla Belmont North | The Uniting Church in Australia Property Trust (NSW),Uniting Narla Belmont North,The Uniting Church in Australia Property Trust (NSW),NSW,Not for Profit,Medium,4.0,5.0,2.0,3.0,29.0,1.0,12.0,43.0,206.0,69.0,0.1547698807815036
Arcare Gisborne | Arcare Pty Ltd,Arcare Gisborne,Arcare Pty Ltd,VIC,Private for Profit,Medium,4.0,4.0,4.0,3.0,26.0,0.0,9.0,47.0,205.0,36.666666666666664,0.1545693968992156
Rathdowne Place | Australian Unity Care Services Pty Ltd,Rathdowne Place,Australian Unity Care Services Pty Ltd,VIC,Private for Profit,Large,4.0,5.0,4.0,3.0,29.0,0.0,16.0,48.0,234.0,39.75,0.152105673182143
Estia Health Pacific Paradise | Estia Investments Pty Ltd,Estia Health Pacific Paradise,Estia Investments Pty Ltd,QLD,Private for Profit,Large,4.0,5.0,4.0,2.0,35.0,1.0,16.0,48.0,220.0,69.58333333333333,0.15172812865142668
St Mary's Coolum Beach | Tilburg Proprietary Limited,St Mary's Coolum Beach,Tilburg Proprietary Limited,QLD,Private for Profit,Large,4.0,5.0,4.0,2.0,36.0,0.0,25.0,54.0,208.0,61.666666666666664,0.15121694620511533
Waterview Aged Care Facility | Hunter Valley Care Pty Ltd,Waterview Aged Care Facility,Hunter Valley Care Pty Ltd,NSW,Private for Profit,Medium,4.0,4.0,3.0,3.0,30.0,0.0,12.0,43.0,218.0,66.16666666666667,0.15108582958984135
Warrina Crescent Residential Aged Care | Warrina Homes Inc,Warrina Crescent Residential Aged Care,Warrina Homes Inc,SA,Not for Profit,Large,4.0,5.0,5.0,2.0,26.0,1.0,19.0,53.0,241.0,41.666666666666664,0.14991999161590022
Corpus Christi Community | Villa Maria Catholic Homes Limited,Corpus Christi Community,Villa Maria Catholic Homes Limited,VIC,Not for Profit,Medium,3.0,4.0,2.0,3.0,26.0,0.0,2.0,43.0,181.0,60.75,0.14958699424621028
Estia Health Blakehurst | Estia Investments Pty Ltd,Estia Health Blakehurst,Estia Investments Pty Ltd,NSW,Private for Profit,Large,4.0,5.0,3.0,4.0,34.0,0.0,0.0,45.0,223.0,42.75,0.14663360390732347
Peter Cosgrove House | RSL LifeCare Limited,Peter Cosgrove House,RSL LifeCare Limited,NSW,Not for Profit,Large,4.0,5.0,4.0,2.0,35.0,1.0,17.0,53.0,233.0,68.75,0.14608842674790473
Uniting Griffith | The Uniting Church in Australia Property Trust (NSW),Uniting Griffith,The Uniting Church in Australia Property Trust (NSW),NSW,Not for Profit,Medium,4.0,5.0,5.0,3.0,32.0,0.0,15.0,50.0,230.0,57.916666666666664,0.1459293423650926
Bethsalem Care | Christadelphian Care Services (SA) Incorporated,Bethsalem Care,Christadelphian Care Services (SA) Incorporated,SA,Not for Profit,Medium,4.0,4.0,3.0,3.0,31.0,0.0,22.0,44.0,226.0,54.083333333333336,0.1456113752941499
Casa Mia Aged Care Centre | IC (PADSTOW) PTY LTD,Casa Mia Aged Care Centre,IC (PADSTOW) PTY LTD,NSW,Private for Profit,Medium,4.0,5.0,3.0,4.0,19.0,1.0,29.0,48.0,246.0,38.75,0.14447939234274515
Bolton Clarke Newmans on the Park | RSL Care RDNS Limited,Bolton Clarke Newmans on the Park,RSL Care RDNS Limited,VIC,Not for Profit,Medium,4.0,4.0,5.0,3.0,23.0,1.0,23.0,54.0,235.0,31.416666666666668,0.1439365386217805
Murray House | Murray House Wentworth Aged Care Ltd,Murray House,Murray House Wentworth Aged Care Ltd,NSW,Not for Profit,Medium,4.0,3.0,4.0,4.0,29.0,0.0,32.0,47.0,232.0,56.416666666666664,0.1438350341907155
Sandown Apartments | Southern Cross Care (Tas) Inc,Sandown Apartments,Southern Cross Care (Tas) Inc,TAS,Not for Profit,Medium,4.0,5.0,3.0,3.0,29.0,0.0,6.0,46.0,214.0,48.166666666666664,0.14283617874470497
Ashman Grove Aged Care Hostel | Rosha Pty Ltd,Ashman Grove Aged Care Hostel,Rosha Pty Ltd,SA,Private for Profit,Medium,4.0,5.0,2.0,3.0,39.0,1.0,19.0,40.0,201.0,60.166666666666664,0.14186126223688122
The Village by Scalabrini | Scalabrini Village Ltd,The Village by Scalabrini,Scalabrini Village Ltd,NSW,Not for Profit,Large,3.0,5.0,2.0,3.0,34.0,0.0,9.0,44.0,241.0,51.833333333333336,0.14178474270889085
Calvary The Brelsford | Calvary Aged Care Limited,Calvary The Brelsford,Calvary Aged Care Limited,NSW,Not for Profit,Large,,,1.0,4.0,33.0,0.0,11.0,42.0,196.0,53.5,0.1409282671233314
UnitingSA Hawksbury Gardens Aged Care | UnitingSA Ltd,UnitingSA Hawksbury Gardens Aged Care,UnitingSA Ltd,SA,Not for Profit,Medium,3.0,5.0,2.0,3.0,28.0,0.0,14.0,48.0,222.0,51.833333333333336,0.14043740537178157
Estia Health Albury | Estia Investments Pty Ltd,Estia Health Albury,Estia Investments Pty Ltd,NSW,Private for Profit,Medium,4.0,5.0,2.0,4.0,28.0,0.0,1.0,42.0,216.0,52.083333333333336,0.1376567696653107
Bolton Clarke Rowes Bay | RSL Care RDNS Limited,Bolton Clarke Rowes Bay,RSL Care RDNS Limited,QLD,Not for Profit,Large,4.0,5.0,3.0,3.0,27.0,0.0,21.0,43.0,227.0,60.0,0.1375133648169685
Bupa Wodonga | Bupa Aged Care Australia Pty Ltd,Bupa Wodonga,Bupa Aged Care Australia Pty Ltd,VIC,Private for Profit,Large,3.0,4.0,1.0,3.0,27.0,0.0,21.0,41.0,197.0,59.583333333333336,0.13639601025105863
Anglicare SQ Kirami Home for the Aged | The Corporation of the Synod of the Diocese of Brisbane,Anglicare SQ Kirami Home for the Aged,The Corporation of the Synod of the Diocese of Brisbane,QLD,Not for Profit,Medium,4.0,5.0,4.0,3.0,26.0,0.0,21.0,48.0,216.0,46.5,0.13622008643700123
Anglicare Donington Court | Anglican Community Services,Anglicare Donington Court,Anglican Community Services,NSW,Not for Profit,Large,4.0,5.0,3.0,3.0,34.0,1.0,17.0,44.0,213.0,58.416666666666664,0.13605216581997062
Bupa Sutherland | Bupa Aged Care Australia Pty Ltd,Bupa Sutherland,Bupa Aged Care Australia Pty Ltd,NSW,Private for Profit,Large,4.0,5.0,2.0,3.0,40.0,0.0,16.0,43.0,222.0,56.25,0.13470298334547806
Estia Health Werribee | Estia Investments Pty Ltd,Estia Health Werribee,Estia Investments Pty Ltd,VIC,Private for Profit,Medium,4.0,5.0,3.0,4.0,35.0,0.0,9.0,47.0,228.0,45.666666666666664,0.1344575494623284
Calvary Corymbia | Calvary Aged Care Limited,Calvary Corymbia,Calvary Aged Care Limited,NSW,Not for Profit,Medium,,,2.0,3.0,31.0,1.0,24.0,49.0,226.0,60.833333333333336,0.13259206701378368
Bethanie Como | THE BETHANIE GROUP INC,Bethanie Como,THE BETHANIE GROUP INC,WA,Not for Profit,Medium,4.0,5.0,2.0,4.0,29.0,1.0,16.0,44.0,210.0,51.833333333333336,0.13244165435689417
Bolton Clarke Westhaven | RSL Care RDNS Limited,Bolton Clarke Westhaven,RSL Care RDNS Limited,QLD,Not for Profit,Medium,4.0,5.0,2.0,3.0,25.0,0.0,17.0,46.0,205.0,65.16666666666667,0.1318433809777804
Canberra Nursing Home | Clendon Care Pty Ltd,Canberra Nursing Home,Clendon Care Pty Ltd,NSW,Private for Profit,Medium,4.0,5.0,5.0,3.0,20.0,2.0,8.0,52.0,246.0,50.0,0.13131461636836983
The Royce Manor | The Royce Aged Care Pty Ltd,The Royce Manor,The Royce Aged Care Pty Ltd,NSW,Private for Profit,Large,3.0,4.0,3.0,4.0,25.0,0.0,15.0,42.0,206.0,44.0,0.13111508031477434
Infinite Care Cornubia | Infinite Aged Care (Cornubia) Pty Ltd,Infinite Care Cornubia,Infinite Aged Care (Cornubia) Pty Ltd,QLD,Private for Profit,Large,3.0,5.0,2.0,3.0,26.0,0.0,22.0,46.0,218.0,48.083333333333336,0.1307598791734381
John Flynn Retirement Village | Ryman Aged Care (Australia) Pty Ltd,John Flynn Retirement Village,Ryman Aged Care (Australia) Pty Ltd,VIC,Private for Profit,Large,4.0,5.0,3.0,3.0,38.0,0.0,26.0,47.0,215.0,69.83333333333333,0.12959495107337152
Olivet Aged Persons Home | Christadelphian Welfare Association (Vic) Inc,Olivet Aged Persons Home,Christadelphian Welfare Association (Vic) Inc,VIC,Not for Profit,Large,4.0,5.0,3.0,3.0,29.0,1.0,18.0,46.0,229.0,57.333333333333336,0.12928152310501165
Mandurah Community Aged Care | Luson Aged Care Pty Ltd,Mandurah Community Aged Care,Luson Aged Care Pty Ltd,WA,Not for Profit,Large,,,2.0,3.0,28.0,0.0,15.0,41.0,221.0,63.666666666666664,0.1290775836640755
Point Cook Manor | Wickro Pty Ltd,Point Cook Manor,Wickro Pty Ltd,VIC,Private for Profit,Large,4.0,5.0,3.0,3.0,41.0,0.0,10.0,46.0,229.0,45.833333333333336,0.12890227990361952
Bolton Clarke Seabrook | RSL Care RDNS Limited,Bolton Clarke Seabrook,RSL Care RDNS Limited,QLD,Not for Profit,Large,4.0,4.0,4.0,3.0,32.0,1.0,7.0,48.0,210.0,59.833333333333336,0.12882270172462346
MYVISTA Balcatta | Stirling Ethnic Aged Home Association (Inc),MYVISTA Balcatta,Stirling Ethnic Aged Home Association (Inc),WA,Not for Profit,Medium,4.0,5.0,4.0,4.0,21.0,1.0,13.0,48.0,230.0,59.166666666666664,0.12852287727529807
Calvary Ryde Retirement Community - Mary Potter Residential Care | Calvary Aged Care Limited,Calvary Ryde Retirement Community - Mary Potter Residential Care,Calvary Aged Care Limited,NSW,Not for Profit,Large,,,2.0,3.0,32.0,0.0,43.0,45.0,219.0,60.583333333333336,0.12802120767645714
Southhaven Aged Care | IC (PADSTOW HEIGHTS) PTY LTD,Southhaven Aged Care,IC (PADSTOW HEIGHTS) PTY LTD,NSW,Private for Profit,Large,3.0,5.0,1.0,3.0,28.0,0.0,18.0,44.0,228.0,57.25,0.12711240947245225
Goodwin Farrer (George Sautelle House) | Goodwin Aged Care Services Limited,Goodwin Farrer (George Sautelle House),Goodwin Aged Care Services Limited,ACT,Not for Profit,Medium,4.0,5.0,4.0,4.0,35.0,1.0,15.0,46.0,225.0,60.916666666666664,0.12706597832043817
Bolton Clarke Seaton Place | RSL Care RDNS Limited,Bolton Clarke Seaton Place,RSL Care RDNS Limited,QLD,Not for Profit,Large,4.0,4.0,3.0,4.0,33.0,1.0,6.0,46.0,220.0,49.666666666666664,0.1266456584494084
Resthaven Mitcham | Resthaven Inc,Resthaven Mitcham,Resthaven Inc,SA,Not for Profit,Large,4.0,5.0,3.0,3.0,32.0,0.0,23.0,44.0,213.0,49.25,0.1262671739303458
Arcare Sydenham | Arcare Pty Ltd,Arcare Sydenham,Arcare Pty Ltd,VIC,Private for Profit,Large,4.0,5.0,3.0,3.0,24.0,0.0,27.0,46.0,231.0,57.25,0.12576764622506958
Warrigal Care Queanbeyan | Warrigal Care Limited,Warrigal Care Queanbeyan,Warrigal Care Limited,NSW,Not for Profit,Large,3.0,4.0,2.0,3.0,30.0,0.0,7.0,42.0,222.0,67.33333333333333,0.1254997611346647
Harbourside Residential Care | Port Stephens Veterans and Citizens Aged Care Ltd,Harbourside Residential Care,Port Stephens Veterans and Citizens Aged Care Ltd,NSW,Not for Profit,Large,4.0,4.0,3.0,3.0,33.0,1.0,22.0,46.0,230.0,71.0,0.1252741792411438
mecwacare Elstoft House | MECWA Limited,mecwacare Elstoft House,MECWA Limited,VIC,Not for Profit,Medium,4.0,5.0,3.0,3.0,33.0,1.0,1.0,46.0,218.0,56.25,0.12517287925350412
Crowley Retirement Village | The Trustees of the Roman Catholic Church for the Diocese of Lismore -- Site 2,Crowley Retirement Village,The Trustees of the Roman Catholic Church for the Diocese of Lismore,NSW,Not for Profit,Medium,3.0,5.0,1.0,3.0,22.0,1.0,1.0,36.0,200.0,75.66666666666667,0.12504593861277294
Lionsbrae Hostel | Ringwood Area Lions Aged Care Inc,Lionsbrae Hostel,Ringwood Area Lions Aged Care Inc,VIC,Not for Profit,Medium,4.0,5.0,5.0,3.0,38.0,0.0,17.0,55.0,241.0,40.583333333333336,0.1233631221208561
Acacia Living Group Meadow Springs Aged Care Facility | RSL Care RDNS Limited,Acacia Living Group Meadow Springs Aged Care Facility,RSL Care RDNS Limited,WA,Not for Profit,Medium,4.0,4.0,5.0,3.0,24.0,0.0,2.0,47.0,255.0,54.416666666666664,0.12318132971698756
Mercy Place Mentone | Mercy Aged and Community Care Ltd,Mercy Place Mentone,Mercy Aged and Community Care Ltd,VIC,Not for Profit,Large,4.0,4.0,3.0,3.0,34.0,1.0,13.0,45.0,219.0,74.75,0.12317981297648228
The Plains | Bethany Christian Care,The Plains,Bethany Christian Care,QLD,Not for Profit,Large,4.0,5.0,4.0,4.0,41.0,1.0,13.0,49.0,218.0,49.583333333333336,0.12307565768599847
Bolton Clarke Glendale (VIC) | RSL Care RDNS Limited,Bolton Clarke Glendale (VIC),RSL Care RDNS Limited,VIC,Not for Profit,Large,4.0,5.0,4.0,3.0,25.0,0.0,8.0,47.0,218.0,42.0,0.12296247653738213
Bolton Clarke Bribie Cove | RSL Care RDNS Limited,Bolton Clarke Bribie Cove,RSL Care RDNS Limited,QLD,Not for Profit,Medium,3.0,4.0,2.0,3.0,29.0,0.0,13.0,49.0,209.0,65.75,0.12115541028704888
Catholic Healthcare Emmaus Village | Catholic Healthcare Limited,Catholic Healthcare Emmaus Village,Catholic Healthcare Limited,NSW,Not for Profit,Medium,4.0,4.0,3.0,3.0,32.0,0.0,14.0,46.0,216.0,75.66666666666667,0.12104926819938126
Uniting Nareen Gardens Bateau Bay | The Uniting Church in Australia Property Trust (NSW),Uniting Nareen Gardens Bateau Bay,The Uniting Church in Australia Property Trust (NSW),NSW,Not for Profit,Large,4.0,5.0,2.0,3.0,26.0,0.0,4.0,42.0,203.0,58.75,0.119866519349885
RFBI Hawkins Masonic Village - Acacia House | Royal Freemasons' Benevolent Institution,RFBI Hawkins Masonic Village - Acacia House,Royal Freemasons' Benevolent Institution,NSW,Not for Profit,Medium,3.0,5.0,2.0,3.0,22.0,1.0,9.0,47.0,221.0,42.916666666666664,0.1197598708066222
Sea Views Manor | Wickro Pty Ltd,Sea Views Manor,Wickro Pty Ltd,VIC,Private for Profit,Large,3.0,5.0,2.0,3.0,24.0,0.0,18.0,44.0,206.0,45.916666666666664,0.11948513093301823
Uniting Mullauna Blacktown | The Uniting Church in Australia Property Trust (NSW),Uniting Mullauna Blacktown,The Uniting Church in Australia Property Trust (NSW),NSW,Not for Profit,Medium,4.0,5.0,3.0,3.0,36.0,0.0,14.0,45.0,215.0,54.75,0.11897955482848627
Park Lane Croydon | Norsan Pty Ltd,Park Lane Croydon,Norsan Pty Ltd,VIC,Private for Profit,Medium,4.0,5.0,4.0,3.0,36.0,1.0,0.0,56.0,217.0,58.75,0.11840789473601906
Drysdale Grove | Drysdale Aged Care Pty Ltd,Drysdale Grove,Drysdale Aged Care Pty Ltd,VIC,Private for Profit,Large,3.0,5.0,1.0,3.0,18.0,0.0,7.0,39.0,183.0,58.666666666666664,0.11758500919529465
Bolton Clarke Bayside (PKA - Bayside Residential Aged Care Facility) | RSL Care RDNS Limited,Bolton Clarke Bayside (PKA - Bayside Residential Aged Care Facility),RSL Care RDNS Limited,NSW,Not for Profit,Large,4.0,5.0,3.0,4.0,28.0,1.0,13.0,47.0,232.0,58.0,0.11726343119243854
Hunters Hill Montefiore Home | The Sir Moses Montefiore Jewish Home,Hunters Hill Montefiore Home,The Sir Moses Montefiore Jewish Home,NSW,Not for Profit,Large,4.0,5.0,5.0,2.0,30.0,1.0,20.0,57.0,224.0,50.583333333333336,0.11715576927787283
Bolton Clarke Farnorha | RSL Care RDNS Limited,Bolton Clarke Farnorha,RSL Care RDNS Limited,QLD,Not for Profit,Large,4.0,5.0,3.0,3.0,33.0,1.0,13.0,43.0,208.0,72.0,0.11672998739864635
Regis Como | Regis Aged Care Pty Ltd,Regis Como,Regis Aged Care Pty Ltd,WA,Private for Profit,Medium,4.0,5.0,3.0,3.0,30.0,1.0,19.0,47.0,230.0,56.5,0.11612257004688463
Martin Luther Homes | MARTIN LUTHER HOMES BORONIA INC.,Martin Luther Homes,MARTIN LUTHER HOMES BORONIA INC.,VIC,Not for Profit,Medium,4.0,5.0,5.0,3.0,34.0,0.0,38.0,53.0,230.0,42.583333333333336,0.11535884634297763
Churches of Christ Gracehaven Aged Care Service | Churches of Christ in Queensland,Churches of Christ Gracehaven Aged Care Service,Churches of Christ in Queensland,QLD,Not for Profit,Large,4.0,5.0,2.0,3.0,32.0,0.0,12.0,42.0,212.0,63.083333333333336,0.11458850042341213
Michael Lee Centre | MEATH CARE INC,Michael Lee Centre,MEATH CARE INC,WA,Not for Profit,Large,4.0,5.0,4.0,3.0,28.0,0.0,28.0,51.0,208.0,53.25,0.11373331625448485
Eyre Peninsula Old Folks Home | Eyre Peninsula Old Folks Home Inc,Eyre Peninsula Old Folks Home,Eyre Peninsula Old Folks Home Inc,SA,Not for Profit,Medium,4.0,5.0,5.0,3.0,43.0,1.0,56.0,58.0,254.0,48.083333333333336,0.11351255825403739
Moran Kellyville | Moran Australia (Aged Care Services) Pty Ltd,Moran Kellyville,Moran Australia (Aged Care Services) Pty Ltd,NSW,Private for Profit,Large,4.0,5.0,3.0,3.0,25.0,0.0,48.0,45.0,229.0,60.083333333333336,0.11344104229661098
Bolton Clarke Buderim Views | RSL Care RDNS Limited,Bolton Clarke Buderim Views,RSL Care RDNS Limited,QLD,Not for Profit,Large,4.0,4.0,4.0,3.0,28.0,0.0,9.0,49.0,205.0,62.333333333333336,0.11340490838916334
Arcare Warriewood | Arcare Pty Ltd,Arcare Warriewood,Arcare Pty Ltd,NSW,Private for Profit,Large,4.0,5.0,3.0,2.0,34.0,0.0,21.0,46.0,225.0,75.66666666666667,0.11185804605270484
Leinster Place | Mercy Health and Aged Care Central Queensland Limited,Leinster Place,Mercy Health and Aged Care Central Queensland Limited,QLD,Not for Profit,Medium,4.0,5.0,4.0,3.0,37.0,0.0,13.0,50.0,226.0,60.083333333333336,0.11113488702795749
Laurieton Lakeside Aged Care Residence | Halenvy Pty Limited,Laurieton Lakeside Aged Care Residence,Halenvy Pty Limited,NSW,Private for Profit,Medium,4.0,4.0,3.0,3.0,36.0,1.0,35.0,46.0,216.0,63.083333333333336,0.11066569247628848
Uniting AgeWell Lillian Martin | Uniting Agewell Limited,Uniting AgeWell Lillian Martin,Uniting Agewell Limited,TAS,Not for Profit,Medium,4.0,5.0,3.0,3.0,39.0,0.0,6.0,44.0,225.0,47.083333333333336,0.10773100471716081
Ozcare Parkwood Gardens | Ozcare,Ozcare Parkwood Gardens,Ozcare,QLD,Not for Profit,Large,4.0,5.0,2.0,2.0,29.0,1.0,15.0,49.0,205.0,72.0,0.1066205096172436
Regis Greenbank | Retirement Care Australia (Logan) Pty Limited,Regis Greenbank,Retirement Care Australia (Logan) Pty Limited,QLD,Private for Profit,Large,4.0,5.0,3.0,2.0,31.0,0.0,19.0,48.0,229.0,67.66666666666667,0.10611891931270581
Melville Grange Hostel | Wickro Pty Ltd,Melville Grange Hostel,Wickro Pty Ltd,VIC,Private for Profit,Large,4.0,5.0,2.0,3.0,34.0,0.0,16.0,48.0,217.0,59.916666666666664,0.10555557617202177
Boandik Kessal | Boandik Lodge Inc,Boandik Kessal,Boandik Lodge Inc,SA,Not for Profit,Medium,4.0,5.0,5.0,3.0,24.0,1.0,18.0,47.0,222.0,41.666666666666664,0.10487867539537901
Southern Cross Care Facility Caloundra | Southern Cross Care (QLD) Ltd,Southern Cross Care Facility Caloundra,Southern Cross Care (QLD) Ltd,QLD,Not for Profit,Large,4.0,5.0,2.0,4.0,26.0,1.0,13.0,46.0,211.0,58.75,0.10267016378749501
Hillgrove House | Sapphire Coast Community Aged Care Ltd,Hillgrove House,Sapphire Coast Community Aged Care Ltd,NSW,Not for Profit,Medium,3.0,5.0,1.0,3.0,33.0,0.0,0.0,38.0,209.0,77.75,0.10253084263128155
Oaklands Park Lodge Residential Care | Southern Cross Care (SA NT & VIC) Incorporated,Oaklands Park Lodge Residential Care,Southern Cross Care (SA NT & VIC) Incorporated,SA,Not for Profit,Medium,3.0,5.0,1.0,3.0,26.0,0.0,18.0,40.0,202.0,46.416666666666664,0.10232399404681122
Uniting Caroona Kalina Goonellabah | The Uniting Church in Australia Property Trust (NSW),Uniting Caroona Kalina Goonellabah,The Uniting Church in Australia Property Trust (NSW),NSW,Not for Profit,Medium,4.0,5.0,4.0,2.0,33.0,1.0,21.0,49.0,224.0,71.41666666666667,0.10216835270731192
Resthaven Aberfoyle Park | Resthaven Inc,Resthaven Aberfoyle Park,Resthaven Inc,SA,Not for Profit,Medium,4.0,5.0,3.0,4.0,40.0,1.0,13.0,45.0,220.0,57.083333333333336,0.1014171777639964
Vasey RSL Care Brighton East | VASEY RSL CARE LIMITED,Vasey RSL Care Brighton East,VASEY RSL CARE LIMITED,VIC,Not for Profit,Large,4.0,5.0,3.0,2.0,37.0,0.0,25.0,43.0,213.0,64.33333333333333,0.10086626131706694
Ozcare Bakhita Villa Aged Care Facility | Ozcare,Ozcare Bakhita Villa Aged Care Facility,Ozcare,QLD,Not for Profit,Medium,4.0,5.0,2.0,2.0,26.0,0.0,36.0,47.0,208.0,61.0,0.10075454378710827
Estia Health Warrawee | Estia Investments Pty Ltd,Estia Health Warrawee,Estia Investments Pty Ltd,NSW,Private for Profit,Large,,,3.0,3.0,32.0,1.0,1.0,45.0,218.0,65.75,0.09959291904166934
Baptistcare Gracehaven | BaptistCare,Baptistcare Gracehaven,BaptistCare,WA,Not for Profit,Medium,4.0,4.0,4.0,3.0,27.0,0.0,22.0,46.0,223.0,54.583333333333336,0.09887843809964797
Estia Health Little Bay | Estia Investments Pty Ltd,Estia Health Little Bay,Estia Investments Pty Ltd,NSW,Private for Profit,Large,,,3.0,3.0,32.0,1.0,10.0,44.0,215.0,66.66666666666667,0.09802866462742243
Woodford Manor Aged Care | Tingari Group Pty Ltd,Woodford Manor Aged Care,Tingari Group Pty Ltd,QLD,Private for Profit,Medium,4.0,5.0,3.0,3.0,16.0,1.0,35.0,44.0,213.0,70.41666666666667,0.09766401326047452
Murroona Gardens | BOWEN OLD PEOPLE'S HOME SOCIETY LIMITED,Murroona Gardens,BOWEN OLD PEOPLE'S HOME SOCIETY LIMITED,QLD,Not for Profit,Medium,4.0,5.0,4.0,2.0,26.0,0.0,26.0,45.0,240.0,58.416666666666664,0.09745596237043298
Bupa Bonbeach | Bupa Aged Care Australia Pty Ltd,Bupa Bonbeach,Bupa Aged Care Australia Pty Ltd,VIC,Private for Profit,Medium,3.0,5.0,1.0,4.0,24.0,0.0,30.0,39.0,219.0,44.583333333333336,0.09713669819318344
Arcare Logan Reserve | Arcare Pty Ltd,Arcare Logan Reserve,Arcare Pty Ltd,QLD,Private for Profit,Medium,4.0,5.0,3.0,3.0,29.0,0.0,9.0,44.0,214.0,54.916666666666664,0.09620450730240236
Baptcare - Strathalan Community | Baptcare Ltd,Baptcare - Strathalan Community,Baptcare Ltd,VIC,Not for Profit,Large,4.0,5.0,2.0,4.0,43.0,0.0,13.0,45.0,209.0,44.916666666666664,0.09601212282272759
SummitCare Liverpool-173 | Wohl Investments Pty Ltd,SummitCare Liverpool-173,Wohl Investments Pty Ltd,NSW,Private for Profit,Medium,4.0,5.0,3.0,4.0,19.0,2.0,3.0,46.0,231.0,52.916666666666664,0.09547063682708272
The Queen Victoria Home | Queen Victoria Home Inc,The Queen Victoria Home,Queen Victoria Home Inc,TAS,Not for Profit,Large,4.0,5.0,2.0,3.0,37.0,0.0,9.0,31.0,212.0,62.0,0.09541232281291015
North Eastern Community Nursing Home | North Eastern Community Hospital Incorporated,North Eastern Community Nursing Home,North Eastern Community Hospital Incorporated,SA,Not for Profit,Medium,3.0,4.0,2.0,3.0,31.0,1.0,21.0,46.0,205.0,52.5,0.09540834840629644
Mercy Health Bethlehem Home For The Aged | Mercy Aged and Community Care Ltd,Mercy Health Bethlehem Home For The Aged,Mercy Aged and Community Care Ltd,VIC,Not for Profit,Large,4.0,5.0,2.0,3.0,38.0,1.0,10.0,49.0,201.0,67.5,0.09487299235189754
Margaret Hubery House | Southern Cross Care (WA) Inc,Margaret Hubery House,Southern Cross Care (WA) Inc,WA,Not for Profit,Medium,4.0,5.0,3.0,3.0,12.0,0.0,13.0,47.0,231.0,71.41666666666667,0.09443668207174251
Huon Eldercare | Huon Regional Care,Huon Eldercare,Huon Regional Care,TAS,Not for Profit,Medium,4.0,5.0,5.0,3.0,25.0,1.0,16.0,53.0,216.0,64.08333333333333,0.09410636367720285
Arcare Hope Island | Hope Island Care Pty Ltd,Arcare Hope Island,Hope Island Care Pty Ltd,QLD,Private for Profit,Large,4.0,5.0,3.0,3.0,40.0,0.0,5.0,44.0,216.0,59.0,0.09385456935858119
Snug Village | Christian Homes Tasmania Inc,Snug Village,Christian Homes Tasmania Inc,TAS,Not for Profit,Medium,4.0,5.0,3.0,3.0,29.0,1.0,17.0,45.0,214.0,62.25,0.09327005147557901
Green Hills Residential Care Service | The Churches of Christ Property Trust,Green Hills Residential Care Service,The Churches of Christ Property Trust,NSW,Not for Profit,Large,4.0,5.0,3.0,3.0,24.0,1.0,11.0,43.0,207.0,64.33333333333333,0.09283658701619169
Hepburn House | Daylesford Aged Care Services Pty Ltd,Hepburn House,Daylesford Aged Care Services Pty Ltd,VIC,Private for Profit,Large,4.0,5.0,1.0,4.0,28.0,0.0,16.0,41.0,191.0,49.416666666666664,0.09175862684351295
BaptistCare Kularoo Centre | BaptistCare,BaptistCare Kularoo Centre,BaptistCare,NSW,Not for Profit,Large,4.0,5.0,3.0,3.0,35.0,0.0,26.0,47.0,234.0,55.083333333333336,0.09011422670195476
Baptcare Coasthaven Community | Baptcare Ltd,Baptcare Coasthaven Community,Baptcare Ltd,VIC,Not for Profit,Medium,4.0,5.0,3.0,4.0,44.0,0.0,2.0,44.0,211.0,57.333333333333336,0.08967605887014612
Bolton Clarke Ridgehaven | RSL Care RDNS Limited,Bolton Clarke Ridgehaven,RSL Care RDNS Limited,SA,Not for Profit,Large,4.0,5.0,3.0,3.0,30.0,0.0,20.0,46.0,230.0,42.75,0.08883693638736925
Bupa Mildura | Bupa Aged Care Australia Pty Ltd,Bupa Mildura,Bupa Aged Care Australia Pty Ltd,VIC,Private for Profit,Medium,4.0,5.0,1.0,4.0,31.0,0.0,21.0,36.0,207.0,61.416666666666664,0.08839727577607093
Whiddon Kyogle | The Frank Whiddon Masonic Homes of New South Wales,Whiddon Kyogle,The Frank Whiddon Masonic Homes of New South Wales,NSW,Not for Profit,Medium,4.0,5.0,3.0,3.0,33.0,0.0,14.0,46.0,214.0,68.58333333333333,0.0878055235740469
Regis Burnside | Regis Aged Care Pty Ltd,Regis Burnside,Regis Aged Care Pty Ltd,SA,Private for Profit,Large,4.0,5.0,3.0,4.0,30.0,1.0,12.0,46.0,226.0,43.916666666666664,0.08603092802987976
Arcare Taigum | Arcare Pty Ltd,Arcare Taigum,Arcare Pty Ltd,QLD,Private for Profit,Medium,4.0,5.0,3.0,3.0,32.0,0.0,19.0,44.0,214.0,48.583333333333336,0.08530899993833352
Pathways Sailors Bay | Pathways Aged Care Pty Limited,Pathways Sailors Bay,Pathways Aged Care Pty Limited,NSW,Private for Profit,Large,4.0,5.0,3.0,3.0,28.0,0.0,24.0,43.0,220.0,58.416666666666664,0.08486932647909286
Regis Morayfield | Rockpool RAC (Morayfield) Pty Ltd,Regis Morayfield,Rockpool RAC (Morayfield) Pty Ltd,QLD,Private for Profit,Large,4.0,5.0,4.0,3.0,29.0,1.0,10.0,52.0,220.0,54.916666666666664,0.08485127226751221
Huntingdon Gardens Aged Care Facility | Huntingdon Nursing Home Pty Ltd,Huntingdon Gardens Aged Care Facility,Huntingdon Nursing Home Pty Ltd,NSW,Private for Profit,Large,4.0,5.0,3.0,3.0,35.0,0.0,15.0,45.0,235.0,49.916666666666664,0.0848409301428368
NewDirection Care at Bellmere | NewDirection Bellmere Pty Ltd,NewDirection Care at Bellmere,NewDirection Bellmere Pty Ltd,QLD,Private for Profit,Large,4.0,5.0,5.0,4.0,28.0,1.0,0.0,48.0,225.0,35.916666666666664,0.08407999287061024
Langford Grange | Wickro Pty Ltd,Langford Grange,Wickro Pty Ltd,VIC,Private for Profit,Large,3.0,5.0,2.0,3.0,28.0,0.0,17.0,48.0,211.0,39.666666666666664,0.08403601303051109
Anglicare Elizabeth Lodge | Anglican Community Services,Anglicare Elizabeth Lodge,Anglican Community Services,NSW,Not for Profit,Large,4.0,5.0,3.0,3.0,26.0,1.0,11.0,43.0,208.0,52.666666666666664,0.08345330940206955
Baptistcare Morrison Gardens | BaptistCare,Baptistcare Morrison Gardens,BaptistCare,WA,Not for Profit,Medium,3.0,4.0,3.0,3.0,22.0,0.0,42.0,46.0,228.0,56.416666666666664,0.08227018816506798
BaptistCare Orana Centre | BaptistCare,BaptistCare Orana Centre,BaptistCare,NSW,Not for Profit,Large,4.0,4.0,3.0,3.0,31.0,1.0,32.0,45.0,216.0,62.916666666666664,0.08140386127842875
Osboine Contemporary Aged Care | ALINEA INC.,Osboine Contemporary Aged Care,ALINEA INC.,WA,Not for Profit,Large,4.0,5.0,4.0,3.0,32.0,0.0,42.0,47.0,245.0,43.75,0.08115165826263546
Murray Mudge | Uniting Communities Incorporated,Murray Mudge,Uniting Communities Incorporated,SA,Not for Profit,Medium,4.0,5.0,3.0,3.0,37.0,0.0,22.0,42.0,203.0,35.583333333333336,0.0803482473108578
Gallipoli Home | Gallipoli Health Services Limited,Gallipoli Home,Gallipoli Health Services Limited,NSW,Not for Profit,Large,4.0,4.0,3.0,3.0,27.0,0.0,30.0,45.0,226.0,66.58333333333333,0.08022677251222951
Arcare Pimpama | Arcare Pty Ltd,Arcare Pimpama,Arcare Pty Ltd,QLD,Private for Profit,Medium,4.0,5.0,3.0,2.0,36.0,0.0,24.0,44.0,212.0,66.75,0.07962031293559053
Bowral House Nursing Home | Thompson Health Care Pty Ltd,Bowral House Nursing Home,Thompson Health Care Pty Ltd,NSW,Private for Profit,Medium,4.0,5.0,4.0,3.0,26.0,1.0,76.0,49.0,218.0,64.33333333333333,0.0786209272011544
Arcare Glenhaven | Arcare Pty Ltd,Arcare Glenhaven,Arcare Pty Ltd,NSW,Private for Profit,Large,4.0,5.0,3.0,3.0,26.0,1.0,23.0,45.0,219.0,57.583333333333336,0.07829262120538322
Arcare North Lakes | Arcare Pty Ltd,Arcare North Lakes,Arcare Pty Ltd,QLD,Private for Profit,Large,4.0,5.0,3.0,1.0,28.0,0.0,35.0,45.0,221.0,67.08333333333333,0.07678166718851287
Craigcare Berwick | Glenn-Craig Villages Pty Ltd,Craigcare Berwick,Glenn-Craig Villages Pty Ltd,VIC,Private for Profit,Large,4.0,5.0,3.0,3.0,33.0,0.0,11.0,45.0,223.0,64.75,0.07664975335324889
Bolton Clarke Gosling Creek | RSL Care RDNS Limited,Bolton Clarke Gosling Creek,RSL Care RDNS Limited,NSW,Not for Profit,Medium,4.0,5.0,3.0,4.0,31.0,0.0,8.0,45.0,218.0,40.083333333333336,0.07660990310283586
Bolton Clarke Somerton Park | RSL Care RDNS Limited,Bolton Clarke Somerton Park,RSL Care RDNS Limited,SA,Not for Profit,Medium,4.0,5.0,3.0,3.0,26.0,0.0,11.0,44.0,234.0,46.666666666666664,0.07585104066183168
MercyCare Wembley Catherine McAuley | Mercy Community Services Limited,MercyCare Wembley Catherine McAuley,Mercy Community Services Limited,WA,Not for Profit,Large,4.0,5.0,5.0,3.0,32.0,1.0,19.0,48.0,237.0,46.833333333333336,0.07359052580561043
Churches of Christ Arcadia Aged Care Service | Churches of Christ in Queensland,Churches of Christ Arcadia Aged Care Service,Churches of Christ in Queensland,VIC,Not for Profit,Medium,4.0,5.0,5.0,3.0,36.0,0.0,16.0,54.0,227.0,38.333333333333336,0.07329087109597934
Glenara Lakes | Southern Cross Care (Tas) Inc,Glenara Lakes,Southern Cross Care (Tas) Inc,TAS,Not for Profit,Medium,3.0,5.0,2.0,3.0,43.0,0.0,20.0,42.0,219.0,52.083333333333336,0.07298444927770852
Kerrisdale Gardens | Good Shepherd Lodge Ltd,Kerrisdale Gardens,Good Shepherd Lodge Ltd,QLD,Not for Profit,Medium,4.0,5.0,5.0,1.0,32.0,0.0,12.0,61.0,236.0,45.5,0.07272527946129503
Ashleigh House Hostel | Ashleigh House Ltd,Ashleigh House Hostel,Ashleigh House Ltd,VIC,Not for Profit,Medium,4.0,4.0,5.0,3.0,39.0,2.0,23.0,53.0,226.0,87.08333333333333,0.07267615629196214
Karingal Gardens | Bushland Health Group Limited,Karingal Gardens,Bushland Health Group Limited,NSW,Not for Profit,Medium,4.0,5.0,5.0,3.0,32.0,1.0,52.0,57.0,255.0,73.0,0.0720006962728286
Arcare Oatlands | Arcare Pty Ltd,Arcare Oatlands,Arcare Pty Ltd,NSW,Private for Profit,Large,4.0,5.0,3.0,3.0,31.0,1.0,22.0,45.0,218.0,68.25,0.07167220707468591
Regis Port Macquarie | Regis Aged Care Pty Ltd,Regis Port Macquarie,Regis Aged Care Pty Ltd,NSW,Private for Profit,Medium,4.0,5.0,1.0,4.0,32.0,0.0,15.0,40.0,203.0,57.5,0.06999352768154245
Warramunda Village Hostel | WARRAMUNDA VILLAGE LIMITED,Warramunda Village Hostel,WARRAMUNDA VILLAGE LIMITED,VIC,Not for Profit,Medium,4.0,4.0,3.0,3.0,19.0,1.0,7.0,43.0,210.0,68.75,0.0693790584773506
Bupa Maroubra | Bupa Aged Care Australia Pty Ltd,Bupa Maroubra,Bupa Aged Care Australia Pty Ltd,NSW,Private for Profit,Medium,3.0,5.0,1.0,3.0,34.0,0.0,18.0,43.0,227.0,51.666666666666664,0.06880193384748512
Mercy Place Mandurah | Mercy Aged and Community Care Ltd,Mercy Place Mandurah,Mercy Aged and Community Care Ltd,WA,Not for Profit,Medium,3.0,4.0,2.0,3.0,41.0,1.0,8.0,48.0,211.0,47.666666666666664,0.06676601939090367
Baptcare - Westhaven Community | Baptcare Ltd,Baptcare - Westhaven Community,Baptcare Ltd,VIC,Not for Profit,Medium,4.0,5.0,3.0,4.0,36.0,1.0,7.0,44.0,219.0,53.583333333333336,0.06616226272934814
Castlemaine Health | Dhelkaya Health,Castlemaine Health,Dhelkaya Health,VIC,Government,Large,4.0,5.0,5.0,3.0,40.0,1.0,27.0,55.0,226.0,69.75,0.06526657047918027
Baptcare - Hedley Sutton Community | Baptcare Ltd,Baptcare - Hedley Sutton Community,Baptcare Ltd,VIC,Not for Profit,Medium,3.0,5.0,2.0,3.0,38.0,1.0,10.0,43.0,196.0,39.666666666666664,0.06418743130140217
Uniting Autumn Lodge Butler Street | The Uniting Church in Australia Property Trust (NSW),Uniting Autumn Lodge Butler Street,The Uniting Church in Australia Property Trust (NSW),NSW,Not for Profit,Medium,4.0,5.0,3.0,4.0,34.0,1.0,25.0,42.0,197.0,49.416666666666664,0.06412259554277079
Bolton Clarke Baycrest | RSL Care RDNS Limited,Bolton Clarke Baycrest,RSL Care RDNS Limited,QLD,Not for Profit,Medium,4.0,5.0,3.0,3.0,30.0,1.0,11.0,42.0,224.0,60.0,0.061816927535008
Embracia in Reservoir | Embracia Victoria Pty Ltd,Embracia in Reservoir,Embracia Victoria Pty Ltd,VIC,Private for Profit,Medium,4.0,5.0,2.0,3.0,36.0,1.0,20.0,43.0,217.0,55.083333333333336,0.06167842731777311
Torbay | Torbay Lifestyles and Care Limited,Torbay,Torbay Lifestyles and Care Limited,QLD,Not for Profit,Large,4.0,5.0,5.0,2.0,34.0,0.0,36.0,47.0,217.0,65.66666666666667,0.06097462201605394
Arcare Balnarring | Arcare Pty Ltd,Arcare Balnarring,Arcare Pty Ltd,VIC,Private for Profit,Medium,4.0,5.0,3.0,3.0,30.0,1.0,24.0,44.0,211.0,58.916666666666664,0.060661770543477864
Mary Mackillop Hostel Carrington Retirement Village | Carrington Centennial Care Limited,Mary Mackillop Hostel Carrington Retirement Village,Carrington Centennial Care Limited,NSW,Not for Profit,Medium,4.0,5.0,3.0,3.0,31.0,0.0,17.0,43.0,208.0,49.416666666666664,0.05988793166181265
Donwood Community Aged Care Services | Donwood Community Aged Care Services Inc,Donwood Community Aged Care Services,Donwood Community Aged Care Services Inc,VIC,Not for Profit,Large,3.0,5.0,2.0,3.0,30.0,0.0,16.0,40.0,221.0,49.166666666666664,0.05931313971283651
Benevolent Living | Benevolent Aged Care Ltd,Benevolent Living,Benevolent Aged Care Ltd,QLD,Not for Profit,Large,4.0,5.0,2.0,4.0,32.0,0.0,17.0,44.0,207.0,49.25,0.058347580096317186
Calvary Elouera | Calvary Aged Care Limited,Calvary Elouera,Calvary Aged Care Limited,VIC,Not for Profit,Medium,,,2.0,3.0,39.0,0.0,43.0,47.0,203.0,53.25,0.057982028956057766
Boronia House | Thompson Health Care Pty Ltd,Boronia House,Thompson Health Care Pty Ltd,NSW,Private for Profit,Large,4.0,5.0,3.0,3.0,39.0,0.0,58.0,45.0,225.0,70.0,0.05715698315934606
RFBI Dubbo Masonic Village | Royal Freemasons' Benevolent Institution,RFBI Dubbo Masonic Village,Royal Freemasons' Benevolent Institution,NSW,Not for Profit,Medium,3.0,5.0,1.0,3.0,31.0,0.0,30.0,40.0,221.0,76.33333333333333,0.05582192975749736
The Alba Aged Care Suites | Australian Unity Care Services Pty Ltd,The Alba Aged Care Suites,Australian Unity Care Services Pty Ltd,VIC,Private for Profit,Large,4.0,4.0,5.0,3.0,34.0,1.0,17.0,52.0,235.0,55.916666666666664,0.054128537775465585
Southern Cross Care Raceview - St Mary's | Southern Cross Care (QLD) Ltd,Southern Cross Care Raceview - St Mary's,Southern Cross Care (QLD) Ltd,QLD,Not for Profit,Medium,4.0,5.0,2.0,3.0,31.0,1.0,7.0,51.0,220.0,70.58333333333333,0.052067817343005876
Princes Court Homes Hostel | PRINCES COURT LTD.,Princes Court Homes Hostel,PRINCES COURT LTD.,VIC,Not for Profit,Medium,3.0,5.0,1.0,3.0,27.0,1.0,11.0,40.0,210.0,65.33333333333333,0.05132286606045103
Bupa Enfield | Bupa Aged Care Australia Pty Ltd,Bupa Enfield,Bupa Aged Care Australia Pty Ltd,SA,Private for Profit,Medium,3.0,5.0,1.0,3.0,33.0,0.0,27.0,45.0,219.0,45.166666666666664,0.05007242447922243
Amana Living Peter Arney Home | Amana Living Incorporated,Amana Living Peter Arney Home,Amana Living Incorporated,WA,Not for Profit,Medium,4.0,5.0,5.0,3.0,21.0,0.0,37.0,49.0,233.0,45.833333333333336,0.04711298790985667
Regis Camberwell | Regis Aged Care Pty Ltd,Regis Camberwell,Regis Aged Care Pty Ltd,VIC,Private for Profit,Large,3.0,4.0,2.0,2.0,29.0,0.0,23.0,43.0,201.0,58.416666666666664,0.0468477515511171
Bucklands Residential Care | Southern Cross Care (SA NT & VIC) Incorporated,Bucklands Residential Care,Southern Cross Care (SA NT & VIC) Incorporated,SA,Not for Profit,Large,3.0,5.0,2.0,3.0,33.0,0.0,17.0,38.0,218.0,53.416666666666664,0.04659581661497606
Bupa North Rocks | Bupa Aged Care Australia Pty Ltd,Bupa North Rocks,Bupa Aged Care Australia Pty Ltd,NSW,Private for Profit,Large,3.0,5.0,1.0,3.0,24.0,0.0,45.0,40.0,215.0,73.75,0.04578296601717366
Mercy Place East Melbourne | Mercy Aged and Community Care Ltd,Mercy Place East Melbourne,Mercy Aged and Community Care Ltd,VIC,Not for Profit,Medium,4.0,5.0,5.0,2.0,29.0,2.0,5.0,63.0,234.0,40.416666666666664,0.04474607891832391
Jindalee Aged Care Residence | Johnson Village Services Pty Ltd,Jindalee Aged Care Residence,Johnson Village Services Pty Ltd,ACT,Private for Profit,Large,4.0,5.0,2.0,3.0,40.0,0.0,16.0,39.0,244.0,53.166666666666664,0.04463715905572753
Uniting Springwood | The Uniting Church in Australia Property Trust (NSW),Uniting Springwood,The Uniting Church in Australia Property Trust (NSW),NSW,Not for Profit,Large,4.0,5.0,3.0,3.0,27.0,0.0,17.0,45.0,219.0,43.916666666666664,0.043980223609110344
Regis Tiwi | Regis Aged Care Pty Ltd,Regis Tiwi,Regis Aged Care Pty Ltd,NT,Private for Profit,Large,4.0,5.0,3.0,3.0,32.0,1.0,21.0,48.0,234.0,41.333333333333336,0.042885978331333424
Southern Cross Care St Catherine's Residential Aged Care | Southern Cross Care (NSW & ACT) Limited,Southern Cross Care St Catherine's Residential Aged Care,Southern Cross Care (NSW & ACT) Limited,NSW,Not for Profit,Medium,3.0,4.0,2.0,3.0,39.0,0.0,31.0,44.0,214.0,42.166666666666664,0.04192819328246358
Southern Cross Care Young Residential Aged Care | Southern Cross Care (NSW & ACT) Limited,Southern Cross Care Young Residential Aged Care,Southern Cross Care (NSW & ACT) Limited,NSW,Not for Profit,Medium,3.0,5.0,2.0,3.0,29.0,0.0,8.0,41.0,210.0,39.333333333333336,0.04183953139564314
Langwarrin Community Aged Care | Luson Aged Care Pty Ltd,Langwarrin Community Aged Care,Luson Aged Care Pty Ltd,VIC,Not for Profit,Large,3.0,4.0,2.0,3.0,20.0,0.0,18.0,42.0,217.0,52.25,0.04092487880945159
Bolton Clarke Lexington Gardens | RSL Care RDNS Limited,Bolton Clarke Lexington Gardens,RSL Care RDNS Limited,VIC,Not for Profit,Medium,4.0,5.0,3.0,4.0,28.0,0.0,0.0,47.0,221.0,30.416666666666668,0.04060350874220975
Resthaven Marion | Resthaven Inc,Resthaven Marion,Resthaven Inc,SA,Not for Profit,Large,4.0,5.0,3.0,3.0,32.0,1.0,19.0,43.0,210.0,46.416666666666664,0.039022760076481366
Ron Middleton VC Gardens | RSL LifeCare Limited,Ron Middleton VC Gardens,RSL LifeCare Limited,NSW,Not for Profit,Medium,4.0,4.0,3.0,3.0,29.0,0.0,12.0,45.0,221.0,58.75,0.038566485111357844
Acacia Living Group Menora Gardens Aged Care Facility | RSL Care RDNS Limited,Acacia Living Group Menora Gardens Aged Care Facility,RSL Care RDNS Limited,WA,Not for Profit,Large,4.0,4.0,5.0,4.0,33.0,1.0,14.0,48.0,245.0,43.333333333333336,0.03849081059630054
Calvary Kingston Gardens | Calvary Aged Care Limited,Calvary Kingston Gardens,Calvary Aged Care Limited,VIC,Not for Profit,Large,,,4.0,3.0,29.0,0.0,54.0,48.0,216.0,22.75,0.03800761153936383
James Grimes Care Centre | Sundale Ltd,James Grimes Care Centre,Sundale Ltd,QLD,Not for Profit,Medium,4.0,5.0,4.0,3.0,28.0,1.0,17.0,54.0,219.0,71.5,0.0353568979706102
Killara Gardens Aged Care | Pathways Aged Care Pty Limited,Killara Gardens Aged Care,Pathways Aged Care Pty Limited,NSW,Private for Profit,Medium,4.0,5.0,3.0,3.0,41.0,0.0,12.0,45.0,219.0,59.5,0.033752520831701265
Regis Alawarra Lodge | Regis Aged Care Pty Ltd,Regis Alawarra Lodge,Regis Aged Care Pty Ltd,VIC,Private for Profit,Medium,4.0,5.0,3.0,4.0,28.0,1.0,11.0,47.0,222.0,42.583333333333336,0.033240083802875714
Mercy Place Colac | Mercy Aged and Community Care Ltd,Mercy Place Colac,Mercy Aged and Community Care Ltd,VIC,Not for Profit,Large,4.0,5.0,2.0,3.0,24.0,2.0,22.0,58.0,212.0,53.333333333333336,0.03298975427239857
Eldercare Evanston Park | Eldercare Australia Ltd,Eldercare Evanston Park,Eldercare Australia Ltd,SA,Not for Profit,Medium,3.0,5.0,1.0,4.0,33.0,0.0,17.0,43.0,214.0,29.0,0.03298076069229133
Bupa Kyneton | Bupa Aged Care Australia Pty Ltd,Bupa Kyneton,Bupa Aged Care Australia Pty Ltd,VIC,Private for Profit,Medium,3.0,5.0,1.0,3.0,29.0,0.0,11.0,43.0,192.0,43.666666666666664,0.032895819907109755
Abbey House Aged Care | Thompson Health Care Pty Ltd,Abbey House Aged Care,Thompson Health Care Pty Ltd,NSW,Private for Profit,Large,4.0,4.0,3.0,3.0,30.0,0.0,63.0,45.0,229.0,65.66666666666667,0.03228533573920202
Tabulam & Templer Home for the Aged | Tabulam & Templer Homes for the Aged Inc,Tabulam & Templer Home for the Aged,Tabulam & Templer Homes for the Aged Inc,VIC,Not for Profit,Large,4.0,5.0,4.0,3.0,43.0,1.0,10.0,53.0,214.0,55.333333333333336,0.031381916606109596
Mercy Place Mont Clare | Mercy Aged and Community Care Ltd,Mercy Place Mont Clare,Mercy Aged and Community Care Ltd,WA,Not for Profit,Medium,3.0,4.0,2.0,5.0,28.0,0.0,3.0,36.0,220.0,31.083333333333332,0.030882625525149532
Jewish Care (VIC) Inc Residential Homes Carnegie | Jewish Care (Victoria) Inc,Jewish Care (VIC) Inc Residential Homes Carnegie,Jewish Care (Victoria) Inc,VIC,Not for Profit,Large,4.0,5.0,4.0,3.0,35.0,0.0,32.0,48.0,217.0,39.166666666666664,0.030063553444732355
St Annes Nursing Home | Southern Cross Care (QLD) Ltd,St Annes Nursing Home,Southern Cross Care (QLD) Ltd,NSW,Not for Profit,Medium,,,4.0,2.0,23.0,1.0,28.0,54.0,229.0,43.25,0.029575661391042035
Coolibah Care | Mandurah Retirement Village,Coolibah Care,Mandurah Retirement Village,WA,Not for Profit,Large,4.0,5.0,3.0,3.0,38.0,0.0,43.0,43.0,226.0,53.666666666666664,0.029228947170629408
Alcheringa | Respect Group Limited,Alcheringa,Respect Group Limited,VIC,Not for Profit,Medium,4.0,5.0,2.0,2.0,27.0,2.0,32.0,53.0,218.0,66.75,0.028819192946526115
Estia Health Epping - The Poplars | Estia Investments Pty Ltd,Estia Health Epping - The Poplars,Estia Investments Pty Ltd,NSW,Private for Profit,Large,4.0,5.0,3.0,3.0,44.0,1.0,9.0,47.0,237.0,70.0,0.028775135785406372
Brookfield Green | The Baptist Union of Queensland,Brookfield Green,The Baptist Union of Queensland,QLD,Not for Profit,Medium,4.0,5.0,4.0,3.0,28.0,1.0,15.0,47.0,224.0,46.5,0.0286870655442632
BaptistCare Griffith | BaptistCare,BaptistCare Griffith,BaptistCare,ACT,Not for Profit,Large,4.0,5.0,2.0,4.0,36.0,1.0,25.0,42.0,225.0,66.16666666666667,0.028546575540894042
Helping Hand Aged Care - Mawson Lakes Facility | Helping Hand Aged Care Inc,Helping Hand Aged Care - Mawson Lakes Facility,Helping Hand Aged Care Inc,SA,Not for Profit,Medium,4.0,5.0,3.0,3.0,32.0,0.0,15.0,43.0,216.0,56.583333333333336,0.027905701871372927
Craigcare Moonee Ponds | Glenn-Craig Villages Pty Ltd,Craigcare Moonee Ponds,Glenn-Craig Villages Pty Ltd,VIC,Private for Profit,Large,4.0,5.0,3.0,3.0,27.0,1.0,6.0,47.0,224.0,45.416666666666664,0.027440615805281413
Mountain View Aged Care Plus Centre | The Salvation Army (NSW) Property Trust,Mountain View Aged Care Plus Centre,The Salvation Army (NSW) Property Trust,ACT,Not for Profit,Medium,4.0,5.0,5.0,3.0,35.0,1.0,27.0,49.0,231.0,52.916666666666664,0.027238639998727457
Resthaven Malvern | Resthaven Inc,Resthaven Malvern,Resthaven Inc,SA,Not for Profit,Medium,4.0,5.0,3.0,3.0,38.0,0.0,13.0,45.0,222.0,37.666666666666664,0.025528399994388606
Ozcare Villa Rosalie Newstead | Ozcare,Ozcare Villa Rosalie Newstead,Ozcare,QLD,Not for Profit,Large,4.0,5.0,2.0,2.0,35.0,0.0,36.0,51.0,208.0,50.916666666666664,0.023507796961224153
Estia Health Bannockburn | Estia Investments Pty Ltd,Estia Health Bannockburn,Estia Investments Pty Ltd,VIC,Private for Profit,Large,3.0,5.0,2.0,3.0,38.0,1.0,22.0,48.0,209.0,49.5,0.02336642421062765
Bethany | Mercy Health and Aged Care Central Queensland Limited,Bethany,Mercy Health and Aged Care Central Queensland Limited,QLD,Not for Profit,Large,4.0,5.0,3.0,3.0,26.0,0.0,17.0,44.0,206.0,51.333333333333336,0.02298646502595647
Mount Carmel Residential Care | Southern Cross Care (SA NT & VIC) Incorporated,Mount Carmel Residential Care,Southern Cross Care (SA NT & VIC) Incorporated,SA,Not for Profit,Medium,4.0,5.0,2.0,4.0,23.0,1.0,13.0,43.0,221.0,44.666666666666664,0.022458451780289823
Karri and Tuart Lodge | Air Force Association WA Limited,Karri and Tuart Lodge,Air Force Association WA Limited,WA,Not for Profit,Large,4.0,5.0,5.0,3.0,29.0,1.0,21.0,53.0,235.0,45.166666666666664,0.021870881147407303
Catholic Healthcare Bodington | Catholic Healthcare Limited,Catholic Healthcare Bodington,Catholic Healthcare Limited,NSW,Not for Profit,Large,4.0,5.0,3.0,3.0,35.0,0.0,16.0,45.0,217.0,50.416666666666664,0.021648210750029616
Ozcare Malanda | Ozcare,Ozcare Malanda,Ozcare,QLD,Not for Profit,Medium,4.0,5.0,5.0,3.0,36.0,1.0,32.0,52.0,226.0,61.916666666666664,0.021307954246584708
Fronditha Thalpori Aged Care Services - St Albans | Fronditha Care,Fronditha Thalpori Aged Care Services - St Albans,Fronditha Care,VIC,Not for Profit,Medium,4.0,5.0,2.0,3.0,28.0,0.0,34.0,45.0,219.0,68.66666666666667,0.02109824017895412
Helping Hand Aged Care - Doreen Bond House | Helping Hand Aged Care Inc,Helping Hand Aged Care - Doreen Bond House,Helping Hand Aged Care Inc,SA,Not for Profit,Medium,4.0,5.0,3.0,3.0,30.0,0.0,39.0,48.0,234.0,51.166666666666664,0.02028571753592727
Anglican Care Bishop Tyrrell Place | Anglican Care,Anglican Care Bishop Tyrrell Place,Anglican Care,NSW,Not for Profit,Medium,3.0,4.0,2.0,3.0,30.0,0.0,15.0,47.0,201.0,52.416666666666664,0.02022766395916003
Mayflower Brighton | Mayflower Brighton,Mayflower Brighton,Mayflower Brighton,VIC,Not for Profit,Large,4.0,5.0,2.0,3.0,25.0,1.0,15.0,45.0,207.0,62.666666666666664,0.01981130869046261
Cooinda | Respect Group Limited,Cooinda,Respect Group Limited,NSW,Not for Profit,Medium,3.0,5.0,1.0,3.0,22.0,0.0,20.0,40.0,211.0,54.166666666666664,0.017738799211232083
Villa Maria Centre | Catholic Healthcare Limited,Villa Maria Centre,Catholic Healthcare Limited,QLD,Not for Profit,Large,4.0,5.0,4.0,2.0,33.0,0.0,14.0,47.0,209.0,53.583333333333336,0.01614498036843414
Emerald Hill Residence | Claremont and Southport Aged Care Limited,Emerald Hill Residence,Claremont and Southport Aged Care Limited,VIC,Not for Profit,Large,4.0,5.0,5.0,4.0,34.0,1.0,11.0,48.0,221.0,38.0,0.015866554023690332
Singleton Community Aged Care | Luson Aged Care Pty Ltd,Singleton Community Aged Care,Luson Aged Care Pty Ltd,WA,Not for Profit,Large,3.0,4.0,2.0,3.0,30.0,0.0,15.0,44.0,224.0,40.75,0.015860194244222164
Trinity Manor Greensborough | Trinity Care Pty Ltd,Trinity Manor Greensborough,Trinity Care Pty Ltd,VIC,Private for Profit,Medium,4.0,5.0,3.0,3.0,33.0,1.0,26.0,44.0,219.0,32.833333333333336,0.013786481489245606
Bolton Clarke Charlesbrook | RSL Care RDNS Limited,Bolton Clarke Charlesbrook,RSL Care RDNS Limited,VIC,Not for Profit,Medium,4.0,4.0,5.0,3.0,30.0,0.0,39.0,55.0,246.0,36.5,0.012616892238235589
Churches of Christ Moonah Park Aged Care Service | Churches of Christ in Queensland,Churches of Christ Moonah Park Aged Care Service,Churches of Christ in Queensland,QLD,Not for Profit,Medium,4.0,5.0,3.0,2.0,29.0,0.0,32.0,43.0,214.0,51.333333333333336,0.012365141493829682
Lutheran Services - Orana | LUTHERAN CHURCH OF AUSTRALIA QUEENSLAND DISTRICT,Lutheran Services - Orana,LUTHERAN CHURCH OF AUSTRALIA QUEENSLAND DISTRICT,QLD,Not for Profit,Medium,4.0,5.0,4.0,3.0,23.0,1.0,23.0,50.0,204.0,64.83333333333333,0.010989230380255607
Ozcare Caroline Chisholm | Ozcare,Ozcare Caroline Chisholm,Ozcare,QLD,Not for Profit,Large,4.0,5.0,4.0,2.0,35.0,1.0,26.0,51.0,208.0,58.416666666666664,0.010574674597811005
Infinite Care Tweed | Temahl (Aust) Pty Ltd,Infinite Care Tweed,Temahl (Aust) Pty Ltd,NSW,Private for Profit,Large,3.0,5.0,2.0,3.0,33.0,0.0,29.0,45.0,213.0,50.416666666666664,0.01054127609149249
Pathways Cronulla Pines | Pathways Aged Care Pty Limited,Pathways Cronulla Pines,Pathways Aged Care Pty Limited,NSW,Private for Profit,Large,3.0,4.0,3.0,2.0,33.0,0.0,23.0,45.0,221.0,49.416666666666664,0.010354942439075851
Bolton Clarke Carrington | RSL Care RDNS Limited,Bolton Clarke Carrington,RSL Care RDNS Limited,QLD,Not for Profit,Large,4.0,5.0,3.0,2.0,39.0,0.0,18.0,46.0,211.0,61.833333333333336,0.008438927131033558
Southern Cross Care Holland Park - Duhig Village | Southern Cross Care (QLD) Ltd,Southern Cross Care Holland Park - Duhig Village,Southern Cross Care (QLD) Ltd,QLD,Not for Profit,Large,4.0,5.0,2.0,3.0,36.0,0.0,20.0,47.0,224.0,55.083333333333336,0.007364877211980101
Villa Maria Catholic Homes Berwick Aged Care Residence | Villa Maria Catholic Homes Limited,Villa Maria Catholic Homes Berwick Aged Care Residence,Villa Maria Catholic Homes Limited,VIC,Not for Profit,Medium,4.0,5.0,4.0,3.0,24.0,1.0,19.0,47.0,228.0,53.416666666666664,0.007354376854774879
St Ann's | Respect Group Limited,St Ann's,Respect Group Limited,TAS,Not for Profit,Large,4.0,5.0,1.0,4.0,30.0,0.0,31.0,37.0,215.0,56.25,0.007216208994223381
Uniting Edinglassie Lodge Penrith | The Uniting Church in Australia Property Trust (NSW),Uniting Edinglassie Lodge Penrith,The Uniting Church in Australia Property Trust (NSW),NSW,Not for Profit,Medium,4.0,5.0,3.0,3.0,28.0,0.0,24.0,47.0,243.0,39.416666666666664,0.005560196965755104
Fairway Rise | Southern Cross Care (Tas) Inc,Fairway Rise,Southern Cross Care (Tas) Inc,TAS,Not for Profit,Medium,3.0,5.0,2.0,3.0,39.0,1.0,28.0,45.0,201.0,50.333333333333336,0.004540427139640597
Horton House and Warmington Lodge | Yass Valley Aged Care Limited,Horton House and Warmington Lodge,Yass Valley Aged Care Limited,NSW,Private for Profit,Medium,4.0,5.0,3.0,3.0,30.0,2.0,0.0,43.0,202.0,82.75,0.004422463304657953
Koh-I-Noor Contemporary Care | ALINEA INC.,Koh-I-Noor Contemporary Care,ALINEA INC.,WA,Not for Profit,Medium,4.0,5.0,5.0,2.0,24.0,1.0,48.0,56.0,226.0,49.583333333333336,0.00430138002889531
Bolton Clarke Glasshouse Views | RSL Care RDNS Limited,Bolton Clarke Glasshouse Views,RSL Care RDNS Limited,QLD,Not for Profit,Medium,4.0,4.0,4.0,3.0,33.0,1.0,6.0,47.0,215.0,61.833333333333336,0.002756402393858194
Wellington Park Private Care | Superior Care Group Pty Ltd,Wellington Park Private Care,Superior Care Group Pty Ltd,QLD,Private for Profit,Medium,3.0,3.0,4.0,2.0,36.0,0.0,24.0,50.0,224.0,54.916666666666664,0.0026950225098330283
Mercy Place Rice Village | Rice Village Ltd,Mercy Place Rice Village,Rice Village Ltd,VIC,Not for Profit,Medium,4.0,5.0,5.0,2.0,31.0,1.0,21.0,55.0,224.0,61.166666666666664,0.001483175203703814
Arcare Epping | Arcare Pty Ltd,Arcare Epping,Arcare Pty Ltd,VIC,Private for Profit,Large,4.0,5.0,3.0,3.0,31.0,1.0,17.0,46.0,223.0,57.25,-0.0010334538801681607
Bolton Clarke Holly | RSL Care RDNS Limited,Bolton Clarke Holly,RSL Care RDNS Limited,SA,Not for Profit,Large,4.0,5.0,4.0,3.0,33.0,0.0,24.0,46.0,225.0,37.416666666666664,-0.0017125873133664038
Baptcare - Karana Community | Baptcare Ltd,Baptcare - Karana Community,Baptcare Ltd,VIC,Not for Profit,Medium,3.0,5.0,2.0,3.0,49.0,0.0,7.0,47.0,203.0,47.25,-0.0018818004054416138
Lutheran Services - Tabeel | LUTHERAN CHURCH OF AUSTRALIA QUEENSLAND DISTRICT,Lutheran Services - Tabeel,LUTHERAN CHURCH OF AUSTRALIA QUEENSLAND DISTRICT,QLD,Not for Profit,Medium,3.0,5.0,2.0,3.0,30.0,1.0,16.0,52.0,216.0,50.5,-0.0023517707040821498
Eldercare Allambi | Eldercare Australia Ltd,Eldercare Allambi,Eldercare Australia Ltd,SA,Not for Profit,Large,3.0,4.0,3.0,3.0,41.0,0.0,16.0,45.0,216.0,44.083333333333336,-0.002396447600414117
Seven Hills Nursing Home | SEVEN HILLS NURSING HOME PTY LIMITED,Seven Hills Nursing Home,SEVEN HILLS NURSING HOME PTY LIMITED,NSW,Private for Profit,Medium,4.0,5.0,3.0,3.0,25.0,1.0,14.0,46.0,227.0,43.25,-0.0028879692545722424
Estia Health Mount Coolum | Estia Investments Pty Ltd,Estia Health Mount Coolum,Estia Investments Pty Ltd,QLD,Private for Profit,Large,4.0,5.0,4.0,2.0,35.0,1.0,5.0,52.0,222.0,56.75,-0.003484951264770997
Boandik Crouch Street | Boandik Lodge Inc,Boandik Crouch Street,Boandik Lodge Inc,SA,Not for Profit,Medium,3.0,5.0,1.0,2.0,31.0,0.0,8.0,39.0,204.0,73.75,-0.003565879816723988
Emerald Life | Fresh Fields Aged Care Pty Ltd,Emerald Life,Fresh Fields Aged Care Pty Ltd,WA,Private for Profit,Medium,,,3.0,3.0,43.0,1.0,0.0,50.0,246.0,66.16666666666667,-0.0039424050510037945
Ozcare Villa Vincent | Ozcare,Ozcare Villa Vincent,Ozcare,QLD,Not for Profit,Large,3.0,5.0,2.0,3.0,24.0,1.0,8.0,47.0,212.0,36.166666666666664,-0.004926788255606468
IRT Woonona | Illawarra Retirement Trust,IRT Woonona,Illawarra Retirement Trust,NSW,Not for Profit,Medium,4.0,5.0,3.0,1.0,26.0,1.0,33.0,46.0,233.0,76.25,-0.005297988929462594
Uniting Caroona Yamba | The Uniting Church in Australia Property Trust (NSW),Uniting Caroona Yamba,The Uniting Church in Australia Property Trust (NSW),NSW,Not for Profit,Medium,4.0,5.0,4.0,3.0,41.0,0.0,33.0,48.0,206.0,70.16666666666667,-0.005320815637186588
Estia Health Benalla (Thomas St) | Estia Investments Pty Ltd,Estia Health Benalla (Thomas St),Estia Investments Pty Ltd,VIC,Private for Profit,Large,3.0,4.0,2.0,3.0,28.0,0.0,16.0,41.0,222.0,47.666666666666664,-0.005971530533086855
Bethany Aged Care Plus Centre | The Salvation Army (NSW) Property Trust,Bethany Aged Care Plus Centre,The Salvation Army (NSW) Property Trust,NSW,Not for Profit,Medium,3.0,5.0,1.0,3.0,27.0,0.0,12.0,41.0,196.0,50.666666666666664,-0.006078402371620599
Charles Brownlow Retirement Village | Ryman Aged Care (Australia) Pty Ltd,Charles Brownlow Retirement Village,Ryman Aged Care (Australia) Pty Ltd,VIC,Private for Profit,Medium,4.0,5.0,2.0,3.0,33.0,1.0,20.0,46.0,210.0,68.0,-0.006115777050467147
UnitingSA West Lakes Aged Care | UnitingSA Ltd,UnitingSA West Lakes Aged Care,UnitingSA Ltd,SA,Not for Profit,Large,4.0,5.0,3.0,3.0,27.0,1.0,7.0,46.0,225.0,38.833333333333336,-0.006604142625471848
Dovetree | Wesley Mission Queensland Limited,Dovetree,Wesley Mission Queensland Limited,QLD,Not for Profit,Large,3.0,4.0,3.0,3.0,37.0,0.0,12.0,49.0,231.0,42.5,-0.006740601821817738
BaptistCare Bethshan Gardens Centre | BaptistCare,BaptistCare Bethshan Gardens Centre,BaptistCare,NSW,Not for Profit,Large,4.0,5.0,2.0,3.0,21.0,1.0,17.0,43.0,208.0,61.916666666666664,-0.009545419292646525
Bethel Aged Care | Java Dale Pty Ltd,Bethel Aged Care,Java Dale Pty Ltd,VIC,Private for Profit,Medium,4.0,5.0,5.0,3.0,29.0,0.0,20.0,49.0,239.0,46.5,-0.009575643921988966
Aeralife Northcote | Aeralife Pty Ltd,Aeralife Northcote,Aeralife Pty Ltd,VIC,Private for Profit,Medium,4.0,5.0,3.0,3.0,30.0,0.0,42.0,44.0,213.0,55.083333333333336,-0.009987328972867452
Roseneath Aged Care Centre Pty Ltd | Roseneath Aged Care Centre Pty Ltd,Roseneath Aged Care Centre Pty Ltd,Roseneath Aged Care Centre Pty Ltd,NSW,Private for Profit,Medium,4.0,5.0,2.0,4.0,36.0,1.0,7.0,37.0,222.0,64.25,-0.010465504399916462
Bethanie Waters | THE BETHANIE GROUP INC,Bethanie Waters,THE BETHANIE GROUP INC,WA,Not for Profit,Large,4.0,5.0,3.0,3.0,41.0,0.0,18.0,46.0,230.0,55.916666666666664,-0.010580411668985773
Gorrinn House Hostel | Ararat Retirement Village Inc,Gorrinn House Hostel,Ararat Retirement Village Inc,VIC,Not for Profit,Medium,4.0,5.0,2.0,4.0,27.0,1.0,2.0,40.0,220.0,42.166666666666664,-0.01156205847568445
Howard Solomon Residential Care | Grand Lodge of Western Australian Freemasons Homes for the Aged Inc,Howard Solomon Residential Care,Grand Lodge of Western Australian Freemasons Homes for the Aged Inc,WA,Not for Profit,Medium,4.0,5.0,3.0,3.0,35.0,0.0,14.0,44.0,220.0,52.333333333333336,-0.011750888234117185
Uniting Eden | The Uniting Church in Australia Property Trust (NSW),Uniting Eden,The Uniting Church in Australia Property Trust (NSW),NSW,Not for Profit,Medium,4.0,5.0,3.0,2.0,41.0,1.0,19.0,46.0,230.0,77.08333333333333,-0.015267094832354444
Regis Sandgate - Musgrave | Regis Aged Care Pty Ltd,Regis Sandgate - Musgrave,Regis Aged Care Pty Ltd,QLD,Private for Profit,Large,4.0,5.0,3.0,4.0,31.0,1.0,8.0,45.0,215.0,59.75,-0.015741922589453387
St Vincent's Care Services Werribee | St Vincent's Care Services Ltd,St Vincent's Care Services Werribee,St Vincent's Care Services Ltd,VIC,Not for Profit,Medium,4.0,5.0,5.0,3.0,39.0,0.0,16.0,55.0,247.0,33.333333333333336,-0.016615682829681594
Warrigal Wollongong | Warrigal Care Limited,Warrigal Wollongong,Warrigal Care Limited,NSW,Not for Profit,Large,4.0,4.0,4.0,2.0,37.0,1.0,9.0,44.0,248.0,74.16666666666667,-0.016630717781632498
Durham Green Lodge Memory Care | BaptistCare,Durham Green Lodge Memory Care,BaptistCare,NSW,Not for Profit,Medium,3.0,5.0,1.0,3.0,21.0,0.0,39.0,44.0,210.0,48.75,-0.016893009572959902
IRT Tarrawanna Care Centre | Illawarra Retirement Trust,IRT Tarrawanna Care Centre,Illawarra Retirement Trust,NSW,Not for Profit,Medium,4.0,5.0,5.0,2.0,26.0,1.0,23.0,47.0,246.0,70.41666666666667,-0.017072374572423332
Yaralla Place | APOLLO CARE OPERATIONS PTY LIMITED,Yaralla Place,APOLLO CARE OPERATIONS PTY LIMITED,QLD,Private for Profit,Medium,4.0,5.0,3.0,3.0,32.0,1.0,3.0,45.0,225.0,56.666666666666664,-0.018218451100780388
SWIAA Gardens | SWIAA Limited,SWIAA Gardens,SWIAA Limited,NSW,Not for Profit,Large,3.0,4.0,3.0,2.0,32.0,0.0,24.0,46.0,233.0,52.416666666666664,-0.018478486144775295
St Vincent's Care Services Toowoomba - Nursing Home | St Vincent's Care Services Ltd,St Vincent's Care Services Toowoomba - Nursing Home,St Vincent's Care Services Ltd,QLD,Not for Profit,Medium,4.0,5.0,5.0,2.0,26.0,1.0,5.0,48.0,224.0,59.5,-0.01881435306825873
Villa Maria Catholic Homes Ashwood Aged Care Residence | Villa Maria Catholic Homes Limited,Villa Maria Catholic Homes Ashwood Aged Care Residence,Villa Maria Catholic Homes Limited,VIC,Not for Profit,Medium,4.0,5.0,4.0,4.0,25.0,1.0,14.0,48.0,229.0,41.583333333333336,-0.01944761736809414
Infinite Care Cleveland | Senjah Pty. Ltd.,Infinite Care Cleveland,Senjah Pty. Ltd.,QLD,Private for Profit,Large,4.0,5.0,4.0,3.0,33.0,0.0,28.0,49.0,224.0,59.833333333333336,-0.019476188309836717
Holloway Aged Care Services | Holloway Aged Care Services Incorporated,Holloway Aged Care Services,Holloway Aged Care Services Incorporated,VIC,Not for Profit,Medium,5.0,5.0,5.0,2.0,24.0,1.0,23.0,53.0,252.0,80.41666666666667,-0.019721462605727075
Estia Health Ringwood | Estia Investments Pty Ltd,Estia Health Ringwood,Estia Investments Pty Ltd,VIC,Private for Profit,Large,4.0,5.0,3.0,3.0,31.0,1.0,15.0,45.0,233.0,52.25,-0.019751155880254015
Estia Health Manly Vale | Estia Investments Pty Ltd,Estia Health Manly Vale,Estia Investments Pty Ltd,NSW,Private for Profit,Medium,3.0,5.0,1.0,3.0,35.0,1.0,20.0,43.0,212.0,68.66666666666667,-0.019765016514549122
BaptistCare Warabrook Centre | BaptistCare,BaptistCare Warabrook Centre,BaptistCare,NSW,Not for Profit,Large,3.0,5.0,1.0,3.0,28.0,0.0,28.0,42.0,219.0,60.583333333333336,-0.020003570404357893
Regis Lodges on George | CPSM Pty Ltd,Regis Lodges on George,CPSM Pty Ltd,QLD,Private for Profit,Large,4.0,5.0,3.0,3.0,39.0,0.0,12.0,46.0,219.0,50.0,-0.020592012177788083
Aegis Alfred Carson | Aegis Aged Care Group Pty Ltd,Aegis Alfred Carson,Aegis Aged Care Group Pty Ltd,WA,Private for Profit,Medium,4.0,5.0,4.0,3.0,41.0,0.0,27.0,46.0,220.0,44.083333333333336,-0.02097250574150275
Regis Embleton | Regis Aged Care Pty Ltd,Regis Embleton,Regis Aged Care Pty Ltd,WA,Private for Profit,Medium,3.0,5.0,2.0,3.0,27.0,1.0,7.0,47.0,230.0,43.333333333333336,-0.021187785762002018
Bupa Clemton Park | Bupa Aged Care Australia Pty Ltd,Bupa Clemton Park,Bupa Aged Care Australia Pty Ltd,NSW,Private for Profit,Large,4.0,5.0,2.0,3.0,26.0,0.0,11.0,40.0,228.0,51.666666666666664,-0.021960275473855893
Eldercare Trowbridge House | Eldercare Australia Ltd,Eldercare Trowbridge House,Eldercare Australia Ltd,SA,Not for Profit,Medium,4.0,5.0,4.0,3.0,42.0,1.0,22.0,51.0,226.0,43.583333333333336,-0.022936720790656423
Vermont Aged Care | Georjose Pty Ltd,Vermont Aged Care,Georjose Pty Ltd,VIC,Private for Profit,Medium,4.0,5.0,2.0,3.0,39.0,1.0,3.0,43.0,194.0,58.75,-0.024252294311452628
Uniting Amala Gordon ACT | The Uniting Church in Australia Property Trust (NSW),Uniting Amala Gordon ACT,The Uniting Church in Australia Property Trust (NSW),ACT,Not for Profit,Large,4.0,5.0,3.0,3.0,37.0,1.0,18.0,43.0,212.0,57.083333333333336,-0.02455334749302805
Wattleglen | Respect Group Limited,Wattleglen,Respect Group Limited,VIC,Not for Profit,Medium,3.0,4.0,2.0,2.0,38.0,1.0,18.0,53.0,197.0,57.166666666666664,-0.025200275507541108
Arcare Caulfield | Arcare Pty Ltd,Arcare Caulfield,Arcare Pty Ltd,VIC,Private for Profit,Large,4.0,5.0,3.0,3.0,45.0,0.0,25.0,43.0,204.0,72.41666666666667,-0.02582068370335519
Estia Health Craigmore | Estia Investments Pty Ltd,Estia Health Craigmore,Estia Investments Pty Ltd,SA,Private for Profit,Large,3.0,5.0,2.0,3.0,35.0,0.0,8.0,42.0,228.0,43.666666666666664,-0.026102131205812368
Advantaged Care at Edensor Gardens | Advantaged Care 4 Pty Limited,Advantaged Care at Edensor Gardens,Advantaged Care 4 Pty Limited,NSW,Private for Profit,Large,4.0,5.0,3.0,3.0,32.0,1.0,12.0,44.0,217.0,58.583333333333336,-0.02670557925079117
Bolton Clarke Inverpine | RSL Care RDNS Limited,Bolton Clarke Inverpine,RSL Care RDNS Limited,QLD,Not for Profit,Medium,4.0,5.0,4.0,3.0,38.0,0.0,24.0,52.0,223.0,52.166666666666664,-0.027888947618232268
Outlook Gardens Aged Care | Association for Christian Senior Citizens Homes Inc,Outlook Gardens Aged Care,Association for Christian Senior Citizens Homes Inc,VIC,Not for Profit,Medium,4.0,5.0,4.0,4.0,29.0,1.0,32.0,48.0,214.0,54.0,-0.029122762095737532
Estia Health Nambour | Estia Investments Pty Ltd,Estia Health Nambour,Estia Investments Pty Ltd,QLD,Private for Profit,Medium,4.0,5.0,3.0,3.0,37.0,1.0,13.0,48.0,218.0,73.25,-0.029415648376437925
Uniting Edinglassie Emu Plains | The Uniting Church in Australia Property Trust (NSW),Uniting Edinglassie Emu Plains,The Uniting Church in Australia Property Trust (NSW),NSW,Not for Profit,Medium,4.0,5.0,3.0,3.0,24.0,1.0,3.0,45.0,220.0,56.25,-0.030357183446889188
Regis Cranbourne | Regis Aged Care Pty Ltd,Regis Cranbourne,Regis Aged Care Pty Ltd,VIC,Private for Profit,Large,3.0,5.0,2.0,3.0,33.0,1.0,14.0,45.0,222.0,48.333333333333336,-0.030765928932786422
Onkaparinga Lodge Residential Care | Southern Cross Care (SA NT & VIC) Incorporated,Onkaparinga Lodge Residential Care,Southern Cross Care (SA NT & VIC) Incorporated,SA,Not for Profit,Medium,3.0,5.0,1.0,3.0,41.0,0.0,10.0,40.0,216.0,47.333333333333336,-0.031963014659777536
Mary Ogilvy Home | The Mary Ogilvy Homes Society,Mary Ogilvy Home,The Mary Ogilvy Homes Society,TAS,Not for Profit,Medium,4.0,5.0,3.0,3.0,30.0,1.0,23.0,45.0,213.0,50.666666666666664,-0.032329621565094835
Regis Blackburn | Regis Aged Care Pty Ltd,Regis Blackburn,Regis Aged Care Pty Ltd,VIC,Private for Profit,Large,3.0,5.0,2.0,2.0,26.0,1.0,19.0,46.0,220.0,46.5,-0.032777952949012576
Samarinda Lodge | Boroondara Aged Services Society,Samarinda Lodge,Boroondara Aged Services Society,VIC,Not for Profit,Medium,3.0,4.0,3.0,3.0,24.0,0.0,11.0,46.0,220.0,50.5,-0.033458879114091025
Regis Camp Hill | CPSM Pty Ltd,Regis Camp Hill,CPSM Pty Ltd,QLD,Private for Profit,Large,4.0,5.0,3.0,3.0,26.0,2.0,16.0,47.0,225.0,56.25,-0.033792866436752576
Goodwin Monash | Goodwin Aged Care Services Limited,Goodwin Monash,Goodwin Aged Care Services Limited,ACT,Not for Profit,Large,4.0,5.0,3.0,4.0,35.0,1.0,3.0,43.0,207.0,46.25,-0.03467568304599132
Tyler Village | Respect Group Limited,Tyler Village,Respect Group Limited,TAS,Not for Profit,Medium,4.0,5.0,2.0,3.0,20.0,2.0,17.0,36.0,221.0,76.33333333333333,-0.03521132302880284
Churches of Christ Little Mountain Aged Care Service | Churches of Christ in Queensland,Churches of Christ Little Mountain Aged Care Service,Churches of Christ in Queensland,QLD,Not for Profit,Medium,4.0,5.0,3.0,3.0,34.0,1.0,14.0,43.0,197.0,51.833333333333336,-0.035216792324888425
SwanCare Ningana | SwanCare Group Inc,SwanCare Ningana,SwanCare Group Inc,WA,Not for Profit,Large,3.0,5.0,1.0,3.0,40.0,0.0,18.0,43.0,210.0,51.75,-0.03533449200549841
Bethanie Subiaco | THE BETHANIE GROUP INC,Bethanie Subiaco,THE BETHANIE GROUP INC,WA,Not for Profit,Medium,4.0,5.0,3.0,3.0,34.0,1.0,2.0,44.0,214.0,52.583333333333336,-0.035994246751013655
Bolton Clarke Sutton Park | RSL Care RDNS Limited,Bolton Clarke Sutton Park,RSL Care RDNS Limited,VIC,Not for Profit,Large,4.0,4.0,4.0,3.0,33.0,0.0,12.0,51.0,228.0,42.166666666666664,-0.03653039143008201
RFBI Moonbi Masonic Village - Jim Holm | Royal Freemasons' Benevolent Institution,RFBI Moonbi Masonic Village - Jim Holm,Royal Freemasons' Benevolent Institution,NSW,Not for Profit,Medium,3.0,5.0,1.0,3.0,32.0,1.0,33.0,41.0,206.0,55.583333333333336,-0.03818190232030503
Narangba Community Aged Care | Luson Aged Care Pty Ltd,Narangba Community Aged Care,Luson Aged Care Pty Ltd,QLD,Not for Profit,Large,3.0,4.0,3.0,4.0,21.0,0.0,12.0,46.0,223.0,39.0,-0.03830658302313383
Churches of Christ Clive Burdeu Aged Care Service | Churches of Christ in Queensland,Churches of Christ Clive Burdeu Aged Care Service,Churches of Christ in Queensland,QLD,Not for Profit,Medium,4.0,5.0,4.0,2.0,28.0,1.0,19.0,48.0,219.0,66.0,-0.03886546981183847
Randwick Montefiore Home | The Sir Moses Montefiore Jewish Home,Randwick Montefiore Home,The Sir Moses Montefiore Jewish Home,NSW,Not for Profit,Large,4.0,5.0,5.0,1.0,44.0,1.0,19.0,53.0,234.0,62.583333333333336,-0.03899341395408408
Walmsley Aged Care | Australian Unity Care Services Pty Ltd,Walmsley Aged Care,Australian Unity Care Services Pty Ltd,VIC,Private for Profit,Large,4.0,5.0,3.0,3.0,33.0,1.0,19.0,47.0,221.0,54.833333333333336,-0.03932154671371891
Estia Health Southport | Estia Investments Pty Ltd,Estia Health Southport,Estia Investments Pty Ltd,QLD,Private for Profit,Large,4.0,5.0,3.0,3.0,36.0,1.0,13.0,49.0,223.0,61.666666666666664,-0.041779022766955914
Mark Donaldson VC House | RSL LifeCare Limited,Mark Donaldson VC House,RSL LifeCare Limited,NSW,Not for Profit,Medium,4.0,5.0,5.0,3.0,40.0,0.0,14.0,51.0,232.0,39.333333333333336,-0.041868516874603065
De Paul Villa Aged Care | Ozcare,De Paul Villa Aged Care,Ozcare,QLD,Not for Profit,Large,4.0,5.0,2.0,2.0,29.0,1.0,29.0,46.0,212.0,68.33333333333333,-0.042172496403689114
Infinite Care Edmonton Gardens | IC (Edmonton) Pty Ltd,Infinite Care Edmonton Gardens,IC (Edmonton) Pty Ltd,QLD,Private for Profit,Large,3.0,5.0,1.0,3.0,26.0,0.0,27.0,44.0,224.0,47.0,-0.04248132904696354
Florence Price Gardens | RSL LifeCare Limited,Florence Price Gardens,RSL LifeCare Limited,NSW,Not for Profit,Large,4.0,5.0,5.0,3.0,40.0,0.0,23.0,52.0,237.0,74.33333333333333,-0.04309042451270534
Bupa Echuca | Bupa Aged Care Australia Pty Ltd,Bupa Echuca,Bupa Aged Care Australia Pty Ltd,VIC,Private for Profit,Large,4.0,5.0,2.0,3.0,38.0,1.0,13.0,44.0,209.0,63.5,-0.04480071184820281
Clifton Views | TLC Melbourne Pty Ltd,Clifton Views,TLC Melbourne Pty Ltd,VIC,Private for Profit,Large,4.0,5.0,2.0,3.0,22.0,1.0,41.0,39.0,236.0,62.083333333333336,-0.045096202054381924
Ozcare Douglas | Ozcare,Ozcare Douglas,Ozcare,QLD,Not for Profit,Large,4.0,4.0,5.0,2.0,32.0,0.0,14.0,49.0,232.0,58.333333333333336,-0.04525290681903966
Millhaven Lodge | Pakenham & District Hospital Inc,Millhaven Lodge,Pakenham & District Hospital Inc,VIC,Not for Profit,Medium,4.0,4.0,5.0,3.0,39.0,0.0,40.0,47.0,228.0,53.75,-0.04531000498630026
Aegis Montgomery | Aegis Aged Care Group Pty Ltd,Aegis Montgomery,Aegis Aged Care Group Pty Ltd,WA,Private for Profit,Medium,4.0,5.0,4.0,3.0,46.0,0.0,31.0,44.0,210.0,57.416666666666664,-0.04712989603120385
Catholic Healthcare St Joseph's Aged Care | Catholic Healthcare Limited,Catholic Healthcare St Joseph's Aged Care,Catholic Healthcare Limited,NSW,Not for Profit,Large,4.0,5.0,4.0,3.0,30.0,1.0,18.0,49.0,215.0,50.833333333333336,-0.047274679704692325
Catholic Healthcare Holy Spirit Croydon | Catholic Healthcare Limited,Catholic Healthcare Holy Spirit Croydon,Catholic Healthcare Limited,NSW,Not for Profit,Large,4.0,5.0,3.0,3.0,27.0,1.0,44.0,47.0,232.0,70.0,-0.048092783925917953
Dale Residency | Dale Cottages (Inc.),Dale Residency,Dale Cottages (Inc.),WA,Not for Profit,Large,3.0,4.0,3.0,3.0,37.0,1.0,15.0,45.0,217.0,53.0,-0.04912869118814011
Maranatha Aged Care | Christadelphian Homes Limited,Maranatha Aged Care,Christadelphian Homes Limited,QLD,Not for Profit,Large,4.0,5.0,5.0,3.0,29.0,1.0,11.0,51.0,215.0,77.75,-0.05058567682765855
Wattle Hill Lodge | Wattle Hill Lodge Inc,Wattle Hill Lodge,Wattle Hill Lodge Inc,WA,Not for Profit,Medium,4.0,4.0,4.0,3.0,19.0,0.0,19.0,44.0,245.0,45.583333333333336,-0.05085847389925631
San Carlo Homes for the Aged | San Carlo Homes for the Aged Ltd,San Carlo Homes for the Aged,San Carlo Homes for the Aged Ltd,VIC,Not for Profit,Large,4.0,5.0,3.0,3.0,36.0,0.0,22.0,44.0,225.0,33.0,-0.0518055220846127
MYVISTA Mirrabooka | Stirling Ethnic Aged Home Association (Inc),MYVISTA Mirrabooka,Stirling Ethnic Aged Home Association (Inc),WA,Not for Profit,Large,4.0,5.0,4.0,4.0,34.0,0.0,5.0,48.0,216.0,53.166666666666664,-0.052814017381132033
St Agnes Site | St Agnes' Care & Lifestyle,St Agnes Site,St Agnes' Care & Lifestyle,NSW,Not for Profit,Large,4.0,5.0,2.0,3.0,30.0,1.0,34.0,43.0,188.0,51.25,-0.054066141163201825
Lynden Aged Care | Lynden Aged Care Association Inc,Lynden Aged Care,Lynden Aged Care Association Inc,VIC,Not for Profit,Medium,4.0,5.0,4.0,3.0,39.0,1.0,8.0,46.0,219.0,44.916666666666664,-0.054673845334422204
Uniting Berry | The Uniting Church in Australia Property Trust (NSW),Uniting Berry,The Uniting Church in Australia Property Trust (NSW),NSW,Not for Profit,Large,3.0,4.0,3.0,3.0,41.0,0.0,17.0,44.0,220.0,44.166666666666664,-0.055015714642055735
Aegis Shorehaven | Aegis Aged Care Group Pty Ltd,Aegis Shorehaven,Aegis Aged Care Group Pty Ltd,WA,Private for Profit,Large,4.0,5.0,4.0,3.0,23.0,1.0,29.0,47.0,222.0,51.25,-0.05503114915082033
Olive Grove Aged Care | Willshire Pty Ltd,Olive Grove Aged Care,Willshire Pty Ltd,SA,Private for Profit,Medium,4.0,5.0,5.0,4.0,36.0,2.0,0.0,45.0,234.0,50.0,-0.055127584080213475
Lions Haven For The Aged | Lions Haven for the Aged Limited,Lions Haven For The Aged,Lions Haven for the Aged Limited,QLD,Not for Profit,Large,4.0,5.0,5.0,3.0,34.0,2.0,21.0,48.0,227.0,71.5,-0.05611547035388495
Doutta Galla Footscray Aged Care Facility | Doutta Galla Aged Services Ltd,Doutta Galla Footscray Aged Care Facility,Doutta Galla Aged Services Ltd,VIC,Not for Profit,Medium,4.0,5.0,5.0,3.0,39.0,0.0,17.0,50.0,226.0,42.333333333333336,-0.05612956459912126
Peacehaven | Respect Group Limited,Peacehaven,Respect Group Limited,TAS,Not for Profit,Large,3.0,4.0,2.0,3.0,30.0,0.0,26.0,42.0,231.0,50.5,-0.05714877336658173
Bupa Bellarine Lakes | Bupa Aged Care Australia Pty Ltd,Bupa Bellarine Lakes,Bupa Aged Care Australia Pty Ltd,VIC,Private for Profit,Medium,3.0,5.0,2.0,2.0,37.0,0.0,33.0,44.0,202.0,46.916666666666664,-0.05723423421400521
Bethania Gardens | Pu-Fam Pty Ltd,Bethania Gardens,Pu-Fam Pty Ltd,QLD,Private for Profit,Large,3.0,3.0,3.0,2.0,20.0,0.0,60.0,44.0,212.0,57.083333333333336,-0.05738740577061992
Frank Prendergast House | Southern Cross Care (WA) Inc,Frank Prendergast House,Southern Cross Care (WA) Inc,WA,Not for Profit,Medium,3.0,4.0,3.0,3.0,28.0,1.0,3.0,48.0,230.0,57.916666666666664,-0.0580793462769679
Villa Maria Catholic Homes St Bernadette's Aged Care Residence | Villa Maria Catholic Homes Limited,Villa Maria Catholic Homes St Bernadette's Aged Care Residence,Villa Maria Catholic Homes Limited,VIC,Not for Profit,Medium,4.0,5.0,3.0,3.0,26.0,0.0,8.0,46.0,232.0,43.666666666666664,-0.05815829634874578
Aegis Amherst | Aegis Aged Care Group Pty Ltd,Aegis Amherst,Aegis Aged Care Group Pty Ltd,WA,Private for Profit,Large,4.0,5.0,4.0,3.0,27.0,0.0,23.0,47.0,226.0,45.5,-0.05824153128943174
Uniting Caroona Marima Goonellabah | The Uniting Church in Australia Property Trust (NSW),Uniting Caroona Marima Goonellabah,The Uniting Church in Australia Property Trust (NSW),NSW,Not for Profit,Medium,4.0,5.0,3.0,3.0,23.0,1.0,22.0,47.0,247.0,52.916666666666664,-0.059891434150782144
Anzac Lodge Private Nursing Home | Java Dale Pty Ltd,Anzac Lodge Private Nursing Home,Java Dale Pty Ltd,VIC,Private for Profit,Large,4.0,5.0,4.0,3.0,28.0,1.0,12.0,51.0,222.0,43.416666666666664,-0.06249833481245465
Uniting Kamilaroi Lane Cove | The Uniting Church in Australia Property Trust (NSW),Uniting Kamilaroi Lane Cove,The Uniting Church in Australia Property Trust (NSW),NSW,Not for Profit,Medium,4.0,5.0,2.0,3.0,35.0,1.0,23.0,44.0,202.0,63.833333333333336,-0.06280639606479088
UnitingSA Wesley House Aged Care | UnitingSA Ltd,UnitingSA Wesley House Aged Care,UnitingSA Ltd,SA,Not for Profit,Large,4.0,5.0,3.0,3.0,29.0,0.0,48.0,44.0,222.0,49.25,-0.06356105518274091
SwanCare Kingia/Tandara | SwanCare Group Inc,SwanCare Kingia/Tandara,SwanCare Group Inc,WA,Not for Profit,Large,3.0,5.0,2.0,3.0,32.0,0.0,16.0,48.0,213.0,51.583333333333336,-0.06560591396504363
Nellie Melba Retirement Village | Ryman Aged Care (Australia) Pty Ltd,Nellie Melba Retirement Village,Ryman Aged Care (Australia) Pty Ltd,VIC,Private for Profit,Large,4.0,5.0,3.0,3.0,31.0,1.0,13.0,45.0,218.0,64.75,-0.06636792316575893
Uniting Banks Lodge Peakhurst | The Uniting Church in Australia Property Trust (NSW),Uniting Banks Lodge Peakhurst,The Uniting Church in Australia Property Trust (NSW),NSW,Not for Profit,Large,3.0,5.0,3.0,2.0,32.0,1.0,31.0,46.0,223.0,48.5,-0.06700910949620081
Estia Health Burton | Estia Investments Pty Ltd,Estia Health Burton,Estia Investments Pty Ltd,SA,Private for Profit,Large,3.0,5.0,2.0,3.0,30.0,0.0,14.0,44.0,231.0,45.833333333333336,-0.067460998964903
Murrenda Residential Aged Care Home | Eastern Health,Murrenda Residential Aged Care Home,Eastern Health,VIC,Government,Medium,4.0,5.0,5.0,1.0,31.0,0.0,79.0,76.0,258.0,54.166666666666664,-0.06763568856519747
Berlasco Court Caring Centre | The Ethnic Communities Council of Queensland Limited,Berlasco Court Caring Centre,The Ethnic Communities Council of Queensland Limited,QLD,Not for Profit,Large,4.0,5.0,5.0,1.0,30.0,0.0,25.0,52.0,248.0,53.75,-0.06781280867137672
McLean Care Ltd | McLean Care Ltd,McLean Care Ltd,McLean Care Ltd,NSW,Not for Profit,Large,4.0,5.0,5.0,3.0,35.0,1.0,30.0,53.0,249.0,68.08333333333333,-0.06803586856295907
St Vincent's Care Services Kew | St Vincent's Care Services Ltd,St Vincent's Care Services Kew,St Vincent's Care Services Ltd,VIC,Not for Profit,Large,4.0,5.0,5.0,3.0,35.0,1.0,14.0,48.0,225.0,43.5,-0.06888563042872765
Lutheran Services - Trinder Park | LUTHERAN CHURCH OF AUSTRALIA QUEENSLAND DISTRICT,Lutheran Services - Trinder Park,LUTHERAN CHURCH OF AUSTRALIA QUEENSLAND DISTRICT,QLD,Not for Profit,Large,4.0,5.0,2.0,2.0,27.0,1.0,19.0,44.0,195.0,58.416666666666664,-0.06925414114452008
Barossa Village Inc | Barossa Village Inc,Barossa Village Inc,Barossa Village Inc,SA,Not for Profit,Large,4.0,5.0,2.0,3.0,31.0,1.0,7.0,38.0,241.0,51.166666666666664,-0.06969530675911738
Seabrae Manor | Tingari Group Pty Ltd,Seabrae Manor,Tingari Group Pty Ltd,QLD,Private for Profit,Medium,4.0,5.0,2.0,2.0,38.0,1.0,15.0,44.0,189.0,65.83333333333333,-0.06997880318611399
Weeroona Aged Care Plus Centre | The Salvation Army (NSW) Property Trust,Weeroona Aged Care Plus Centre,The Salvation Army (NSW) Property Trust,NSW,Not for Profit,Large,4.0,5.0,4.0,2.0,26.0,1.0,25.0,49.0,243.0,61.833333333333336,-0.07175862579884329
Arcare Maroochydore | Arcare Pty Ltd,Arcare Maroochydore,Arcare Pty Ltd,QLD,Private for Profit,Medium,4.0,5.0,3.0,3.0,30.0,1.0,20.0,45.0,212.0,40.166666666666664,-0.07195561523550303
Marine Views Cottesloe | Curtin Heritage Living Inc.,Marine Views Cottesloe,Curtin Heritage Living Inc.,WA,Not for Profit,Large,4.0,5.0,4.0,2.0,35.0,0.0,21.0,47.0,214.0,54.5,-0.07196234731031365
Mercy Place Lynbrook | Mercy Aged and Community Care Ltd,Mercy Place Lynbrook,Mercy Aged and Community Care Ltd,VIC,Not for Profit,Medium,4.0,5.0,4.0,3.0,27.0,1.0,22.0,54.0,234.0,45.333333333333336,-0.07340925206919992
Three Tree Lodge | Three Tree Lodge Lithgow Limited,Three Tree Lodge,Three Tree Lodge Lithgow Limited,NSW,Not for Profit,Medium,4.0,5.0,4.0,3.0,33.0,0.0,24.0,54.0,222.0,45.333333333333336,-0.07373396589310512
Estia Health Mount Clear | Estia Investments Pty Ltd,Estia Health Mount Clear,Estia Investments Pty Ltd,VIC,Private for Profit,Large,3.0,5.0,1.0,2.0,32.0,0.0,26.0,43.0,212.0,55.166666666666664,-0.0748076801984855
Regis Capel Sound | Regis Aged Care Pty Ltd,Regis Capel Sound,Regis Aged Care Pty Ltd,VIC,Private for Profit,Large,3.0,4.0,3.0,3.0,32.0,1.0,18.0,44.0,214.0,52.083333333333336,-0.0751078098953786
Bolton Clarke Smithfield | RSL Care RDNS Limited,Bolton Clarke Smithfield,RSL Care RDNS Limited,SA,Not for Profit,Medium,4.0,5.0,4.0,3.0,26.0,0.0,8.0,50.0,227.0,50.083333333333336,-0.07535590031014733
Dougherty Villa | Clarence Village Limited,Dougherty Villa,Clarence Village Limited,NSW,Not for Profit,Medium,4.0,5.0,2.0,4.0,37.0,1.0,0.0,34.0,211.0,65.66666666666667,-0.07629587560285288
Noble Gardens Residential Aged Care | Great Oaks Pty Ltd,Noble Gardens Residential Aged Care,Great Oaks Pty Ltd,VIC,Private for Profit,Large,3.0,5.0,1.0,3.0,26.0,1.0,13.0,43.0,224.0,50.25,-0.0763008773820382
ACH Group Residential Care - Milpara | Aged Care & Housing Group Inc,ACH Group Residential Care - Milpara,Aged Care & Housing Group Inc,SA,Not for Profit,Medium,4.0,5.0,5.0,3.0,36.0,0.0,65.0,51.0,241.0,43.75,-0.07696511587398129
Tully & District Nursing Home | Tully Nursing Home Inc,Tully & District Nursing Home,Tully Nursing Home Inc,QLD,Not for Profit,Medium,4.0,5.0,2.0,3.0,22.0,1.0,43.0,33.0,243.0,66.0,-0.0788175606958329
Southern Cross Care Chinchilla - Illoura Village | Southern Cross Care (QLD) Ltd,Southern Cross Care Chinchilla - Illoura Village,Southern Cross Care (QLD) Ltd,QLD,Not for Profit,Medium,3.0,5.0,2.0,3.0,27.0,1.0,23.0,44.0,201.0,41.666666666666664,-0.08085947717755908
Woodside Lodge | Clayton Church Homes Inc,Woodside Lodge,Clayton Church Homes Inc,SA,Not for Profit,Medium,3.0,5.0,4.0,3.0,38.0,1.0,23.0,47.0,232.0,32.416666666666664,-0.0828830379589309
Regis Woodlands | Regis Aged Care Pty Ltd,Regis Woodlands,Regis Aged Care Pty Ltd,WA,Private for Profit,Large,4.0,5.0,2.0,4.0,24.0,1.0,13.0,44.0,219.0,46.0,-0.08289349149906244
Uniting Gerringong | The Uniting Church in Australia Property Trust (NSW),Uniting Gerringong,The Uniting Church in Australia Property Trust (NSW),NSW,Not for Profit,Large,4.0,5.0,3.0,2.0,34.0,1.0,34.0,43.0,211.0,82.08333333333333,-0.08316226056892673
IRT Kangara Waters | Illawarra Retirement Trust,IRT Kangara Waters,Illawarra Retirement Trust,ACT,Not for Profit,Medium,4.0,5.0,2.0,2.0,36.0,1.0,17.0,45.0,218.0,64.58333333333333,-0.08350816764199423
Uniting Garden Suburb | The Uniting Church in Australia Property Trust (NSW),Uniting Garden Suburb,The Uniting Church in Australia Property Trust (NSW),NSW,Not for Profit,Medium,4.0,5.0,3.0,1.0,34.0,0.0,42.0,47.0,236.0,72.58333333333333,-0.08403030444500717
Regis Pelican Waters | Rockpool RAC Pty Ltd,Regis Pelican Waters,Rockpool RAC Pty Ltd,QLD,Private for Profit,Large,4.0,4.0,4.0,3.0,35.0,1.0,12.0,47.0,200.0,65.33333333333333,-0.08426668431691335
"David, Gita and Michael Hoffman Nursing Home | Maurice Zeffert Home (Inc)","David, Gita and Michael Hoffman Nursing Home",Maurice Zeffert Home (Inc),WA,Not for Profit,Medium,4.0,5.0,4.0,3.0,29.0,0.0,21.0,43.0,230.0,51.333333333333336,-0.08496979881991053
Regis The Gap | Regis Group Pty Ltd,Regis The Gap,Regis Group Pty Ltd,QLD,Private for Profit,Large,4.0,5.0,2.0,2.0,30.0,1.0,29.0,44.0,214.0,68.16666666666667,-0.08522542707097866
Columbia Aged Care Services - Strathdale Centre | Columbia Nursing Homes Pty Ltd,Columbia Aged Care Services - Strathdale Centre,Columbia Nursing Homes Pty Ltd,NSW,Private for Profit,Medium,4.0,5.0,4.0,3.0,23.0,1.0,9.0,48.0,221.0,45.333333333333336,-0.08533528826592698
Uniting Lindsay Gardens Hamilton | The Uniting Church in Australia Property Trust (NSW),Uniting Lindsay Gardens Hamilton,The Uniting Church in Australia Property Trust (NSW),NSW,Not for Profit,Medium,4.0,5.0,3.0,3.0,36.0,1.0,52.0,46.0,232.0,63.25,-0.08628826234543817
BaptistCare Caloola Centre | BaptistCare,BaptistCare Caloola Centre,BaptistCare,NSW,Not for Profit,Medium,4.0,5.0,3.0,3.0,40.0,1.0,20.0,46.0,231.0,61.166666666666664,-0.08664890165453742
Vincent Court | APOLLO CARE OPERATIONS PTY LIMITED,Vincent Court,APOLLO CARE OPERATIONS PTY LIMITED,NSW,Private for Profit,Medium,4.0,5.0,3.0,2.0,33.0,0.0,27.0,43.0,212.0,54.416666666666664,-0.08795918295400307
MercyCare Joondalup | Mercy Human Services Limited,MercyCare Joondalup,Mercy Human Services Limited,WA,Not for Profit,Large,4.0,5.0,5.0,3.0,30.0,1.0,11.0,52.0,222.0,42.166666666666664,-0.0881983175516527
St Andrew's Village Ballina | St Andrew's Village Ballina Limited,St Andrew's Village Ballina,St Andrew's Village Ballina Limited,NSW,Not for Profit,Large,4.0,5.0,4.0,3.0,32.0,0.0,31.0,46.0,225.0,57.666666666666664,-0.08925013854573034
Calvary The Homestead | Calvary Aged Care Limited,Calvary The Homestead,Calvary Aged Care Limited,SA,Not for Profit,Medium,,,2.0,2.0,25.0,1.0,35.0,48.0,224.0,43.666666666666664,-0.08986147495931379
Mercy Place Wyndham | Mercy Aged and Community Care Ltd,Mercy Place Wyndham,Mercy Aged and Community Care Ltd,VIC,Not for Profit,Medium,4.0,5.0,3.0,3.0,29.0,1.0,9.0,47.0,227.0,45.75,-0.09014405059325714
Regis Elermore Vale | Regis Aged Care Pty Ltd,Regis Elermore Vale,Regis Aged Care Pty Ltd,NSW,Private for Profit,Large,4.0,5.0,2.0,3.0,41.0,1.0,22.0,45.0,221.0,62.583333333333336,-0.09080084600990952
Regis North Fremantle | Regis Aged Care Pty Ltd,Regis North Fremantle,Regis Aged Care Pty Ltd,WA,Private for Profit,Large,3.0,5.0,3.0,2.0,27.0,0.0,24.0,45.0,224.0,45.833333333333336,-0.09121327664208462
Regis Playford | Regis Aged Care Pty Ltd,Regis Playford,Regis Aged Care Pty Ltd,SA,Private for Profit,Large,3.0,5.0,2.0,3.0,34.0,1.0,20.0,45.0,212.0,51.416666666666664,-0.09223000377107793
Jacaranda Grove | Northern Coalfields Community Care Association Ltd,Jacaranda Grove,Northern Coalfields Community Care Association Ltd,NSW,Not for Profit,Medium,4.0,5.0,3.0,3.0,28.0,1.0,100.0,47.0,219.0,80.83333333333333,-0.09402623937936805
Uniting Lillian Wells North Parramatta | The Uniting Church in Australia Property Trust (NSW),Uniting Lillian Wells North Parramatta,The Uniting Church in Australia Property Trust (NSW),NSW,Not for Profit,Medium,4.0,5.0,3.0,3.0,36.0,0.0,58.0,47.0,244.0,70.16666666666667,-0.09477669742363276
Kintyre Lodge - Dubbo | BaptistCare,Kintyre Lodge - Dubbo,BaptistCare,NSW,Not for Profit,Medium,4.0,5.0,2.0,2.0,37.0,1.0,28.0,43.0,228.0,65.08333333333333,-0.09479304756885638
Ozcare Port Douglas | Ozcare,Ozcare Port Douglas,Ozcare,QLD,Not for Profit,Medium,3.0,5.0,2.0,3.0,30.0,0.0,16.0,48.0,202.0,40.5,-0.0955992310588982
Estia Health Kensington Gardens | Estia Investments Pty Ltd,Estia Health Kensington Gardens,Estia Investments Pty Ltd,SA,Private for Profit,Medium,3.0,4.0,3.0,3.0,35.0,1.0,12.0,46.0,238.0,45.75,-0.0960179300890876
Baptistcare William Carey Court | BaptistCare,Baptistcare William Carey Court,BaptistCare,WA,Not for Profit,Medium,3.0,4.0,2.0,3.0,25.0,0.0,26.0,41.0,215.0,43.75,-0.09640495283874741
Anglican Care Storm Village | Anglican Care,Anglican Care Storm Village,Anglican Care,NSW,Not for Profit,Medium,3.0,4.0,2.0,2.0,35.0,1.0,23.0,44.0,214.0,67.58333333333333,-0.09646734409907277
Adventist Retirement Village - Victoria Pt | Seventh-Day Adventist Aged Care (South Queensland) Ltd,Adventist Retirement Village - Victoria Pt,Seventh-Day Adventist Aged Care (South Queensland) Ltd,QLD,Not for Profit,Large,4.0,5.0,4.0,3.0,33.0,0.0,14.0,47.0,222.0,38.5,-0.0976997901628876
Regis Port Stephens | Regis Aged Care Pty Ltd,Regis Port Stephens,Regis Aged Care Pty Ltd,NSW,Private for Profit,Large,3.0,5.0,1.0,3.0,34.0,1.0,7.0,44.0,216.0,59.333333333333336,-0.09792704206691744
Churches of Christ Stanthorpe Aged Care Service | Churches of Christ in Queensland,Churches of Christ Stanthorpe Aged Care Service,Churches of Christ in Queensland,QLD,Not for Profit,Large,4.0,5.0,2.0,3.0,23.0,0.0,49.0,42.0,215.0,62.083333333333336,-0.09921454395977491
Anglican Care C A Brown | Anglican Care,Anglican Care C A Brown,Anglican Care,NSW,Not for Profit,Large,3.0,5.0,1.0,3.0,39.0,1.0,12.0,42.0,206.0,63.25,-0.09929963699610651
Centennial Lodge | Royal Freemasons Ltd,Centennial Lodge,Royal Freemasons Ltd,VIC,Not for Profit,Medium,4.0,5.0,3.0,3.0,29.0,0.0,14.0,49.0,229.0,28.5,-0.09939006307860293
Christies Beach Residential Care Services | Hahndorf Holdings Pty Ltd,Christies Beach Residential Care Services,Hahndorf Holdings Pty Ltd,SA,Private for Profit,Medium,3.0,5.0,2.0,1.0,30.0,0.0,35.0,48.0,232.0,41.666666666666664,-0.09952906033990605
Doutta Galla Avondale Heights Aged Care Facility | Doutta Galla Aged Services Ltd,Doutta Galla Avondale Heights Aged Care Facility,Doutta Galla Aged Services Ltd,VIC,Not for Profit,Large,4.0,5.0,4.0,2.0,37.0,0.0,19.0,53.0,223.0,50.0,-0.10047462511088225
Regis Birkdale | Regis Group Pty Ltd,Regis Birkdale,Regis Group Pty Ltd,QLD,Private for Profit,Medium,4.0,5.0,3.0,2.0,23.0,0.0,40.0,48.0,230.0,52.916666666666664,-0.10079296779784959
Rosewood Care Leederville | Rosewood Care Group (Inc),Rosewood Care Leederville,Rosewood Care Group (Inc),WA,Not for Profit,Large,3.0,5.0,2.0,2.0,30.0,0.0,37.0,45.0,216.0,50.0,-0.10102667247563774
Uniting Osborne Nowra | The Uniting Church in Australia Property Trust (NSW),Uniting Osborne Nowra,The Uniting Church in Australia Property Trust (NSW),NSW,Not for Profit,Large,4.0,5.0,3.0,3.0,31.0,1.0,41.0,43.0,205.0,72.33333333333333,-0.10158745144411493
"mecwacare Gregory Lodge, Flemington | MECWA Limited","mecwacare Gregory Lodge, Flemington",MECWA Limited,VIC,Not for Profit,Medium,4.0,4.0,4.0,3.0,36.0,1.0,19.0,46.0,229.0,57.083333333333336,-0.10324286700748755
Strathalbyn & District Aged Care Facility | Barossa Hills Fleurieu Local Health Network Incorporated,Strathalbyn & District Aged Care Facility,Barossa Hills Fleurieu Local Health Network Incorporated,SA,Government,Medium,4.0,5.0,5.0,3.0,32.0,0.0,25.0,50.0,239.0,42.833333333333336,-0.1037019814479159
Parkview Aged Care | Moonta Health & Aged Care Services Inc,Parkview Aged Care,Moonta Health & Aged Care Services Inc,SA,Not for Profit,Medium,4.0,5.0,5.0,3.0,32.0,1.0,14.0,49.0,240.0,59.5,-0.10499982701481379
Bupa Waratah | Bupa Aged Care Australia Pty Ltd,Bupa Waratah,Bupa Aged Care Australia Pty Ltd,NSW,Private for Profit,Medium,4.0,5.0,3.0,2.0,33.0,1.0,25.0,45.0,230.0,66.16666666666667,-0.10514419221203394
MiCare Prins Willem Alexander Lodge | MiCare Ltd,MiCare Prins Willem Alexander Lodge,MiCare Ltd,QLD,Not for Profit,Large,4.0,5.0,5.0,2.0,40.0,0.0,34.0,46.0,218.0,66.33333333333333,-0.10682744841176858
Regis Maroochydore | Regis Group Pty Ltd,Regis Maroochydore,Regis Group Pty Ltd,QLD,Private for Profit,Medium,4.0,5.0,3.0,3.0,35.0,0.0,10.0,45.0,210.0,62.583333333333336,-0.10729105511978758
Regis Tasmania - Norwood | Regis Aged Care Pty Ltd,Regis Tasmania - Norwood,Regis Aged Care Pty Ltd,TAS,Private for Profit,Medium,4.0,5.0,3.0,3.0,29.0,2.0,14.0,46.0,218.0,64.66666666666667,-0.10750234323863811
Regis Aspley | CPSM Pty Ltd,Regis Aspley,CPSM Pty Ltd,QLD,Private for Profit,Large,4.0,5.0,3.0,3.0,29.0,0.0,22.0,48.0,230.0,44.833333333333336,-0.11017241386631438
Estia Health Figtree | Estia Investments Pty Ltd,Estia Health Figtree,Estia Investments Pty Ltd,NSW,Private for Profit,Medium,4.0,5.0,3.0,3.0,31.0,1.0,7.0,46.0,239.0,62.5,-0.11130056659030155
Whiddon Grafton | The Frank Whiddon Masonic Homes of New South Wales,Whiddon Grafton,The Frank Whiddon Masonic Homes of New South Wales,NSW,Not for Profit,Medium,4.0,5.0,4.0,2.0,46.0,0.0,31.0,50.0,228.0,67.08333333333333,-0.1115264700060302
Anglicare The Terraces Residential Care | Anglican Community Services,Anglicare The Terraces Residential Care,Anglican Community Services,NSW,Not for Profit,Medium,3.0,4.0,3.0,2.0,43.0,0.0,20.0,45.0,225.0,53.916666666666664,-0.11167613721621594
Mooroopna Place Residential Aged Care Service | Shepparton Retirement Villages Inc,Mooroopna Place Residential Aged Care Service,Shepparton Retirement Villages Inc,VIC,Not for Profit,Medium,4.0,5.0,3.0,4.0,30.0,1.0,7.0,42.0,218.0,51.75,-0.11207804738869676
Carino Care at Sylvania | Carino Care Pty Ltd,Carino Care at Sylvania,Carino Care Pty Ltd,NSW,Private for Profit,Medium,4.0,5.0,3.0,2.0,41.0,1.0,0.0,46.0,229.0,68.66666666666667,-0.11358769150170273
Helping Hand Aged Care - Golden Grove | Helping Hand Aged Care Inc,Helping Hand Aged Care - Golden Grove,Helping Hand Aged Care Inc,SA,Not for Profit,Large,4.0,5.0,3.0,3.0,39.0,0.0,18.0,43.0,209.0,44.666666666666664,-0.11407179610145887
Hamersley Nursing Home | Fresh Fields Management (NSW) Pty Ltd,Hamersley Nursing Home,Fresh Fields Management (NSW) Pty Ltd,WA,Private for Profit,Medium,3.0,5.0,2.0,3.0,34.0,1.0,1.0,45.0,241.0,41.166666666666664,-0.11556976418881312
RSL ANZAC Village | RSL LifeCare Limited,RSL ANZAC Village,RSL LifeCare Limited,NSW,Not for Profit,Large,4.0,4.0,5.0,2.0,29.0,1.0,38.0,51.0,225.0,51.916666666666664,-0.11770952172671305
Bundaleer Lodge Nursing Home | Bundaleer Lodge Nursing Home Pty Ltd,Bundaleer Lodge Nursing Home,Bundaleer Lodge Nursing Home Pty Ltd,QLD,Private for Profit,Large,4.0,5.0,5.0,3.0,42.0,1.0,15.0,50.0,252.0,51.666666666666664,-0.11831994053466519
Bethanie Dalyellup | THE BETHANIE GROUP INC,Bethanie Dalyellup,THE BETHANIE GROUP INC,WA,Not for Profit,Large,4.0,5.0,3.0,3.0,33.0,1.0,29.0,45.0,218.0,43.0,-0.12002934141825611
Bolton Clarke Ross Robertson | RSL Care RDNS Limited,Bolton Clarke Ross Robertson,RSL Care RDNS Limited,SA,Not for Profit,Medium,4.0,5.0,5.0,3.0,30.0,2.0,1.0,50.0,229.0,43.666666666666664,-0.12061943571914699
Good Shepherd Lodge | Good Shepherd Lodge Ltd,Good Shepherd Lodge,Good Shepherd Lodge Ltd,QLD,Not for Profit,Large,4.0,5.0,2.0,2.0,25.0,0.0,30.0,48.0,203.0,70.5,-0.12240985129167717
Eliza Purton | Respect Group Limited,Eliza Purton,Respect Group Limited,TAS,Not for Profit,Medium,3.0,5.0,2.0,3.0,26.0,1.0,29.0,40.0,225.0,52.666666666666664,-0.12378594972332188
Resthaven Murray Bridge | Resthaven Inc,Resthaven Murray Bridge,Resthaven Inc,SA,Not for Profit,Medium,4.0,5.0,3.0,3.0,30.0,1.0,14.0,45.0,221.0,54.583333333333336,-0.1239369151687706
Emmaus | St Agnes' Care & Lifestyle,Emmaus,St Agnes' Care & Lifestyle,NSW,Not for Profit,Large,4.0,5.0,2.0,3.0,34.0,0.0,24.0,42.0,214.0,48.916666666666664,-0.1241484843834457
Sister Mary Glowrey Residential Care | Catholic Homes Incorporated,Sister Mary Glowrey Residential Care,Catholic Homes Incorporated,WA,Not for Profit,Medium,3.0,5.0,3.0,2.0,26.0,0.0,23.0,46.0,211.0,40.833333333333336,-0.12523699626376772
Cumberland View Aged Care - Whalley Drive | Tingari Group Pty Ltd,Cumberland View Aged Care - Whalley Drive,Tingari Group Pty Ltd,VIC,Private for Profit,Large,3.0,4.0,2.0,3.0,33.0,1.0,12.0,44.0,200.0,44.916666666666664,-0.12539355557172022
Bayview Haven | Respect Group Limited,Bayview Haven,Respect Group Limited,VIC,Not for Profit,Medium,3.0,4.0,1.0,3.0,35.0,0.0,32.0,42.0,205.0,48.75,-0.12708619789150727
Churches of Christ Golden Age Aged Care Service | Churches of Christ in Queensland,Churches of Christ Golden Age Aged Care Service,Churches of Christ in Queensland,QLD,Not for Profit,Medium,4.0,5.0,3.0,3.0,29.0,2.0,8.0,48.0,221.0,66.66666666666667,-0.12719543460345736
Miranda Aged Care Facility | Jesmond Aged Care Pty Ltd,Miranda Aged Care Facility,Jesmond Aged Care Pty Ltd,NSW,Private for Profit,Medium,3.0,4.0,2.0,3.0,31.0,1.0,8.0,51.0,200.0,59.583333333333336,-0.12722355706069233
Regis Sippy Downs | Regis Group Pty Ltd,Regis Sippy Downs,Regis Group Pty Ltd,QLD,Private for Profit,Medium,4.0,5.0,3.0,3.0,32.0,1.0,26.0,44.0,216.0,59.166666666666664,-0.1277618011552001
The Richardson West Perth | Oryx Communities AP Pty Ltd,The Richardson West Perth,Oryx Communities AP Pty Ltd,WA,Private for Profit,Medium,4.0,5.0,4.0,3.0,28.0,1.0,5.0,47.0,213.0,44.0,-0.1291824943343073
Tarragal House | Thompson Health Care Pty Ltd,Tarragal House,Thompson Health Care Pty Ltd,NSW,Private for Profit,Medium,4.0,5.0,3.0,1.0,42.0,0.0,23.0,46.0,222.0,58.666666666666664,-0.12954376383659372
Avondale House | Seventh-day Adventist Aged Care (North New South Wales) Ltd,Avondale House,Seventh-day Adventist Aged Care (North New South Wales) Ltd,NSW,Not for Profit,Large,4.0,5.0,3.0,3.0,36.0,1.0,20.0,48.0,221.0,60.333333333333336,-0.1302880089670879
Marco Polo Woonona Care Services | Illawarra Retirement Trust,Marco Polo Woonona Care Services,Illawarra Retirement Trust,NSW,Not for Profit,Large,4.0,4.0,5.0,3.0,32.0,2.0,8.0,49.0,247.0,54.833333333333336,-0.1305079277230485
Rosewood Care West Perth | Rosewood Care Group (Inc),Rosewood Care West Perth,Rosewood Care Group (Inc),WA,Not for Profit,Large,3.0,5.0,3.0,2.0,30.0,0.0,24.0,47.0,221.0,47.0,-0.1311261700584539
AdventCare Whitehorse | Seventh-Day Adventist Aged Care (Victoria) Ltd,AdventCare Whitehorse,Seventh-Day Adventist Aged Care (Victoria) Ltd,VIC,Not for Profit,Large,3.0,5.0,2.0,3.0,24.0,1.0,13.0,44.0,211.0,39.166666666666664,-0.13144469213640356
IRT Greenwell Gardens | Illawarra Retirement Trust,IRT Greenwell Gardens,Illawarra Retirement Trust,NSW,Not for Profit,Medium,4.0,5.0,3.0,3.0,36.0,1.0,21.0,45.0,217.0,65.16666666666667,-0.13192240700503988
Casey Aged Care | Aged Care Group Pty Ltd,Casey Aged Care,Aged Care Group Pty Ltd,VIC,Private for Profit,Large,3.0,5.0,2.0,2.0,28.0,0.0,24.0,46.0,202.0,52.0,-0.13195177637716127
Aegis Bassendean | Aegis Aged Care Group Pty Ltd,Aegis Bassendean,Aegis Aged Care Group Pty Ltd,WA,Private for Profit,Medium,4.0,5.0,3.0,3.0,38.0,0.0,23.0,46.0,218.0,47.166666666666664,-0.13202533010531453
Uniting Wontama Orange | The Uniting Church in Australia Property Trust (NSW),Uniting Wontama Orange,The Uniting Church in Australia Property Trust (NSW),NSW,Not for Profit,Large,4.0,5.0,2.0,3.0,33.0,1.0,9.0,42.0,195.0,55.0,-0.13312919184485117
McKellar Centre | Barwon Health,McKellar Centre,Barwon Health,VIC,Government,Large,4.0,5.0,5.0,1.0,35.0,2.0,41.0,73.0,243.0,57.583333333333336,-0.1346547927951625
Catholic Healthcare St Catherine's Aged Care | Catholic Healthcare Limited,Catholic Healthcare St Catherine's Aged Care,Catholic Healthcare Limited,NSW,Not for Profit,Large,3.0,5.0,2.0,3.0,28.0,0.0,15.0,42.0,211.0,38.0,-0.13568282678636018
Baptistcare Gracewood | BaptistCare,Baptistcare Gracewood,BaptistCare,WA,Not for Profit,Large,4.0,4.0,3.0,3.0,33.0,1.0,31.0,46.0,221.0,57.916666666666664,-0.13787485532399082
Bupa Ballina | Bupa Aged Care Australia Pty Ltd,Bupa Ballina,Bupa Aged Care Australia Pty Ltd,NSW,Private for Profit,Large,3.0,5.0,2.0,2.0,34.0,1.0,22.0,43.0,199.0,57.666666666666664,-0.13854279574504172
Arcare Point Lonsdale | Arcare Pty Ltd,Arcare Point Lonsdale,Arcare Pty Ltd,VIC,Private for Profit,Medium,4.0,5.0,3.0,3.0,32.0,1.0,8.0,44.0,215.0,34.333333333333336,-0.13855258197200995
Bolton Clarke Princeton View | RSL Care RDNS Limited,Bolton Clarke Princeton View,RSL Care RDNS Limited,VIC,Not for Profit,Large,4.0,5.0,3.0,3.0,30.0,1.0,2.0,46.0,221.0,34.333333333333336,-0.1393731562537152
Amana Living St George's Care Centre | Amana Living Incorporated,Amana Living St George's Care Centre,Amana Living Incorporated,WA,Not for Profit,Medium,4.0,5.0,3.0,3.0,42.0,0.0,36.0,48.0,237.0,47.416666666666664,-0.1398895038531188
Bolton Clarke Chelsea | RSL Care RDNS Limited,Bolton Clarke Chelsea,RSL Care RDNS Limited,QLD,Not for Profit,Medium,4.0,5.0,2.0,2.0,30.0,1.0,19.0,43.0,220.0,67.66666666666667,-0.14014865418674044
Bethanie Fields | THE BETHANIE GROUP INC,Bethanie Fields,THE BETHANIE GROUP INC,WA,Not for Profit,Large,3.0,5.0,2.0,3.0,32.0,0.0,42.0,40.0,221.0,48.25,-0.14221184073970838
Arcare Noosa | Arcare Pty Ltd,Arcare Noosa,Arcare Pty Ltd,QLD,Private for Profit,Medium,4.0,5.0,3.0,2.0,38.0,1.0,16.0,45.0,211.0,61.75,-0.14233463976928118
Mercy Place Dandenong | Mercy Aged and Community Care Ltd,Mercy Place Dandenong,Mercy Aged and Community Care Ltd,VIC,Not for Profit,Large,4.0,5.0,3.0,3.0,27.0,0.0,27.0,44.0,217.0,35.083333333333336,-0.14271284860273448
Regis Lutwyche | Regis Aged Care Pty Ltd,Regis Lutwyche,Regis Aged Care Pty Ltd,QLD,Private for Profit,Large,4.0,5.0,3.0,3.0,26.0,1.0,14.0,44.0,215.0,45.0,-0.14339065622173508
Craigcare Pascoe Vale | Glenn-Craig Villages Pty Ltd,Craigcare Pascoe Vale,Glenn-Craig Villages Pty Ltd,VIC,Private for Profit,Large,4.0,5.0,3.0,3.0,29.0,1.0,11.0,46.0,223.0,44.333333333333336,-0.14379836191756162
Regis Nedlands | Regis Aged Care Pty Ltd,Regis Nedlands,Regis Aged Care Pty Ltd,WA,Private for Profit,Large,4.0,5.0,3.0,3.0,30.0,0.0,20.0,46.0,221.0,38.583333333333336,-0.1438710165112046
Cherrybrook Christian Care Centre | Christian Community Services,Cherrybrook Christian Care Centre,Christian Community Services,NSW,Not for Profit,Large,3.0,5.0,3.0,2.0,38.0,1.0,35.0,46.0,230.0,55.083333333333336,-0.14394671728480438
Whiddon Casino | The Frank Whiddon Masonic Homes of New South Wales,Whiddon Casino,The Frank Whiddon Masonic Homes of New South Wales,NSW,Not for Profit,Medium,4.0,5.0,3.0,3.0,43.0,0.0,12.0,45.0,221.0,74.58333333333333,-0.14421990691634629
Carinity Wishart Gardens | The Baptist Union of Queensland,Carinity Wishart Gardens,The Baptist Union of Queensland,QLD,Not for Profit,Medium,4.0,5.0,2.0,2.0,31.0,0.0,22.0,42.0,217.0,54.166666666666664,-0.1447130740795395
Bolton Clarke Fernhill | RSL Care RDNS Limited,Bolton Clarke Fernhill,RSL Care RDNS Limited,QLD,Not for Profit,Large,3.0,4.0,3.0,3.0,33.0,0.0,11.0,45.0,224.0,35.416666666666664,-0.14549091505040218
Regis Caboolture | Regis Group Pty Ltd,Regis Caboolture,Regis Group Pty Ltd,QLD,Private for Profit,Large,3.0,5.0,2.0,3.0,27.0,1.0,21.0,46.0,219.0,49.333333333333336,-0.1465221378415315
Monash Gardens | Royal Freemasons Ltd,Monash Gardens,Royal Freemasons Ltd,VIC,Not for Profit,Medium,4.0,5.0,3.0,2.0,33.0,1.0,15.0,45.0,214.0,69.25,-0.14878446535913278
Vasey RSL Care Bundoora | VASEY RSL CARE LIMITED,Vasey RSL Care Bundoora,VASEY RSL CARE LIMITED,VIC,Not for Profit,Medium,4.0,5.0,3.0,3.0,45.0,0.0,3.0,44.0,205.0,55.583333333333336,-0.14889039674609336
Aegis Melville | Balmoral Aged Care Group Pty Ltd,Aegis Melville,Balmoral Aged Care Group Pty Ltd,WA,Private for Profit,Medium,4.0,5.0,4.0,3.0,20.0,1.0,29.0,47.0,226.0,44.083333333333336,-0.14931551058444217
Regis Sandgate - Lucinda | Regis Aged Care Pty Ltd,Regis Sandgate - Lucinda,Regis Aged Care Pty Ltd,QLD,Private for Profit,Large,4.0,5.0,4.0,3.0,32.0,1.0,20.0,49.0,219.0,43.916666666666664,-0.15079400699216208
Bellevue Court Residential Care | Southern Cross Care (SA NT & VIC) Incorporated,Bellevue Court Residential Care,Southern Cross Care (SA NT & VIC) Incorporated,SA,Not for Profit,Medium,3.0,5.0,1.0,3.0,22.0,1.0,16.0,39.0,208.0,43.333333333333336,-0.15206267949911656
Estia Health South Morang | Estia Investments Pty Ltd,Estia Health South Morang,Estia Investments Pty Ltd,VIC,Private for Profit,Large,3.0,5.0,2.0,3.0,32.0,0.0,7.0,45.0,219.0,39.833333333333336,-0.15304042745189667
Latrobe Valley Village Hostel | LATROBE VALLEY VILLAGE INC.,Latrobe Valley Village Hostel,LATROBE VALLEY VILLAGE INC.,VIC,Not for Profit,Medium,4.0,5.0,3.0,2.0,33.0,1.0,16.0,41.0,210.0,72.25,-0.15569860453124024
Bolton Clarke Rosebrook | RSL Care RDNS Limited,Bolton Clarke Rosebrook,RSL Care RDNS Limited,VIC,Not for Profit,Medium,4.0,4.0,4.0,3.0,32.0,1.0,14.0,52.0,219.0,55.25,-0.15581674690982253
Uniting Mirinjani Weston ACT | The Uniting Church in Australia Property Trust (NSW) -- Site 1,Uniting Mirinjani Weston ACT,The Uniting Church in Australia Property Trust (NSW),ACT,Not for Profit,Medium,4.0,5.0,3.0,5.0,33.0,1.0,0.0,42.0,193.0,17.166666666666668,-0.15770266277668205
Estia Health Salisbury East | Estia Investments Pty Ltd,Estia Health Salisbury East,Estia Investments Pty Ltd,SA,Private for Profit,Medium,4.0,5.0,2.0,4.0,32.0,0.0,13.0,44.0,231.0,30.5,-0.15786487021227485
Maryborough Community Aged Care | Luson Aged Care Pty Ltd,Maryborough Community Aged Care,Luson Aged Care Pty Ltd,QLD,Not for Profit,Large,3.0,4.0,1.0,2.0,33.0,0.0,24.0,42.0,192.0,65.41666666666667,-0.15788784712994908
Calvary Viewhills Manor | Calvary Aged Care Limited,Calvary Viewhills Manor,Calvary Aged Care Limited,VIC,Not for Profit,Large,,,2.0,2.0,37.0,1.0,56.0,48.0,217.0,70.08333333333333,-0.15788951581815758
Bupa Rangeville | Bupa Aged Care Australia Pty Ltd,Bupa Rangeville,Bupa Aged Care Australia Pty Ltd,QLD,Private for Profit,Large,3.0,5.0,1.0,2.0,29.0,0.0,43.0,38.0,203.0,54.75,-0.15801159474331097
Morlancourt | RSL Care South Australia Incorporated,Morlancourt,RSL Care South Australia Incorporated,SA,Not for Profit,Medium,4.0,5.0,3.0,2.0,36.0,0.0,34.0,44.0,220.0,61.583333333333336,-0.1582733811286826
Warrigal Care Stirling | Warrigal Care Limited,Warrigal Care Stirling,Warrigal Care Limited,ACT,Not for Profit,Large,4.0,5.0,3.0,2.0,29.0,1.0,22.0,45.0,224.0,58.166666666666664,-0.15838236237129275
Churches of Christ Toowoomba Aged Care Service | Churches of Christ in Queensland,Churches of Christ Toowoomba Aged Care Service,Churches of Christ in Queensland,QLD,Not for Profit,Medium,4.0,5.0,2.0,2.0,37.0,1.0,25.0,40.0,211.0,58.416666666666664,-0.15979006690465797
Calvary Kirralee | Calvary Aged Care Limited,Calvary Kirralee,Calvary Aged Care Limited,VIC,Not for Profit,Medium,,,2.0,2.0,33.0,1.0,35.0,49.0,215.0,46.25,-0.16055353012082457
Lutheran Homes Group Glynde | Lutheran Homes Group Incorporated,Lutheran Homes Group Glynde,Lutheran Homes Group Incorporated,SA,Not for Profit,Large,3.0,5.0,2.0,3.0,29.0,1.0,22.0,40.0,238.0,50.5,-0.16212833407392302
Regis Tasmania - Eastern Shore | Regis Aged Care Pty Ltd,Regis Tasmania - Eastern Shore,Regis Aged Care Pty Ltd,TAS,Private for Profit,Medium,4.0,5.0,3.0,2.0,41.0,1.0,39.0,48.0,226.0,75.83333333333333,-0.16226471055223027
Resthaven Leabrook | Resthaven Inc,Resthaven Leabrook,Resthaven Inc,SA,Not for Profit,Medium,4.0,5.0,3.0,3.0,35.0,1.0,12.0,45.0,215.0,47.083333333333336,-0.16324619547793923
Bupa Greenacre | Bupa Aged Care Australia Pty Ltd,Bupa Greenacre,Bupa Aged Care Australia Pty Ltd,NSW,Private for Profit,Large,3.0,4.0,1.0,2.0,19.0,1.0,42.0,40.0,217.0,62.666666666666664,-0.16326821493054722
Infinite Care Ipswich | IC (SEQ) Pty Ltd,Infinite Care Ipswich,IC (SEQ) Pty Ltd,QLD,Private for Profit,Medium,4.0,5.0,3.0,3.0,42.0,1.0,12.0,47.0,227.0,63.25,-0.1633007274456098
Regis Fawkner | Regis Aged Care Pty Ltd,Regis Fawkner,Regis Aged Care Pty Ltd,VIC,Private for Profit,Medium,3.0,5.0,2.0,2.0,27.0,0.0,24.0,47.0,230.0,45.416666666666664,-0.1635509053718162
St Basil's Randwick | St Basil's Homes,St Basil's Randwick,St Basil's Homes,NSW,Not for Profit,Large,4.0,5.0,3.0,2.0,30.0,0.0,9.0,46.0,221.0,55.0,-0.16433379150969296
Baptistcare Bethel | BaptistCare,Baptistcare Bethel,BaptistCare,WA,Not for Profit,Medium,3.0,4.0,3.0,3.0,26.0,0.0,24.0,45.0,222.0,42.666666666666664,-0.16474773829216507
Estia Health Aberfoyle Park | Estia Investments Pty Ltd,Estia Health Aberfoyle Park,Estia Investments Pty Ltd,SA,Private for Profit,Medium,4.0,5.0,3.0,3.0,46.0,1.0,6.0,45.0,228.0,44.75,-0.1659198217541849
Moran Engadine | Moran Australia (Residential Aged Care) Pty Limited,Moran Engadine,Moran Australia (Residential Aged Care) Pty Limited,NSW,Private for Profit,Large,3.0,4.0,1.0,2.0,31.0,0.0,34.0,41.0,210.0,52.25,-0.16715070862719306
Brightwater Inglewood | Brightwater Care Group Limited,Brightwater Inglewood,Brightwater Care Group Limited,WA,Not for Profit,Large,4.0,5.0,3.0,3.0,30.0,1.0,0.0,45.0,204.0,40.25,-0.16733219064539157
Estia Health Encounter Bay | Estia Investments Pty Ltd,Estia Health Encounter Bay,Estia Investments Pty Ltd,SA,Private for Profit,Large,3.0,5.0,1.0,3.0,27.0,1.0,9.0,44.0,224.0,32.25,-0.167843565239863
Baptcare Wyndham Lodge Community | Baptcare Ltd,Baptcare Wyndham Lodge Community,Baptcare Ltd,VIC,Not for Profit,Large,3.0,5.0,2.0,3.0,31.0,1.0,12.0,41.0,216.0,41.833333333333336,-0.16818910914512875
Wagga Wagga Community Aged Care | Luson Aged Care Pty Ltd,Wagga Wagga Community Aged Care,Luson Aged Care Pty Ltd,NSW,Not for Profit,Large,3.0,4.0,3.0,2.0,30.0,0.0,17.0,44.0,224.0,48.5,-0.168358474911453
Dr Mary Surveyor Centre | MEATH CARE INC,Dr Mary Surveyor Centre,MEATH CARE INC,WA,Not for Profit,Large,4.0,5.0,3.0,3.0,21.0,1.0,31.0,43.0,217.0,38.666666666666664,-0.1688145017874831
Southern Cross Care Karinya Residential Aged Care | Southern Cross Care (NSW & ACT) Limited,Southern Cross Care Karinya Residential Aged Care,Southern Cross Care (NSW & ACT) Limited,NSW,Not for Profit,Medium,4.0,5.0,2.0,3.0,33.0,1.0,13.0,42.0,208.0,65.16666666666667,-0.16949355637383
Arthur Blackburn VC Gardens | RSL LifeCare Limited,Arthur Blackburn VC Gardens,RSL LifeCare Limited,NSW,Not for Profit,Medium,4.0,5.0,5.0,2.0,28.0,1.0,58.0,57.0,228.0,62.416666666666664,-0.1711524749704333
Warrigal Hughes | Warrigal Care Limited,Warrigal Hughes,Warrigal Care Limited,ACT,Not for Profit,Large,3.0,4.0,3.0,3.0,30.0,0.0,18.0,44.0,230.0,47.5,-0.17123369347205297
Eva Tilley Memorial Hostel | EVA TILLEY MEMORIAL HOME INCORPORATED,Eva Tilley Memorial Hostel,EVA TILLEY MEMORIAL HOME INCORPORATED,VIC,Not for Profit,Large,3.0,5.0,2.0,3.0,35.0,1.0,4.0,43.0,212.0,45.5,-0.1720569705927186
Manor Court Werribee Aged Care Ltd | MANOR COURT WERRIBEE AGED CARE LIMITED,Manor Court Werribee Aged Care Ltd,MANOR COURT WERRIBEE AGED CARE LIMITED,VIC,Not for Profit,Medium,3.0,5.0,2.0,3.0,33.0,1.0,12.0,48.0,208.0,42.583333333333336,-0.1732771715277966
Guildford Village | Pu-Fam Pty Ltd,Guildford Village,Pu-Fam Pty Ltd,WA,Private for Profit,Medium,3.0,3.0,4.0,3.0,20.0,0.0,27.0,50.0,220.0,43.333333333333336,-0.17359821053955904
Romsey Community Aged Care | Luson Aged Care Pty Ltd,Romsey Community Aged Care,Luson Aged Care Pty Ltd,VIC,Not for Profit,Large,3.0,4.0,3.0,3.0,33.0,0.0,15.0,46.0,202.0,44.166666666666664,-0.17388487725067714
Pines Living | Pines Living Pty Ltd,Pines Living,Pines Living Pty Ltd,ACT,Private for Profit,Large,4.0,5.0,3.0,1.0,34.0,1.0,18.0,44.0,226.0,69.25,-0.1747425904770897
Bupa Runaway Bay | Bupa Aged Care Australia Pty Ltd,Bupa Runaway Bay,Bupa Aged Care Australia Pty Ltd,QLD,Private for Profit,Medium,3.0,5.0,1.0,3.0,36.0,1.0,23.0,39.0,202.0,64.66666666666667,-0.17508092225471958
RFBI West Wyalong Masonic Village | Royal Freemasons' Benevolent Institution,RFBI West Wyalong Masonic Village,Royal Freemasons' Benevolent Institution,NSW,Not for Profit,Medium,4.0,5.0,1.0,2.0,35.0,1.0,26.0,36.0,206.0,89.66666666666667,-0.17532745247181442
Mountainview Nursing Home | MOUNTAINVIEW NURSING HOME PTY LIMITED,Mountainview Nursing Home,MOUNTAINVIEW NURSING HOME PTY LIMITED,NSW,Private for Profit,Medium,3.0,4.0,3.0,3.0,23.0,1.0,9.0,43.0,215.0,44.333333333333336,-0.17555378522428375
Hope Aged Care Gladstone Park | Sixth Eastway Pty Ltd,Hope Aged Care Gladstone Park,Sixth Eastway Pty Ltd,VIC,Private for Profit,Medium,4.0,5.0,2.0,5.0,19.0,1.0,0.0,45.0,219.0,61.0,-0.17561844681351857
Yallambee Village | Bankstown City Aged Care Ltd,Yallambee Village,Bankstown City Aged Care Ltd,NSW,Not for Profit,Large,3.0,5.0,3.0,2.0,35.0,1.0,16.0,44.0,213.0,44.333333333333336,-0.17711562190021987
Fronditha Clayton Aged Care | Fronditha Care,Fronditha Clayton Aged Care,Fronditha Care,VIC,Not for Profit,Large,3.0,5.0,3.0,2.0,36.0,0.0,30.0,44.0,224.0,49.25,-0.1774764537981751
Aeralife Botany | Heritage Care Pty Ltd,Aeralife Botany,Heritage Care Pty Ltd,NSW,Private for Profit,Large,4.0,5.0,3.0,2.0,28.0,0.0,47.0,46.0,232.0,58.75,-0.1778614341909088
BaptistCare Dorothy Henderson Lodge | BaptistCare,BaptistCare Dorothy Henderson Lodge,BaptistCare,NSW,Not for Profit,Medium,4.0,5.0,2.0,2.0,32.0,1.0,12.0,46.0,219.0,62.916666666666664,-0.17823529188113776
Residential Gardens | Residential Gardens For Spanish Speaking Frail Aged Limited,Residential Gardens,Residential Gardens For Spanish Speaking Frail Aged Limited,NSW,Not for Profit,Medium,3.0,4.0,2.0,2.0,37.0,1.0,14.0,43.0,237.0,63.416666666666664,-0.17863192309430373
Warrigal Care Shell Cove | Warrigal Care Limited,Warrigal Care Shell Cove,Warrigal Care Limited,NSW,Not for Profit,Large,4.0,5.0,3.0,3.0,35.0,1.0,20.0,45.0,224.0,62.833333333333336,-0.17916278649977024
Resthaven Westbourne Park | Resthaven Inc,Resthaven Westbourne Park,Resthaven Inc,SA,Not for Profit,Large,4.0,5.0,3.0,3.0,35.0,2.0,10.0,45.0,217.0,54.916666666666664,-0.17935874259532558
MiCare Avondrust Lodge | MiCare Ltd,MiCare Avondrust Lodge,MiCare Ltd,VIC,Not for Profit,Large,4.0,5.0,3.0,3.0,37.0,1.0,12.0,43.0,209.0,37.0,-0.18005391305196045
Bolton Clarke Claremont Terrace | RSL Care RDNS Limited,Bolton Clarke Claremont Terrace,RSL Care RDNS Limited,VIC,Not for Profit,Large,4.0,5.0,3.0,3.0,30.0,0.0,1.0,44.0,218.0,42.833333333333336,-0.18026734121287563
Alwyndor Aged Care | City of Holdfast Bay,Alwyndor Aged Care,City of Holdfast Bay,SA,Government,Large,4.0,4.0,5.0,2.0,14.0,2.0,18.0,49.0,240.0,33.666666666666664,-0.1821698972610275
Klemzig Residential Care Services | Hahndorf Holdings Pty Ltd,Klemzig Residential Care Services,Hahndorf Holdings Pty Ltd,SA,Private for Profit,Medium,4.0,5.0,4.0,3.0,35.0,1.0,45.0,51.0,229.0,37.5,-0.18233717947009637
Eldercare The Lodge | Eldercare Australia Ltd,Eldercare The Lodge,Eldercare Australia Ltd,SA,Not for Profit,Medium,3.0,4.0,3.0,3.0,41.0,1.0,15.0,46.0,214.0,45.0,-0.18331243073281303
RFBI Kurri Kurri Masonic Village | Royal Freemasons' Benevolent Institution,RFBI Kurri Kurri Masonic Village,Royal Freemasons' Benevolent Institution,NSW,Not for Profit,Medium,4.0,5.0,3.0,3.0,35.0,1.0,0.0,44.0,224.0,61.333333333333336,-0.18421193486067358
Regis Dandenong North | Regis Aged Care Pty Ltd,Regis Dandenong North,Regis Aged Care Pty Ltd,VIC,Private for Profit,Large,3.0,5.0,1.0,3.0,29.0,1.0,14.0,44.0,226.0,37.666666666666664,-0.18444289037273315
Manly Vale Nursing Home | Manly Vale Nursing Home Pty Ltd,Manly Vale Nursing Home,Manly Vale Nursing Home Pty Ltd,NSW,Private for Profit,Medium,4.0,5.0,3.0,3.0,25.0,1.0,23.0,46.0,228.0,36.916666666666664,-0.18480739374476873
Bupa Morphettville | Bupa Aged Care Australia Pty Ltd,Bupa Morphettville,Bupa Aged Care Australia Pty Ltd,SA,Private for Profit,Medium,3.0,5.0,2.0,3.0,22.0,1.0,42.0,46.0,219.0,40.166666666666664,-0.18545293431718088
Coffs Haven Residential Care Service | The Churches of Christ Property Trust,Coffs Haven Residential Care Service,The Churches of Christ Property Trust,NSW,Not for Profit,Medium,4.0,5.0,2.0,3.0,35.0,0.0,4.0,37.0,218.0,56.833333333333336,-0.18587127182961732
Palm Lake Care Caloundra | Palm Lake Care Operations Pty Ltd,Palm Lake Care Caloundra,Palm Lake Care Operations Pty Ltd,QLD,Private for Profit,Large,4.0,5.0,4.0,3.0,42.0,0.0,13.0,45.0,201.0,56.75,-0.1870164178312683
Wallsend Manor Aged Care | Wallsend Manor Aged Care Pty Ltd,Wallsend Manor Aged Care,Wallsend Manor Aged Care Pty Ltd,NSW,Private for Profit,Medium,4.0,5.0,2.0,3.0,46.0,1.0,3.0,54.0,185.0,81.83333333333333,-0.18725879419963526
SummitCare Canley Vale | E E W Investments Pty Ltd,SummitCare Canley Vale,E E W Investments Pty Ltd,NSW,Private for Profit,Medium,4.0,5.0,4.0,3.0,25.0,1.0,17.0,48.0,239.0,41.166666666666664,-0.18731878188259238
Palm Lake Care Mt Warren Park | Palm Lake Care Operations Pty Ltd,Palm Lake Care Mt Warren Park,Palm Lake Care Operations Pty Ltd,QLD,Private for Profit,Large,4.0,5.0,3.0,2.0,32.0,0.0,9.0,44.0,207.0,59.833333333333336,-0.18752494222852298
Infinite Care Mount Lofty | Infinite Aged Care (Toowoomba) Pty Ltd,Infinite Care Mount Lofty,Infinite Aged Care (Toowoomba) Pty Ltd,QLD,Private for Profit,Large,4.0,5.0,4.0,2.0,32.0,1.0,26.0,49.0,224.0,48.416666666666664,-0.18822611299153147
Resthaven Paradise | Resthaven Inc,Resthaven Paradise,Resthaven Inc,SA,Not for Profit,Large,3.0,4.0,3.0,3.0,43.0,0.0,10.0,45.0,221.0,41.0,-0.18840234382925122
St Vincent's Care Services Mitchelton | St Vincent's Care Services Ltd,St Vincent's Care Services Mitchelton,St Vincent's Care Services Ltd,QLD,Not for Profit,Large,4.0,5.0,4.0,2.0,28.0,1.0,22.0,46.0,221.0,60.583333333333336,-0.1891332071213387
Ozcare Keith Turnbull Place | Ozcare,Ozcare Keith Turnbull Place,Ozcare,QLD,Not for Profit,Large,3.0,5.0,2.0,3.0,28.0,1.0,13.0,46.0,212.0,52.416666666666664,-0.18996833608909233
Resthaven Bellevue Heights | Resthaven Inc,Resthaven Bellevue Heights,Resthaven Inc,SA,Not for Profit,Medium,4.0,5.0,3.0,3.0,46.0,0.0,18.0,44.0,222.0,37.916666666666664,-0.19007539974839416
Lutheran Homes Group Fullarton | Lutheran Homes Group Incorporated,Lutheran Homes Group Fullarton,Lutheran Homes Group Incorporated,SA,Not for Profit,Large,3.0,5.0,2.0,3.0,37.0,0.0,12.0,38.0,235.0,42.583333333333336,-0.19036676562921787
Bupa Bendigo | Bupa Aged Care Australia Pty Ltd,Bupa Bendigo,Bupa Aged Care Australia Pty Ltd,VIC,Private for Profit,Large,3.0,5.0,1.0,2.0,34.0,0.0,15.0,41.0,200.0,52.833333333333336,-0.19060858032445369
Aegis Carrington | Carrington Aged Care Facility Pty Ltd,Aegis Carrington,Carrington Aged Care Facility Pty Ltd,WA,Private for Profit,Large,4.0,5.0,4.0,2.0,36.0,0.0,21.0,46.0,228.0,48.0,-0.19135436436075798
Raelene Boyle Retirement Village | Ryman Aged Care (Australia) Pty Ltd,Raelene Boyle Retirement Village,Ryman Aged Care (Australia) Pty Ltd,VIC,Private for Profit,Medium,3.0,5.0,3.0,2.0,40.0,1.0,25.0,46.0,233.0,41.0,-0.1932816147145129
Arcare Burnside | Arcare Pty Ltd,Arcare Burnside,Arcare Pty Ltd,VIC,Private for Profit,Medium,4.0,5.0,3.0,3.0,26.0,0.0,29.0,47.0,228.0,38.5,-0.1933906275524401
Bupa Clayton | Bupa Aged Care Australia Pty Ltd,Bupa Clayton,Bupa Aged Care Australia Pty Ltd,VIC,Private for Profit,Large,3.0,5.0,2.0,1.0,31.0,0.0,27.0,46.0,217.0,60.916666666666664,-0.19353770712370372
IRT Thomas Holt Kirrawee | Illawarra Retirement Trust,IRT Thomas Holt Kirrawee,Illawarra Retirement Trust,NSW,Not for Profit,Large,4.0,5.0,3.0,1.0,35.0,1.0,20.0,46.0,235.0,68.41666666666667,-0.19362955296246712
Ashwood Residential Care Service | The Churches of Christ Property Trust,Ashwood Residential Care Service,The Churches of Christ Property Trust,NSW,Not for Profit,Large,3.0,5.0,1.0,3.0,28.0,2.0,6.0,40.0,207.0,51.5,-0.19401362356661842
Aegis Amberley | Aegis Aged Care Group Pty Ltd,Aegis Amberley,Aegis Aged Care Group Pty Ltd,WA,Private for Profit,Large,4.0,5.0,4.0,2.0,39.0,0.0,36.0,50.0,226.0,46.833333333333336,-0.19491479307721185
Regis Armadale | Regis Aged Care Pty Ltd,Regis Armadale,Regis Aged Care Pty Ltd,VIC,Private for Profit,Medium,4.0,5.0,3.0,3.0,29.0,1.0,28.0,48.0,229.0,39.5,-0.19701671015452657
Kalyna Care | Ukrainian Elderly People's Home,Kalyna Care,Ukrainian Elderly People's Home,VIC,Not for Profit,Large,4.0,5.0,3.0,2.0,29.0,1.0,41.0,45.0,229.0,61.75,-0.19732039466725532
St Vincent's Care Services Maroochydore | St Vincent's Care Services Ltd,St Vincent's Care Services Maroochydore,St Vincent's Care Services Ltd,QLD,Not for Profit,Large,4.0,5.0,4.0,3.0,37.0,1.0,20.0,47.0,210.0,52.583333333333336,-0.20130385350569663
Catholic Healthcare McQuoin Park | Catholic Healthcare Limited,Catholic Healthcare McQuoin Park,Catholic Healthcare Limited,NSW,Not for Profit,Large,4.0,5.0,3.0,3.0,36.0,1.0,9.0,45.0,216.0,44.416666666666664,-0.20255899112986514
Warrigal Care Calwell | Warrigal Care Limited,Warrigal Care Calwell,Warrigal Care Limited,ACT,Not for Profit,Large,4.0,5.0,5.0,2.0,28.0,1.0,25.0,46.0,231.0,49.583333333333336,-0.2038304312134548
Mayfield Aged Care | M.N.H. Pty Ltd,Mayfield Aged Care,M.N.H. Pty Ltd,NSW,Private for Profit,Large,3.0,3.0,1.0,3.0,50.0,0.0,2.0,42.0,209.0,52.666666666666664,-0.20511149190594133
mecwacare Flora Hill | MECWA Limited,mecwacare Flora Hill,MECWA Limited,VIC,Not for Profit,Medium,3.0,4.0,3.0,2.0,39.0,2.0,16.0,46.0,211.0,79.33333333333333,-0.20638667543820452
Arcare Carnegie | Arcare Pty Ltd,Arcare Carnegie,Arcare Pty Ltd,VIC,Private for Profit,Large,3.0,5.0,3.0,2.0,32.0,0.0,33.0,45.0,219.0,45.416666666666664,-0.2073241204327717
Churches of Christ Fassifern Aged Care Service | Churches of Christ in Queensland,Churches of Christ Fassifern Aged Care Service,Churches of Christ in Queensland,QLD,Not for Profit,Large,4.0,5.0,3.0,2.0,32.0,0.0,22.0,42.0,200.0,68.16666666666667,-0.20744557054855675
Tanunda Lutheran Home | Tanunda Lutheran Home Inc,Tanunda Lutheran Home,Tanunda Lutheran Home Inc,SA,Not for Profit,Large,3.0,5.0,1.0,3.0,38.0,0.0,20.0,30.0,196.0,50.0,-0.20774745577212117
Uniting Hawkesbury Richmond | The Uniting Church in Australia Property Trust (NSW),Uniting Hawkesbury Richmond,The Uniting Church in Australia Property Trust (NSW),NSW,Not for Profit,Large,4.0,5.0,3.0,3.0,28.0,0.0,25.0,44.0,214.0,39.333333333333336,-0.2085009070251854
Arcare Knox | Arcare Pty Ltd,Arcare Knox,Arcare Pty Ltd,VIC,Private for Profit,Large,4.0,5.0,3.0,3.0,31.0,1.0,17.0,44.0,218.0,44.75,-0.20896314772114616
Bolton Clarke Tantula Rise | RSL Care RDNS Limited,Bolton Clarke Tantula Rise,RSL Care RDNS Limited,QLD,Not for Profit,Large,4.0,5.0,5.0,1.0,31.0,0.0,24.0,50.0,224.0,67.41666666666667,-0.2093531548373055
Aegis Anchorage | Aegis Aged Care Group Pty Ltd,Aegis Anchorage,Aegis Aged Care Group Pty Ltd,WA,Private for Profit,Medium,4.0,5.0,4.0,3.0,36.0,0.0,45.0,44.0,218.0,45.0,-0.2101860080380678
Arcare Seven Hills | Arcare Pty Ltd,Arcare Seven Hills,Arcare Pty Ltd,QLD,Private for Profit,Large,4.0,5.0,3.0,3.0,43.0,1.0,20.0,45.0,212.0,61.416666666666664,-0.21121239143112758
Villa Maria Catholic Homes Providence Aged Care Residence | Villa Maria Catholic Homes Limited,Villa Maria Catholic Homes Providence Aged Care Residence,Villa Maria Catholic Homes Limited,VIC,Not for Profit,Medium,4.0,5.0,3.0,2.0,33.0,1.0,15.0,45.0,207.0,56.666666666666664,-0.21225177853658403
Regis Kuluin | Regis Group Pty Ltd,Regis Kuluin,Regis Group Pty Ltd,QLD,Private for Profit,Large,4.0,5.0,3.0,3.0,32.0,1.0,21.0,44.0,221.0,59.75,-0.21232883207874015
Estia Health Albany Creek | Estia Investments Pty Ltd,Estia Health Albany Creek,Estia Investments Pty Ltd,QLD,Private for Profit,Medium,4.0,5.0,3.0,3.0,35.0,1.0,22.0,45.0,227.0,50.666666666666664,-0.2135560296712717
The Alexander Aged Care Centre | Premier Aged Care Pty Ltd,The Alexander Aged Care Centre,Premier Aged Care Pty Ltd,VIC,Private for Profit,Medium,4.0,5.0,5.0,2.0,35.0,0.0,62.0,53.0,227.0,46.416666666666664,-0.21437483842359442
The Queenslea | Oryx Communities AP Pty Ltd,The Queenslea,Oryx Communities AP Pty Ltd,WA,Private for Profit,Large,3.0,5.0,3.0,2.0,33.0,1.0,13.0,44.0,207.0,51.333333333333336,-0.2148290834942322
Scalabrini Village Nursing Home (Bexley) | Scalabrini Village Ltd,Scalabrini Village Nursing Home (Bexley),Scalabrini Village Ltd,NSW,Not for Profit,Large,3.0,5.0,1.0,2.0,34.0,1.0,8.0,44.0,220.0,52.333333333333336,-0.21614518410945338
The Heights Donvale | TLC Melbourne Pty Ltd,The Heights Donvale,TLC Melbourne Pty Ltd,VIC,Private for Profit,Medium,3.0,5.0,2.0,3.0,26.0,1.0,27.0,42.0,222.0,39.333333333333336,-0.21704549374223991
Uniting AgeWell Hawthorn Community | Uniting Agewell Limited,Uniting AgeWell Hawthorn Community,Uniting Agewell Limited,VIC,Not for Profit,Large,4.0,5.0,3.0,3.0,25.0,0.0,29.0,46.0,223.0,40.0,-0.2183172078936335
Arcare Reservoir | Arcare Pty Ltd,Arcare Reservoir,Arcare Pty Ltd,VIC,Private for Profit,Medium,4.0,5.0,3.0,3.0,34.0,1.0,25.0,46.0,233.0,42.25,-0.2188806683577036
Scalabrini Village Chipping Norton | Scalabrini Village Ltd,Scalabrini Village Chipping Norton,Scalabrini Village Ltd,NSW,Not for Profit,Large,3.0,5.0,1.0,3.0,29.0,0.0,5.0,44.0,222.0,60.416666666666664,-0.21920460312741402
IRT William Beach Gardens | Illawarra Retirement Trust,IRT William Beach Gardens,Illawarra Retirement Trust,NSW,Not for Profit,Large,4.0,5.0,4.0,2.0,25.0,1.0,32.0,47.0,234.0,61.083333333333336,-0.22005261971255705
mecwacare Noel Miller Centre | MECWA Limited,mecwacare Noel Miller Centre,MECWA Limited,VIC,Not for Profit,Large,4.0,5.0,3.0,3.0,30.0,0.0,10.0,44.0,230.0,37.5,-0.22013859952410525
Uniting Wesley Gardens Belrose | The Uniting Church in Australia Property Trust (NSW),Uniting Wesley Gardens Belrose,The Uniting Church in Australia Property Trust (NSW),NSW,Not for Profit,Large,3.0,4.0,3.0,1.0,34.0,0.0,99.0,46.0,232.0,73.25,-0.2204511453942383
Burpengary Manor Aged Care | Tingari Group Pty Ltd,Burpengary Manor Aged Care,Tingari Group Pty Ltd,QLD,Private for Profit,Large,3.0,5.0,3.0,2.0,37.0,0.0,19.0,44.0,212.0,41.916666666666664,-0.2208831596523107
Woodport Aged Care Plus Centre | The Salvation Army (NSW) Property Trust,Woodport Aged Care Plus Centre,The Salvation Army (NSW) Property Trust,NSW,Not for Profit,Large,3.0,5.0,3.0,2.0,40.0,0.0,23.0,46.0,223.0,50.25,-0.22112909252592533
Carmel Roshana Care | Burswood Care Pty Ltd,Carmel Roshana Care,Burswood Care Pty Ltd,WA,Private for Profit,Large,4.0,5.0,4.0,2.0,16.0,1.0,81.0,47.0,205.0,54.5,-0.22125949998752828
Regis Yeronga | Regis Group Pty Ltd,Regis Yeronga,Regis Group Pty Ltd,QLD,Private for Profit,Medium,4.0,5.0,3.0,3.0,31.0,1.0,17.0,46.0,218.0,58.25,-0.2213621370503046
Arcare North Shore | Arcare Pty Ltd,Arcare North Shore,Arcare Pty Ltd,QLD,Private for Profit,Medium,4.0,5.0,3.0,1.0,39.0,0.0,16.0,45.0,215.0,63.416666666666664,-0.22141218245406055
Cooinda Village Inc | Cooinda Village Inc,Cooinda Village Inc,Cooinda Village Inc,VIC,Not for Profit,Medium,4.0,5.0,3.0,3.0,42.0,1.0,30.0,42.0,217.0,65.66666666666667,-0.22254724419404764
Nazareth House Ballarat | Nazareth Care,Nazareth House Ballarat,Nazareth Care,VIC,Not for Profit,Large,4.0,5.0,2.0,3.0,31.0,0.0,17.0,30.0,214.0,54.083333333333336,-0.22301554913864008
Regis Rosebud | Regis Aged Care Pty Ltd,Regis Rosebud,Regis Aged Care Pty Ltd,VIC,Private for Profit,Medium,4.0,5.0,3.0,3.0,27.0,1.0,16.0,45.0,216.0,42.583333333333336,-0.2238094808321198
Regis Wynnum | Regis Group Pty Ltd,Regis Wynnum,Regis Group Pty Ltd,QLD,Private for Profit,Medium,3.0,5.0,3.0,2.0,38.0,0.0,23.0,47.0,229.0,45.083333333333336,-0.22477717968394528
Craigcare Mornington | Glenn-Craig Villages Pty Ltd,Craigcare Mornington,Glenn-Craig Villages Pty Ltd,VIC,Private for Profit,Medium,3.0,5.0,2.0,3.0,38.0,1.0,0.0,48.0,219.0,49.0,-0.2268700074562766
Aegis Hilton Park | Aegis Aged Care Group Pty Ltd,Aegis Hilton Park,Aegis Aged Care Group Pty Ltd,WA,Private for Profit,Large,4.0,5.0,3.0,1.0,33.0,1.0,41.0,45.0,215.0,56.666666666666664,-0.2274350074475925
Churches of Christ Bribie Aged Care Service | Churches of Christ in Queensland,Churches of Christ Bribie Aged Care Service,Churches of Christ in Queensland,QLD,Not for Profit,Large,3.0,4.0,3.0,2.0,33.0,0.0,17.0,45.0,211.0,35.583333333333336,-0.22888518611082223
Bupa Woodville | Bupa Aged Care Australia Pty Ltd,Bupa Woodville,Bupa Aged Care Australia Pty Ltd,SA,Private for Profit,Large,4.0,5.0,4.0,2.0,32.0,1.0,22.0,53.0,233.0,38.166666666666664,-0.22953058718641503
Blue Haven Bonaira | Fresh Fields Management (NSW) No 2 Pty Ltd,Blue Haven Bonaira,Fresh Fields Management (NSW) No 2 Pty Ltd,NSW,Private for Profit,Large,3.0,4.0,1.0,2.0,38.0,1.0,20.0,42.0,206.0,73.91666666666667,-0.2299900099110505
Arcare Slacks Creek | K & M Healthcare Pty Ltd,Arcare Slacks Creek,K & M Healthcare Pty Ltd,QLD,Private for Profit,Large,3.0,5.0,3.0,2.0,41.0,0.0,20.0,45.0,223.0,51.916666666666664,-0.23060831489865724
Aegis Hermitage | Aegis Aged Care Group Pty Ltd,Aegis Hermitage,Aegis Aged Care Group Pty Ltd,WA,Private for Profit,Large,4.0,5.0,4.0,2.0,41.0,0.0,37.0,46.0,219.0,47.416666666666664,-0.23132907163158556
Mercy Place Myrtleford Lodge | Mercy Aged and Community Care Ltd,Mercy Place Myrtleford Lodge,Mercy Aged and Community Care Ltd,VIC,Not for Profit,Medium,3.0,4.0,2.0,3.0,41.0,1.0,7.0,32.0,210.0,54.416666666666664,-0.23135731723466035
Bupa Eastwood | Bupa Aged Care Australia Pty Ltd,Bupa Eastwood,Bupa Aged Care Australia Pty Ltd,VIC,Private for Profit,Medium,4.0,5.0,2.0,3.0,35.0,0.0,16.0,42.0,198.0,62.75,-0.2336767729067519
Sienna Grange Aged Care | Australian Unity Care Services Pty Ltd,Sienna Grange Aged Care,Australian Unity Care Services Pty Ltd,NSW,Private for Profit,Medium,4.0,5.0,4.0,2.0,39.0,2.0,18.0,51.0,228.0,72.66666666666667,-0.23446331896762193
Respect Maleny Erowal | Respect Group Limited,Respect Maleny Erowal,Respect Group Limited,QLD,Not for Profit,Medium,,,3.0,3.0,32.0,1.0,44.0,44.0,220.0,69.16666666666667,-0.2344694353122342
Emmy Monash Aged Care | EMMY MONASH AGED CARE INC.,Emmy Monash Aged Care,EMMY MONASH AGED CARE INC.,VIC,Not for Profit,Large,4.0,5.0,2.0,3.0,37.0,1.0,10.0,42.0,205.0,55.333333333333336,-0.2348866095883982
Arcare Birtinya | Arcare Pty Ltd,Arcare Birtinya,Arcare Pty Ltd,QLD,Private for Profit,Medium,4.0,5.0,3.0,2.0,39.0,1.0,7.0,42.0,198.0,69.91666666666667,-0.2367145792251253
mecwacare John Atchison Centre | MECWA Limited,mecwacare John Atchison Centre,MECWA Limited,VIC,Not for Profit,Medium,4.0,5.0,3.0,3.0,36.0,0.0,1.0,43.0,217.0,46.083333333333336,-0.2371698531501206
Arcare Warners Bay | Arcare Pty Ltd,Arcare Warners Bay,Arcare Pty Ltd,NSW,Private for Profit,Large,3.0,4.0,3.0,2.0,38.0,1.0,32.0,42.0,201.0,58.416666666666664,-0.23817826209374182
Villa Maria Eastern Heights | Catholic Healthcare Limited,Villa Maria Eastern Heights,Catholic Healthcare Limited,QLD,Not for Profit,Medium,4.0,5.0,4.0,2.0,32.0,0.0,19.0,48.0,209.0,50.0,-0.2384172101275655
Governor Phillip Manor | RSL LifeCare Limited,Governor Phillip Manor,RSL LifeCare Limited,NSW,Not for Profit,Medium,4.0,5.0,3.0,2.0,24.0,1.0,37.0,47.0,219.0,63.5,-0.23980897918048588
Eldercare Goodwood | Eldercare Australia Ltd,Eldercare Goodwood,Eldercare Australia Ltd,SA,Not for Profit,Medium,4.0,5.0,5.0,2.0,50.0,0.0,20.0,48.0,224.0,50.5,-0.24004901734038395
St Basil's Miranda | St Basil's Homes,St Basil's Miranda,St Basil's Homes,NSW,Not for Profit,Medium,4.0,5.0,3.0,3.0,38.0,1.0,18.0,46.0,211.0,65.41666666666667,-0.24028346726587974
Orana Gardens | Orana Gardens Ltd,Orana Gardens,Orana Gardens Ltd,NSW,Not for Profit,Large,4.0,5.0,2.0,2.0,29.0,1.0,34.0,41.0,215.0,82.83333333333333,-0.24034069507690603
Korongee | Glenview Community Services Inc,Korongee,Glenview Community Services Inc,TAS,Not for Profit,Medium,5.0,5.0,5.0,2.0,45.0,0.0,93.0,53.0,249.0,76.33333333333333,-0.2413716341441209
Arcare Parkview Malvern East | Arcare Pty Ltd,Arcare Parkview Malvern East,Arcare Pty Ltd,VIC,Private for Profit,Medium,4.0,5.0,3.0,2.0,41.0,1.0,31.0,44.0,213.0,62.5,-0.2432163623501983
Paling Court Residential Aged Care | Carrington Centennial Care Limited,Paling Court Residential Aged Care,Carrington Centennial Care Limited,NSW,Not for Profit,Large,4.0,5.0,3.0,3.0,36.0,1.0,14.0,44.0,220.0,60.833333333333336,-0.2437005395466625
St Patrick's Green | Greengate Care Pty Ltd,St Patrick's Green,Greengate Care Pty Ltd,NSW,Private for Profit,Medium,4.0,5.0,3.0,3.0,35.0,1.0,21.0,48.0,234.0,46.333333333333336,-0.24534532383738794
Arcare Craigieburn | Arcare Pty Ltd,Arcare Craigieburn,Arcare Pty Ltd,VIC,Private for Profit,Medium,3.0,5.0,3.0,2.0,29.0,0.0,35.0,44.0,223.0,46.916666666666664,-0.24600970195636856
Canberra Aged Care Facility | Fresh Fields Aged Care (NSW) - No 1 Pty Ltd,Canberra Aged Care Facility,Fresh Fields Aged Care (NSW) - No 1 Pty Ltd,ACT,Private for Profit,Medium,,,3.0,3.0,41.0,0.0,1.0,45.0,235.0,16.166666666666668,-0.24788009450301232
Estia Health Yarra Valley | Estia Investments Pty Ltd,Estia Health Yarra Valley,Estia Investments Pty Ltd,VIC,Private for Profit,Medium,3.0,5.0,3.0,2.0,39.0,1.0,38.0,46.0,217.0,47.916666666666664,-0.2488386781988449
Regis Bunbury | Regis Aged Care Pty Ltd,Regis Bunbury,Regis Aged Care Pty Ltd,WA,Private for Profit,Medium,3.0,4.0,3.0,2.0,27.0,0.0,20.0,46.0,223.0,43.083333333333336,-0.2494868679283889
Strathearn House | HammondCare,Strathearn House,HammondCare,NSW,Not for Profit,Medium,4.0,5.0,2.0,2.0,37.0,1.0,28.0,42.0,223.0,63.583333333333336,-0.24973793159697782
Baptistcare Moonya | BaptistCare,Baptistcare Moonya,BaptistCare,WA,Not for Profit,Medium,3.0,4.0,3.0,3.0,27.0,1.0,52.0,44.0,224.0,52.833333333333336,-0.2503988091543641
Oran Park House Aged Care Facility | Thompson Health Care Pty Ltd,Oran Park House Aged Care Facility,Thompson Health Care Pty Ltd,NSW,Private for Profit,Large,4.0,5.0,3.0,3.0,30.0,0.0,62.0,45.0,225.0,54.333333333333336,-0.25418070249127295
Arcare Thornlands | Arcare Pty Ltd,Arcare Thornlands,Arcare Pty Ltd,QLD,Private for Profit,Medium,3.0,5.0,3.0,2.0,38.0,0.0,20.0,44.0,210.0,46.416666666666664,-0.2542613281345
Mercy Place Albury | Mercy Aged and Community Care Ltd,Mercy Place Albury,Mercy Aged and Community Care Ltd,NSW,Not for Profit,Medium,4.0,5.0,3.0,3.0,21.0,1.0,3.0,44.0,218.0,54.833333333333336,-0.25663397468337507
Our Lady Of Consolation Home | Our Lady of Consolation Aged Care & Services Limited,Our Lady Of Consolation Home,Our Lady of Consolation Aged Care & Services Limited,NSW,Not for Profit,Large,4.0,5.0,3.0,3.0,32.0,1.0,17.0,41.0,195.0,51.333333333333336,-0.2585180277882851
Bolton Clarke Greenview | RSL Care RDNS Limited,Bolton Clarke Greenview,RSL Care RDNS Limited,VIC,Not for Profit,Medium,3.0,5.0,3.0,2.0,38.0,1.0,5.0,44.0,217.0,46.833333333333336,-0.26183742354697015
Middle Swan Residential Care | Grand Lodge of Western Australian Freemasons Homes for the Aged Inc,Middle Swan Residential Care,Grand Lodge of Western Australian Freemasons Homes for the Aged Inc,WA,Not for Profit,Large,3.0,4.0,3.0,2.0,27.0,0.0,25.0,45.0,208.0,50.333333333333336,-0.2634008241810821
ValleyView Residence | The Riverview Residence Collie (Inc),ValleyView Residence,The Riverview Residence Collie (Inc),WA,Not for Profit,Medium,4.0,5.0,2.0,3.0,28.0,0.0,0.0,23.0,213.0,60.833333333333336,-0.2637582632761311
S Antonio Da Padova Nursing Home | S'Antonio Da Padova Protettore Di Poggioreale Sydney Nursing Home Limited,S Antonio Da Padova Nursing Home,S'Antonio Da Padova Protettore Di Poggioreale Sydney Nursing Home Limited,NSW,Not for Profit,Large,4.0,5.0,4.0,1.0,21.0,1.0,38.0,46.0,259.0,66.25,-0.2668422077672935
Leighton Nursing Home | Fresh Fields Aged Care Pty Ltd,Leighton Nursing Home,Fresh Fields Aged Care Pty Ltd,WA,Private for Profit,Medium,3.0,5.0,1.0,3.0,28.0,1.0,3.0,41.0,226.0,46.75,-0.26964136739437444
Amaroo Village McMahon Caring Centre | Amaroo Care Services Inc,Amaroo Village McMahon Caring Centre,Amaroo Care Services Inc,WA,Not for Profit,Medium,3.0,4.0,3.0,2.0,27.0,1.0,26.0,44.0,219.0,50.833333333333336,-0.2698204203853273
Whiddon Glenfield Easton Park | The Frank Whiddon Masonic Homes of New South Wales,Whiddon Glenfield Easton Park,The Frank Whiddon Masonic Homes of New South Wales,NSW,Not for Profit,Large,4.0,5.0,4.0,2.0,24.0,1.0,19.0,47.0,238.0,38.0,-0.27216749414838254
Illawarra Diggers | Illawarra Diggers Aged and Community Care Limited,Illawarra Diggers,Illawarra Diggers Aged and Community Care Limited,NSW,Not for Profit,Medium,3.0,5.0,2.0,3.0,33.0,1.0,17.0,39.0,219.0,54.416666666666664,-0.2724411917950638
Mercy Place Ave Maria | Mercy Aged and Community Care Ltd,Mercy Place Ave Maria,Mercy Aged and Community Care Ltd,VIC,Not for Profit,Medium,3.0,4.0,2.0,3.0,45.0,1.0,19.0,47.0,206.0,53.25,-0.2733415362111696
Whiddon Mudgee Pioneer | The Frank Whiddon Masonic Homes of New South Wales,Whiddon Mudgee Pioneer,The Frank Whiddon Masonic Homes of New South Wales,NSW,Not for Profit,Medium,4.0,5.0,4.0,1.0,32.0,1.0,38.0,50.0,223.0,67.83333333333333,-0.2733787764563218
IRT Berala on the Park | Illawarra Retirement Trust,IRT Berala on the Park,Illawarra Retirement Trust,NSW,Not for Profit,Medium,3.0,5.0,3.0,3.0,32.0,1.0,19.0,47.0,233.0,30.916666666666668,-0.27348999307365146
Uniting Caroona Jarman Goonellabah | The Uniting Church in Australia Property Trust (NSW),Uniting Caroona Jarman Goonellabah,The Uniting Church in Australia Property Trust (NSW),NSW,Not for Profit,Medium,4.0,5.0,4.0,2.0,28.0,1.0,33.0,47.0,234.0,46.833333333333336,-0.27352975074824554
Dellacourt | Lutheran Aged Care Albury,Dellacourt,Lutheran Aged Care Albury,NSW,Not for Profit,Large,3.0,5.0,1.0,3.0,38.0,1.0,7.0,40.0,198.0,68.75,-0.2739534349781844
Bolton Clarke Riddell Gardens | RSL Care RDNS Limited,Bolton Clarke Riddell Gardens,RSL Care RDNS Limited,VIC,Not for Profit,Medium,4.0,5.0,3.0,3.0,26.0,0.0,27.0,47.0,218.0,37.833333333333336,-0.27428968493164807
Ozcare - Toowoomba | Ozcare,Ozcare - Toowoomba,Ozcare,QLD,Not for Profit,Large,3.0,5.0,2.0,2.0,32.0,0.0,28.0,47.0,202.0,45.416666666666664,-0.27608674503782504
Calvary Rye Sands | Calvary Aged Care Limited,Calvary Rye Sands,Calvary Aged Care Limited,VIC,Not for Profit,Medium,,,3.0,2.0,31.0,1.0,25.0,48.0,222.0,49.083333333333336,-0.27673231635554685
Annie Green Court | Mission Australia,Annie Green Court,Mission Australia,NSW,Not for Profit,Medium,4.0,5.0,3.0,3.0,33.0,1.0,0.0,38.0,181.0,43.416666666666664,-0.2776418902277235
Ferndale Gardens Aged Care Services | Wickro Pty Ltd,Ferndale Gardens Aged Care Services,Wickro Pty Ltd,VIC,Private for Profit,Large,3.0,5.0,2.0,3.0,46.0,0.0,16.0,47.0,208.0,44.0,-0.27790232079536226
Strathpine Aged Care | Strathpine Aged Care Pty Ltd,Strathpine Aged Care,Strathpine Aged Care Pty Ltd,QLD,Private for Profit,Medium,3.0,4.0,2.0,3.0,35.0,1.0,25.0,44.0,170.0,60.416666666666664,-0.2784423750529583
MannaCare - Cassia House | MannaCare Inc,MannaCare - Cassia House,MannaCare Inc,VIC,Not for Profit,Medium,4.0,5.0,3.0,3.0,27.0,0.0,56.0,47.0,240.0,51.416666666666664,-0.2789242584929575
Bupa Templestowe | Bupa Aged Care Australia Pty Ltd,Bupa Templestowe,Bupa Aged Care Australia Pty Ltd,VIC,Private for Profit,Large,3.0,5.0,2.0,3.0,35.0,0.0,21.0,43.0,200.0,34.416666666666664,-0.2789469381305871
Bilyara Hostel | Cowra Retirement Village Ltd,Bilyara Hostel,Cowra Retirement Village Ltd,NSW,Not for Profit,Medium,4.0,5.0,4.0,3.0,45.0,2.0,18.0,49.0,209.0,69.75,-0.27899776336107285
Bupa Bateau Bay | Bupa Aged Care Australia Pty Ltd,Bupa Bateau Bay,Bupa Aged Care Australia Pty Ltd,NSW,Private for Profit,Medium,3.0,5.0,1.0,2.0,40.0,0.0,73.0,40.0,201.0,75.0,-0.28065496096595605
The Pines Lodge Residential Care | Southern Cross Care (SA NT & VIC) Incorporated,The Pines Lodge Residential Care,Southern Cross Care (SA NT & VIC) Incorporated,SA,Not for Profit,Large,3.0,5.0,1.0,3.0,40.0,1.0,41.0,42.0,217.0,41.416666666666664,-0.28202676340482
Ascott Gardens | United Protestant Association of NSW Limited,Ascott Gardens,United Protestant Association of NSW Limited,NSW,Not for Profit,Medium,4.0,5.0,5.0,2.0,22.0,1.0,19.0,51.0,243.0,58.25,-0.2844017799641153
Baptcare Wattle Grove Community | Baptcare Ltd,Baptcare Wattle Grove Community,Baptcare Ltd,VIC,Not for Profit,Large,3.0,5.0,2.0,1.0,38.0,1.0,17.0,45.0,214.0,31.083333333333332,-0.2860392263569207
Craigcare Ascot Waters | Glenn-Craig Villages Pty Ltd,Craigcare Ascot Waters,Glenn-Craig Villages Pty Ltd,WA,Private for Profit,Large,4.0,5.0,3.0,3.0,33.0,1.0,7.0,46.0,226.0,44.5,-0.2862429456750515
Regis Port Coogee | Regis Aged Care Pty Ltd,Regis Port Coogee,Regis Aged Care Pty Ltd,WA,Private for Profit,Large,4.0,5.0,3.0,3.0,31.0,0.0,14.0,46.0,219.0,35.5,-0.28626802044508437
Ridleyton Greek Home for the Aged | GREEK ORTHODOX COMMUNITY OF SOUTH AUSTRALIA INCORPORATED,Ridleyton Greek Home for the Aged,GREEK ORTHODOX COMMUNITY OF SOUTH AUSTRALIA INCORPORATED,SA,Not for Profit,Large,4.0,5.0,5.0,1.0,28.0,1.0,25.0,50.0,235.0,40.583333333333336,-0.2866963648629357
Arcare Templestowe | Arcare Pty Ltd,Arcare Templestowe,Arcare Pty Ltd,VIC,Private for Profit,Large,4.0,5.0,3.0,3.0,30.0,1.0,25.0,45.0,218.0,34.833333333333336,-0.2867734596179322
Clelland Lodge | The Churches of Christ Property Trust,Clelland Lodge,The Churches of Christ Property Trust,NSW,Not for Profit,Large,4.0,5.0,3.0,2.0,39.0,1.0,13.0,42.0,227.0,75.16666666666667,-0.2868859700946984
Wheller Gardens - John Wesley Gardens | Wesley Mission Queensland Limited,Wheller Gardens - John Wesley Gardens,Wesley Mission Queensland Limited,QLD,Not for Profit,Large,3.0,4.0,3.0,2.0,32.0,1.0,15.0,47.0,226.0,37.75,-0.28922791079942944
Whittlesea Lodge | Arcanola Pty Ltd,Whittlesea Lodge,Arcanola Pty Ltd,VIC,Private for Profit,Medium,3.0,5.0,2.0,1.0,23.0,1.0,26.0,45.0,191.0,58.25,-0.2894412091591606
Jimboomba Community Aged Care | Luson Aged Care Pty Ltd,Jimboomba Community Aged Care,Luson Aged Care Pty Ltd,QLD,Not for Profit,Large,3.0,4.0,2.0,2.0,32.0,0.0,17.0,46.0,219.0,59.416666666666664,-0.29113331736209613
Mercy Place Shepparton | Mercy Aged and Community Care Ltd,Mercy Place Shepparton,Mercy Aged and Community Care Ltd,VIC,Not for Profit,Medium,3.0,5.0,3.0,2.0,34.0,1.0,3.0,45.0,212.0,59.666666666666664,-0.2913083266816784
Arcare Maidstone | Arcare Pty Ltd,Arcare Maidstone,Arcare Pty Ltd,VIC,Private for Profit,Medium,3.0,5.0,3.0,2.0,32.0,0.0,38.0,46.0,226.0,51.916666666666664,-0.291855572691478
Southern Cross Care Ozanam Residential Aged Care | Southern Cross Care (NSW & ACT) Limited,Southern Cross Care Ozanam Residential Aged Care,Southern Cross Care (NSW & ACT) Limited,ACT,Not for Profit,Medium,3.0,5.0,3.0,3.0,31.0,0.0,10.0,47.0,227.0,16.0,-0.29208978651126155
Aegis Shoalwater | Aegis Aged Care Shoalwater Pty Ltd,Aegis Shoalwater,Aegis Aged Care Shoalwater Pty Ltd,WA,Private for Profit,Large,3.0,5.0,3.0,2.0,39.0,1.0,27.0,44.0,220.0,47.5,-0.29225857914729536
Benetas St Laurence Court - Eaglehawk | Anglican Aged Care Services Group,Benetas St Laurence Court - Eaglehawk,Anglican Aged Care Services Group,VIC,Not for Profit,Medium,4.0,5.0,4.0,2.0,36.0,0.0,24.0,48.0,210.0,53.083333333333336,-0.2924093004232065
Bupa Dural | Bupa Aged Care Australia Pty Ltd,Bupa Dural,Bupa Aged Care Australia Pty Ltd,NSW,Private for Profit,Medium,3.0,5.0,3.0,2.0,40.0,1.0,30.0,48.0,220.0,47.666666666666664,-0.29257432087513124
Homestead Estate Residential Aged Care | THE LEAPER CORPORATION PTY. LTD.,Homestead Estate Residential Aged Care,THE LEAPER CORPORATION PTY. LTD.,VIC,Private for Profit,Large,3.0,5.0,1.0,3.0,12.0,0.0,43.0,28.0,182.0,48.333333333333336,-0.29289898870342174
Hillside at Figtree | Hillside Brae Pty Ltd,Hillside at Figtree,Hillside Brae Pty Ltd,NSW,Private for Profit,Medium,3.0,5.0,2.0,2.0,32.0,1.0,5.0,44.0,191.0,64.08333333333333,-0.2935580856961608
Craigcare Plumpton Villa | Glenn-Craig Villages Pty Ltd,Craigcare Plumpton Villa,Glenn-Craig Villages Pty Ltd,VIC,Private for Profit,Large,4.0,5.0,4.0,1.0,31.0,1.0,17.0,50.0,232.0,31.25,-0.29609221369960215
Macleay Valley House | Burswood Care Pty Ltd,Macleay Valley House,Burswood Care Pty Ltd,NSW,Private for Profit,Large,4.0,4.0,3.0,3.0,30.0,1.0,41.0,45.0,216.0,57.166666666666664,-0.2996538453895607
Cheltenham House Aged Care Facility | Thompson Health Care Pty Ltd,Cheltenham House Aged Care Facility,Thompson Health Care Pty Ltd,NSW,Private for Profit,Medium,4.0,5.0,3.0,3.0,37.0,1.0,24.0,43.0,202.0,65.0,-0.3002330540486894
Maculata Place | Shepparton Retirement Villages Inc,Maculata Place,Shepparton Retirement Villages Inc,VIC,Not for Profit,Large,4.0,5.0,3.0,2.0,33.0,0.0,23.0,42.0,218.0,59.666666666666664,-0.3022250497733239
Embracia Moonee Valley | Embracia Victoria Pty Ltd,Embracia Moonee Valley,Embracia Victoria Pty Ltd,VIC,Private for Profit,Large,3.0,5.0,1.0,3.0,32.0,1.0,17.0,40.0,204.0,42.083333333333336,-0.3028401914444896
Bupa Caulfield | Bupa Aged Care Australia Pty Ltd,Bupa Caulfield,Bupa Aged Care Australia Pty Ltd,VIC,Private for Profit,Large,3.0,5.0,1.0,3.0,28.0,0.0,100.0,43.0,201.0,64.0,-0.3029143092193435
Regis East Malvern | Regis Aged Care Pty Ltd,Regis East Malvern,Regis Aged Care Pty Ltd,VIC,Private for Profit,Large,3.0,5.0,2.0,2.0,34.0,1.0,21.0,43.0,221.0,29.5,-0.30363202702564357
Whiddon Redhead | The Frank Whiddon Masonic Homes of New South Wales,Whiddon Redhead,The Frank Whiddon Masonic Homes of New South Wales,NSW,Not for Profit,Large,4.0,5.0,2.0,2.0,37.0,1.0,21.0,43.0,225.0,58.916666666666664,-0.3045343037289624
Aegis Parkview | Lakeside Hostel Pty Ltd,Aegis Parkview,Lakeside Hostel Pty Ltd,WA,Private for Profit,Medium,3.0,5.0,3.0,1.0,32.0,2.0,24.0,45.0,223.0,48.0,-0.3050826705609245
Bolton Clarke The Ashley | RSL Care RDNS Limited,Bolton Clarke The Ashley,RSL Care RDNS Limited,VIC,Not for Profit,Medium,4.0,4.0,4.0,3.0,26.0,2.0,12.0,48.0,231.0,46.416666666666664,-0.3058236803165201
Calvary Cessnock Retirement Community | Calvary Aged Care Limited,Calvary Cessnock Retirement Community,Calvary Aged Care Limited,NSW,Not for Profit,Large,,,1.0,1.0,26.0,0.0,32.0,38.0,210.0,70.16666666666667,-0.30739755892987763
John Goodlet Manor | RSL LifeCare Limited,John Goodlet Manor,RSL LifeCare Limited,NSW,Not for Profit,Medium,3.0,5.0,2.0,2.0,29.0,1.0,13.0,44.0,210.0,47.75,-0.3076377329082575
Calvary Brighton | Calvary Aged Care Limited,Calvary Brighton,Calvary Aged Care Limited,SA,Not for Profit,Medium,,,3.0,2.0,31.0,1.0,46.0,48.0,222.0,47.666666666666664,-0.30767360877201266
AnglicareSA Westbourne Park | ANGLICARE SA LTD.,AnglicareSA Westbourne Park,ANGLICARE SA LTD.,SA,Not for Profit,Medium,3.0,5.0,3.0,2.0,40.0,1.0,20.0,47.0,233.0,42.166666666666664,-0.30799436256874374
Regis Ferny Grove | Regis Group Pty Ltd,Regis Ferny Grove,Regis Group Pty Ltd,QLD,Private for Profit,Large,3.0,5.0,2.0,1.0,37.0,1.0,18.0,43.0,209.0,64.16666666666667,-0.3089010811117865
Amaroo Village Buckley Caring Centre | Amaroo Care Services Inc,Amaroo Village Buckley Caring Centre,Amaroo Care Services Inc,WA,Not for Profit,Large,3.0,4.0,3.0,2.0,34.0,0.0,22.0,43.0,214.0,44.666666666666664,-0.3130087251936884
Capecare | Ray Village Aged Services Inc,Capecare,Ray Village Aged Services Inc,WA,Not for Profit,Large,3.0,5.0,2.0,2.0,30.0,2.0,23.0,40.0,242.0,46.5,-0.31302708410645064
Hahndorf Residential Care Services | Hahndorf Holdings Pty Ltd,Hahndorf Residential Care Services,Hahndorf Holdings Pty Ltd,SA,Private for Profit,Medium,4.0,5.0,3.0,3.0,38.0,1.0,10.0,45.0,225.0,44.916666666666664,-0.3133109212621018
Aegis Stirling | Aegis Aged Care Group Pty Ltd,Aegis Stirling,Aegis Aged Care Group Pty Ltd,WA,Private for Profit,Large,4.0,5.0,4.0,3.0,36.0,1.0,19.0,47.0,238.0,42.416666666666664,-0.3133201459874675
Wellington Views | Respect Group Limited,Wellington Views,Respect Group Limited,TAS,Not for Profit,Medium,3.0,5.0,2.0,3.0,34.0,0.0,24.0,35.0,226.0,39.333333333333336,-0.31405410108453236
Villa Terenzio | Italian Aged Care Incorporated,Villa Terenzio,Italian Aged Care Incorporated,WA,Not for Profit,Large,4.0,5.0,3.0,3.0,29.0,1.0,21.0,45.0,218.0,36.583333333333336,-0.31787130465437374
Estia Health Tea Gardens | Estia Investments Pty Ltd,Estia Health Tea Gardens,Estia Investments Pty Ltd,NSW,Private for Profit,Large,4.0,5.0,2.0,3.0,31.0,1.0,19.0,39.0,220.0,57.083333333333336,-0.3202679136155334
St Basil's Lakemba | St Basil's Homes,St Basil's Lakemba,St Basil's Homes,NSW,Not for Profit,Large,4.0,5.0,3.0,1.0,28.0,0.0,58.0,44.0,214.0,71.33333333333333,-0.3219749305463212
Abel Tasman Village | The Abel Tasman Village Association Ltd,Abel Tasman Village,The Abel Tasman Village Association Ltd,NSW,Not for Profit,Medium,4.0,5.0,3.0,1.0,33.0,1.0,9.0,44.0,225.0,67.33333333333333,-0.32208111494093755
SummitCare Baulkham Hills | SummitCare Baulkham Hills (NSW) Pty Ltd,SummitCare Baulkham Hills,SummitCare Baulkham Hills (NSW) Pty Ltd,NSW,Private for Profit,Large,3.0,5.0,3.0,1.0,32.0,0.0,39.0,44.0,217.0,56.25,-0.3241263282360469
Prom Country Aged Care | Prom Country Aged Care Inc,Prom Country Aged Care,Prom Country Aged Care Inc,VIC,Not for Profit,Medium,3.0,5.0,2.0,3.0,37.0,1.0,13.0,50.0,206.0,51.25,-0.3245905379942211
Estia Health Victoria Heights | Estia Investments Pty Ltd,Estia Health Victoria Heights,Estia Investments Pty Ltd,VIC,Private for Profit,Medium,3.0,5.0,1.0,3.0,26.0,1.0,17.0,41.0,219.0,48.166666666666664,-0.32498801400689237
Arcare Portarlington | Arcare Pty Ltd,Arcare Portarlington,Arcare Pty Ltd,VIC,Private for Profit,Medium,4.0,5.0,3.0,1.0,34.0,1.0,29.0,44.0,213.0,55.666666666666664,-0.3284258818772962
Arcare Kanwal | Arcare Pty Ltd,Arcare Kanwal,Arcare Pty Ltd,NSW,Private for Profit,Large,3.0,5.0,3.0,2.0,35.0,1.0,30.0,45.0,219.0,52.0,-0.3286246593188321
GraniteHill Aged Care | Euroa Health Inc,GraniteHill Aged Care,Euroa Health Inc,VIC,Not for Profit,Medium,3.0,5.0,2.0,3.0,32.0,1.0,11.0,41.0,218.0,44.75,-0.32863424949134723
Barunga Village Incorporated | BARUNGA VILLAGE INC,Barunga Village Incorporated,BARUNGA VILLAGE INC,SA,Not for Profit,Medium,4.0,5.0,2.0,2.0,30.0,0.0,21.0,34.0,215.0,57.75,-0.32933731493213264
Macquarie Lodge Aged Care Plus Centre | The Salvation Army (NSW) Property Trust,Macquarie Lodge Aged Care Plus Centre,The Salvation Army (NSW) Property Trust,NSW,Not for Profit,Large,3.0,5.0,3.0,2.0,31.0,1.0,21.0,47.0,241.0,50.333333333333336,-0.33074359213409
Aeralife Kingswood | Heritage Care Pty Ltd,Aeralife Kingswood,Heritage Care Pty Ltd,NSW,Private for Profit,Medium,3.0,5.0,2.0,2.0,38.0,0.0,51.0,46.0,222.0,46.5,-0.33320671072409846
Regis Hornsby | Regis Aged Care Pty Ltd,Regis Hornsby,Regis Aged Care Pty Ltd,NSW,Private for Profit,Medium,3.0,5.0,1.0,3.0,38.0,2.0,3.0,45.0,225.0,47.666666666666664,-0.33458728974416607
Estia Health Wodonga | Estia Investments Pty Ltd,Estia Health Wodonga,Estia Investments Pty Ltd,VIC,Private for Profit,Medium,4.0,5.0,3.0,3.0,36.0,0.0,1.0,44.0,217.0,47.166666666666664,-0.33683303905828005
Whiddon Kelso | The Frank Whiddon Masonic Homes of New South Wales,Whiddon Kelso,The Frank Whiddon Masonic Homes of New South Wales,NSW,Not for Profit,Large,3.0,4.0,3.0,1.0,42.0,0.0,22.0,47.0,224.0,48.166666666666664,-0.3387039638514955
Resthaven Mount Gambier | Resthaven Inc,Resthaven Mount Gambier,Resthaven Inc,SA,Not for Profit,Medium,4.0,5.0,3.0,3.0,42.0,1.0,10.0,44.0,212.0,46.333333333333336,-0.3388076509047151
"Jewish Care (Vic) Inc. Residential Homes, Windsor | Jewish Care (Victoria) Inc","Jewish Care (Vic) Inc. Residential Homes, Windsor",Jewish Care (Victoria) Inc,VIC,Not for Profit,Large,4.0,5.0,3.0,3.0,29.0,1.0,15.0,45.0,209.0,41.916666666666664,-0.341281192558165
Warrigal Mount Terry | Warrigal Care Limited,Warrigal Mount Terry,Warrigal Care Limited,NSW,Not for Profit,Large,3.0,4.0,5.0,1.0,37.0,1.0,27.0,52.0,236.0,61.916666666666664,-0.3420487222936441
Fred Ward Gardens | RSL LifeCare Limited,Fred Ward Gardens,RSL LifeCare Limited,ACT,Not for Profit,Large,4.0,5.0,5.0,1.0,36.0,2.0,27.0,49.0,224.0,53.0,-0.343414106851966
Remembrance Village | RSL LifeCare Limited,Remembrance Village,RSL LifeCare Limited,NSW,Not for Profit,Medium,4.0,5.0,5.0,2.0,27.0,1.0,42.0,49.0,222.0,50.583333333333336,-0.3474755524202172
Harmony Village Inc | Doutta Galla Aged Services Ltd,Harmony Village Inc,Doutta Galla Aged Services Ltd,VIC,Not for Profit,Medium,3.0,5.0,2.0,2.0,39.0,1.0,8.0,44.0,197.0,49.0,-0.34917653365542173
Lutheran Services - Zion | LUTHERAN CHURCH OF AUSTRALIA QUEENSLAND DISTRICT,Lutheran Services - Zion,LUTHERAN CHURCH OF AUSTRALIA QUEENSLAND DISTRICT,QLD,Not for Profit,Medium,3.0,5.0,2.0,2.0,24.0,1.0,16.0,44.0,197.0,49.583333333333336,-0.3505793245127401
Uniting Elanora Shellharbour | The Uniting Church in Australia Property Trust (NSW),Uniting Elanora Shellharbour,The Uniting Church in Australia Property Trust (NSW),NSW,Not for Profit,Medium,4.0,5.0,3.0,2.0,30.0,0.0,47.0,42.0,209.0,65.41666666666667,-0.35112582976863893
Southern Plus East Fremantle | Southern Cross Care (WA) Inc,Southern Plus East Fremantle,Southern Cross Care (WA) Inc,WA,Not for Profit,Medium,4.0,5.0,3.0,3.0,47.0,0.0,12.0,44.0,217.0,52.0,-0.35288569362584365
Estia Health Healesville | Estia Investments Pty Ltd,Estia Health Healesville,Estia Investments Pty Ltd,VIC,Private for Profit,Medium,3.0,4.0,2.0,2.0,42.0,0.0,15.0,41.0,217.0,72.16666666666667,-0.3533988560396236
Lyrebird Village | Respect Group Limited,Lyrebird Village,Respect Group Limited,VIC,Not for Profit,Large,3.0,5.0,1.0,3.0,27.0,1.0,17.0,39.0,210.0,63.5,-0.356794022868619
Uniting AgeWell Preston | Uniting Agewell Limited,Uniting AgeWell Preston,Uniting Agewell Limited,VIC,Not for Profit,Medium,4.0,5.0,3.0,3.0,34.0,2.0,12.0,46.0,224.0,47.75,-0.35707311528645924
Bupa Baulkham Hills | Bupa Aged Care Australia Pty Ltd,Bupa Baulkham Hills,Bupa Aged Care Australia Pty Ltd,NSW,Private for Profit,Large,3.0,5.0,1.0,1.0,32.0,0.0,50.0,40.0,221.0,71.08333333333333,-0.35792370700158715
Courtlands Aged Care Facility | Christadelphian Homes Limited,Courtlands Aged Care Facility,Christadelphian Homes Limited,NSW,Not for Profit,Large,3.0,4.0,3.0,1.0,31.0,1.0,57.0,48.0,223.0,73.0,-0.359201153177219
Helping Hand Aged Care - Lealholme Port Pirie | Helping Hand Aged Care Inc,Helping Hand Aged Care - Lealholme Port Pirie,Helping Hand Aged Care Inc,SA,Not for Profit,Medium,3.0,5.0,3.0,1.0,39.0,0.0,28.0,43.0,218.0,42.0,-0.3600288818655164
Carramar Aged Care | NoosaCare Inc,Carramar Aged Care,NoosaCare Inc,QLD,Not for Profit,Large,4.0,5.0,3.0,1.0,36.0,1.0,35.0,44.0,220.0,64.66666666666667,-0.36202888652398146
mecwacare Park Hill | MECWA Limited,mecwacare Park Hill,MECWA Limited,VIC,Not for Profit,Medium,3.0,4.0,3.0,1.0,40.0,0.0,18.0,44.0,213.0,44.666666666666664,-0.3624207941461397
Fred French | Respect Group Limited,Fred French,Respect Group Limited,TAS,Not for Profit,Medium,3.0,4.0,2.0,2.0,32.0,1.0,28.0,37.0,218.0,61.75,-0.36270310357890984
Thomas Eccles Gardens | RSL LifeCare Limited,Thomas Eccles Gardens,RSL LifeCare Limited,NSW,Not for Profit,Medium,4.0,5.0,5.0,2.0,32.0,2.0,28.0,53.0,241.0,55.75,-0.36277408642051856
Villaggio Sant Antonio Hostel | Villaggio Italiano Ltd,Villaggio Sant Antonio Hostel,Villaggio Italiano Ltd,ACT,Not for Profit,Medium,4.0,5.0,5.0,2.0,29.0,1.0,19.0,44.0,227.0,39.75,-0.36613975871661253
Concorde Nursing Home | Fresh Fields Aged Care Pty Ltd,Concorde Nursing Home,Fresh Fields Aged Care Pty Ltd,WA,Private for Profit,Medium,3.0,5.0,1.0,3.0,25.0,0.0,51.0,45.0,239.0,47.5,-0.369107254121232
Arcare Peregian Springs | Arcare Pty Ltd,Arcare Peregian Springs,Arcare Pty Ltd,QLD,Private for Profit,Medium,4.0,5.0,3.0,1.0,41.0,0.0,34.0,44.0,218.0,60.166666666666664,-0.36929896395137457
Bert Newton Retirement Village | Ryman Aged Care (Australia) Pty Ltd,Bert Newton Retirement Village,Ryman Aged Care (Australia) Pty Ltd,VIC,Private for Profit,Medium,3.0,4.0,3.0,2.0,37.0,0.0,39.0,45.0,217.0,52.916666666666664,-0.3702395200982154
Havilah Hostel | Havilah Hostel Inc,Havilah Hostel,Havilah Hostel Inc,VIC,Not for Profit,Medium,3.0,4.0,2.0,1.0,41.0,1.0,19.0,30.0,228.0,81.16666666666667,-0.37129712410704735
Calvary Narracan Gardens | Calvary Aged Care Limited,Calvary Narracan Gardens,Calvary Aged Care Limited,VIC,Not for Profit,Medium,,,3.0,2.0,21.0,1.0,51.0,45.0,209.0,54.416666666666664,-0.3726534745465023
Anglicare Piper House | Anglican Community Services,Anglicare Piper House,Anglican Community Services,NSW,Not for Profit,Large,3.0,5.0,3.0,2.0,36.0,1.0,5.0,43.0,204.0,53.666666666666664,-0.3729982090783163
Calvary Goonawarra | Calvary Aged Care Limited,Calvary Goonawarra,Calvary Aged Care Limited,VIC,Not for Profit,Large,,,2.0,2.0,37.0,1.0,21.0,49.0,221.0,39.166666666666664,-0.37405635980443264
Mona Tait Gardens | Morshead Home For Veterans and Other Aged Persons Limited,Mona Tait Gardens,Morshead Home For Veterans and Other Aged Persons Limited,ACT,Not for Profit,Medium,4.0,5.0,3.0,2.0,41.0,0.0,33.0,43.0,214.0,55.083333333333336,-0.37416166049873334
Calvary Sandhill | Calvary Aged Care Limited,Calvary Sandhill,Calvary Aged Care Limited,TAS,Not for Profit,Large,,,3.0,2.0,28.0,1.0,23.0,47.0,223.0,53.083333333333336,-0.3785950422890041
Kalyra Woodcroft Aged Care | James Brown Memorial Trust,Kalyra Woodcroft Aged Care,James Brown Memorial Trust,SA,Not for Profit,Medium,4.0,5.0,3.0,3.0,38.0,1.0,29.0,45.0,222.0,38.333333333333336,-0.3787543381511332
Baptcare Heritage Manor Community | Baptcare Ltd,Baptcare Heritage Manor Community,Baptcare Ltd,VIC,Not for Profit,Medium,3.0,5.0,1.0,3.0,58.0,1.0,15.0,42.0,213.0,69.66666666666667,-0.37997208714146147
Estia Health Lockleys | Estia Investments Pty Ltd,Estia Health Lockleys,Estia Investments Pty Ltd,SA,Private for Profit,Large,3.0,5.0,2.0,3.0,32.0,1.0,10.0,44.0,229.0,29.166666666666668,-0.38415755566510373
Anam Cara | Wesley Mission Queensland Limited,Anam Cara,Wesley Mission Queensland Limited,QLD,Not for Profit,Large,3.0,4.0,3.0,1.0,42.0,0.0,27.0,48.0,227.0,65.58333333333333,-0.3879389458959132
West Beach Residential Care | Southern Cross Care (SA NT & VIC) Incorporated,West Beach Residential Care,Southern Cross Care (SA NT & VIC) Incorporated,SA,Not for Profit,Medium,3.0,5.0,2.0,3.0,43.0,1.0,22.0,42.0,217.0,39.916666666666664,-0.3882600671331985
Mercy Place Ballarat | Mercy Aged and Community Care Ltd,Mercy Place Ballarat,Mercy Aged and Community Care Ltd,VIC,Not for Profit,Large,4.0,5.0,5.0,3.0,19.0,1.0,0.0,46.0,236.0,48.5,-0.3897530033439195
St Vincent's Aged Care | Catholic Homes Incorporated,St Vincent's Aged Care,Catholic Homes Incorporated,WA,Not for Profit,Medium,4.0,5.0,3.0,3.0,26.0,0.0,47.0,46.0,231.0,51.0,-0.39034883030048273
Dorothy Impey Home | Coburg Home for the Aged Inc,Dorothy Impey Home,Coburg Home for the Aged Inc,VIC,Not for Profit,Medium,4.0,5.0,4.0,3.0,27.0,1.0,57.0,52.0,208.0,45.5,-0.39097420426246937
Villa Maria Catholic Homes Wantirna Aged Care Residence | Villa Maria Catholic Homes Limited,Villa Maria Catholic Homes Wantirna Aged Care Residence,Villa Maria Catholic Homes Limited,VIC,Not for Profit,Medium,3.0,4.0,3.0,2.0,35.0,1.0,20.0,44.0,230.0,59.25,-0.39239051482971143
Palm Lake Care Beachmere | Palm Lake Care Operations Pty Ltd,Palm Lake Care Beachmere,Palm Lake Care Operations Pty Ltd,QLD,Private for Profit,Medium,4.0,5.0,5.0,3.0,32.0,1.0,35.0,56.0,243.0,25.916666666666668,-0.3927305007040294
St Josephs Nursing Home | The Trustees of the Roman Catholic Church for the Diocese of Lismore,St Josephs Nursing Home,The Trustees of the Roman Catholic Church for the Diocese of Lismore,NSW,Not for Profit,Large,4.0,5.0,5.0,3.0,32.0,1.0,42.0,45.0,270.0,49.416666666666664,-0.3929252385797043
UnitingSA Westminster Village Aged Care | UnitingSA Ltd,UnitingSA Westminster Village Aged Care,UnitingSA Ltd,SA,Not for Profit,Medium,4.0,5.0,3.0,3.0,36.0,1.0,28.0,44.0,223.0,32.5,-0.39387928905368447
Assisi Centre Aged Care | Assisi Centre Limited,Assisi Centre Aged Care,Assisi Centre Limited,VIC,Not for Profit,Large,3.0,5.0,2.0,3.0,38.0,1.0,12.0,42.0,215.0,43.416666666666664,-0.39399102969347805
Regis Marleston | Regis Aged Care Pty Ltd,Regis Marleston,Regis Aged Care Pty Ltd,SA,Private for Profit,Large,3.0,5.0,3.0,2.0,33.0,1.0,31.0,47.0,233.0,39.333333333333336,-0.394579014157194
Bupa Pottsville Beach | Bupa Aged Care Australia Pty Ltd,Bupa Pottsville Beach,Bupa Aged Care Australia Pty Ltd,NSW,Private for Profit,Large,3.0,5.0,1.0,2.0,40.0,0.0,31.0,40.0,214.0,67.33333333333333,-0.4007501658025596
Calvary Trugo Place | Calvary Aged Care Limited,Calvary Trugo Place,Calvary Aged Care Limited,VIC,Not for Profit,Large,,,3.0,1.0,26.0,1.0,59.0,47.0,211.0,44.416666666666664,-0.40304997556215616
Bupa Cairns | Bupa Aged Care Australia Pty Ltd,Bupa Cairns,Bupa Aged Care Australia Pty Ltd,QLD,Private for Profit,Large,3.0,5.0,2.0,2.0,31.0,1.0,24.0,45.0,212.0,33.0,-0.4050046746142867
AnglicareSA Grange | ANGLICARE SA LTD.,AnglicareSA Grange,ANGLICARE SA LTD.,SA,Not for Profit,Large,3.0,5.0,3.0,2.0,46.0,0.0,48.0,48.0,232.0,35.666666666666664,-0.4050549107643794
Regis Greenmount | Regis Aged Care Pty Ltd,Regis Greenmount,Regis Aged Care Pty Ltd,WA,Private for Profit,Large,3.0,5.0,3.0,2.0,30.0,1.0,17.0,47.0,228.0,45.25,-0.40654753278877254
Estia Health Twin Waters | Estia Investments Pty Ltd,Estia Health Twin Waters,Estia Investments Pty Ltd,QLD,Private for Profit,Large,3.0,5.0,3.0,1.0,33.0,1.0,17.0,44.0,214.0,51.583333333333336,-0.40665721902100094
Finley Regional Care | Finley Regional Care Ltd,Finley Regional Care,Finley Regional Care Ltd,NSW,Not for Profit,Medium,4.0,5.0,2.0,4.0,29.0,3.0,10.0,39.0,250.0,66.75,-0.4076043698331369
Mertome Aged Care | Fresh Fields Aged Care Pty Ltd,Mertome Aged Care,Fresh Fields Aged Care Pty Ltd,WA,Private for Profit,Medium,,,3.0,3.0,29.0,2.0,0.0,47.0,231.0,43.0,-0.40909019909455957
Bethanie Beachside | THE BETHANIE GROUP INC,Bethanie Beachside,THE BETHANIE GROUP INC,WA,Not for Profit,Large,3.0,5.0,2.0,2.0,36.0,0.0,36.0,43.0,230.0,40.25,-0.4108063793033834
HammondCare Waratah | HammondCare,HammondCare Waratah,HammondCare,NSW,Not for Profit,Large,3.0,4.0,3.0,1.0,36.0,0.0,46.0,44.0,225.0,49.083333333333336,-0.41417674048837455
Bupa St Ives | Bupa Aged Care Australia Pty Ltd,Bupa St Ives,Bupa Aged Care Australia Pty Ltd,NSW,Private for Profit,Medium,3.0,5.0,1.0,2.0,34.0,1.0,24.0,43.0,212.0,32.833333333333336,-0.416692608198
Bupa New Farm | Bupa Aged Care Australia Pty Ltd,Bupa New Farm,Bupa Aged Care Australia Pty Ltd,QLD,Private for Profit,Medium,3.0,5.0,1.0,3.0,27.0,1.0,70.0,40.0,198.0,50.0,-0.4213782205277784
Regis Mornington | Regis Aged Care Pty Ltd,Regis Mornington,Regis Aged Care Pty Ltd,VIC,Private for Profit,Medium,3.0,4.0,3.0,3.0,28.0,2.0,22.0,45.0,216.0,42.333333333333336,-0.42229967533804846
Salter Point Aged Care Facility | Retirees WA (Inc),Salter Point Aged Care Facility,Retirees WA (Inc),WA,Not for Profit,Large,4.0,4.0,5.0,2.0,36.0,1.0,71.0,52.0,205.0,55.75,-0.4229664187377917
The Philip Kennedy Centre Residential Care | Southern Cross Care (SA NT & VIC) Incorporated,The Philip Kennedy Centre Residential Care,Southern Cross Care (SA NT & VIC) Incorporated,SA,Not for Profit,Large,3.0,5.0,2.0,3.0,39.0,1.0,5.0,39.0,213.0,44.166666666666664,-0.42310282194675775
Aegis Greenfields | Aegis Aged Care Group Pty Ltd,Aegis Greenfields,Aegis Aged Care Group Pty Ltd,WA,Private for Profit,Large,4.0,5.0,3.0,1.0,43.0,0.0,35.0,45.0,219.0,63.333333333333336,-0.4248390136374953
Churches of Christ Warwick Aged Care Service | Churches of Christ in Queensland,Churches of Christ Warwick Aged Care Service,Churches of Christ in Queensland,QLD,Not for Profit,Large,4.0,5.0,3.0,1.0,26.0,1.0,26.0,44.0,206.0,55.916666666666664,-0.4251105465446701
Ozcare Innisfail | Ozcare,Ozcare Innisfail,Ozcare,QLD,Not for Profit,Large,3.0,4.0,2.0,2.0,26.0,2.0,19.0,58.0,221.0,40.916666666666664,-0.42535181401790423
Bupa Tugun | Bupa Aged Care Australia Pty Ltd,Bupa Tugun,Bupa Aged Care Australia Pty Ltd,QLD,Private for Profit,Large,3.0,5.0,2.0,1.0,32.0,1.0,64.0,46.0,207.0,59.166666666666664,-0.42902642070424574
Columbia Aged Care Services - Willowood Centre | Columbia Nursing Homes Pty Ltd,Columbia Aged Care Services - Willowood Centre,Columbia Nursing Homes Pty Ltd,NSW,Private for Profit,Medium,4.0,5.0,5.0,2.0,19.0,2.0,14.0,47.0,220.0,42.75,-0.42945574521907603
Villa Maria Catholic Homes Corpus Christi Aged Care Residence | Villa Maria Catholic Homes Limited,Villa Maria Catholic Homes Corpus Christi Aged Care Residence,Villa Maria Catholic Homes Limited,VIC,Not for Profit,Large,4.0,4.0,4.0,3.0,37.0,1.0,3.0,48.0,217.0,47.166666666666664,-0.4294969431731679
Kalyra Belair Aged Care | James Brown Memorial Trust,Kalyra Belair Aged Care,James Brown Memorial Trust,SA,Not for Profit,Medium,3.0,5.0,3.0,2.0,37.0,1.0,28.0,47.0,224.0,41.0,-0.43264293365905676
Estia Health Flagstaff Hill | Estia Investments Pty Ltd,Estia Health Flagstaff Hill,Estia Investments Pty Ltd,SA,Private for Profit,Medium,3.0,5.0,2.0,3.0,37.0,1.0,7.0,41.0,230.0,33.25,-0.4332336294881761
mecwacare Simon Price Centre | MECWA Limited,mecwacare Simon Price Centre,MECWA Limited,VIC,Not for Profit,Medium,4.0,5.0,3.0,3.0,40.0,1.0,0.0,41.0,208.0,37.833333333333336,-0.4333990507548758
Brightwater Oxford Gardens | Brightwater Care Group Limited,Brightwater Oxford Gardens,Brightwater Care Group Limited,WA,Not for Profit,Medium,3.0,5.0,3.0,2.0,24.0,1.0,42.0,48.0,223.0,43.5,-0.4336178216301668
Sunlight Residential Aged Care | TLC Whittlesea Pty Ltd,Sunlight Residential Aged Care,TLC Whittlesea Pty Ltd,VIC,Private for Profit,Large,3.0,5.0,1.0,3.0,40.0,0.0,19.0,39.0,187.0,46.25,-0.43794390121339094
Beaumont Care Wamuran | Beaumont Care (Holdings) Pty Ltd,Beaumont Care Wamuran,Beaumont Care (Holdings) Pty Ltd,QLD,Private for Profit,Medium,4.0,5.0,4.0,2.0,40.0,2.0,28.0,49.0,213.0,47.083333333333336,-0.4380639000118155
Aeralife Bayswater | Heritage Care Pty Ltd,Aeralife Bayswater,Heritage Care Pty Ltd,VIC,Private for Profit,Large,4.0,5.0,3.0,1.0,31.0,1.0,37.0,46.0,218.0,57.083333333333336,-0.4389221023310712
Peter Sinclair Gardens | RSL LifeCare Limited,Peter Sinclair Gardens,RSL LifeCare Limited,NSW,Not for Profit,Medium,4.0,5.0,5.0,1.0,38.0,1.0,31.0,58.0,235.0,58.333333333333336,-0.43950979553050973
Ashburn House Aged Care Facility | Christadelphian Homes Limited,Ashburn House Aged Care Facility,Christadelphian Homes Limited,NSW,Not for Profit,Medium,3.0,5.0,3.0,2.0,31.0,2.0,24.0,45.0,225.0,42.0,-0.440583017441533
Noble Manor Residential Aged Care | Great Oaks Pty Ltd,Noble Manor Residential Aged Care,Great Oaks Pty Ltd,VIC,Private for Profit,Large,3.0,5.0,2.0,3.0,27.0,0.0,29.0,39.0,226.0,44.5,-0.443750053263657
St Vincent's Care Services Eltham - Willandra Lodge | St Vincent's Care Services Ltd,St Vincent's Care Services Eltham - Willandra Lodge,St Vincent's Care Services Ltd,VIC,Not for Profit,Medium,4.0,5.0,4.0,1.0,42.0,1.0,25.0,50.0,220.0,42.166666666666664,-0.4473676741099769
IRT St Georges Basin | Illawarra Retirement Trust,IRT St Georges Basin,Illawarra Retirement Trust,NSW,Not for Profit,Medium,3.0,5.0,2.0,1.0,40.0,0.0,28.0,38.0,213.0,83.41666666666667,-0.4489227347615846
Catholic Healthcare The Sister Anne Court Aged Care | Catholic Healthcare Limited,Catholic Healthcare The Sister Anne Court Aged Care,Catholic Healthcare Limited,NSW,Not for Profit,Medium,4.0,5.0,4.0,2.0,38.0,2.0,0.0,46.0,207.0,53.583333333333336,-0.4493443993314267
Highfields Manor Port Macquarie | Eaglecare Pty Ltd,Highfields Manor Port Macquarie,Eaglecare Pty Ltd,NSW,Private for Profit,Medium,3.0,4.0,3.0,2.0,27.0,1.0,29.0,41.0,200.0,57.25,-0.4495849805263918
Banksia Lodge Residential Aged Care Service | Shepparton Retirement Villages Inc,Banksia Lodge Residential Aged Care Service,Shepparton Retirement Villages Inc,VIC,Not for Profit,Medium,4.0,5.0,5.0,2.0,41.0,1.0,8.0,48.0,215.0,33.916666666666664,-0.4514637764156149
Bupa Banora Point | Bupa Aged Care Australia Pty Ltd,Bupa Banora Point,Bupa Aged Care Australia Pty Ltd,NSW,Private for Profit,Large,3.0,5.0,1.0,2.0,38.0,1.0,30.0,40.0,206.0,67.08333333333333,-0.4532425276918234
Estia Health Hervey Bay | Estia Investments Pty Ltd,Estia Health Hervey Bay,Estia Investments Pty Ltd,QLD,Private for Profit,Large,3.0,5.0,1.0,3.0,44.0,1.0,12.0,43.0,212.0,54.666666666666664,-0.4550145448029261
Aegis Balmoral | Balmoral Aged Care Group Pty Ltd,Aegis Balmoral,Balmoral Aged Care Group Pty Ltd,WA,Private for Profit,Large,3.0,5.0,3.0,2.0,40.0,0.0,27.0,44.0,211.0,39.333333333333336,-0.45614207468945633
John Edmondson VC Gardens | RSL LifeCare Limited,John Edmondson VC Gardens,RSL LifeCare Limited,NSW,Not for Profit,Medium,4.0,5.0,2.0,3.0,32.0,1.0,19.0,42.0,227.0,53.5,-0.4562205535241875
Mercy Place Keon Park | Mercy Aged and Community Care Ltd,Mercy Place Keon Park,Mercy Aged and Community Care Ltd,VIC,Not for Profit,Medium,3.0,5.0,3.0,2.0,27.0,1.0,14.0,47.0,224.0,41.583333333333336,-0.46083129731645717
Castledare Retirement Village | Catholic Homes Incorporated,Castledare Retirement Village,Catholic Homes Incorporated,WA,Not for Profit,Medium,4.0,5.0,3.0,2.0,38.0,1.0,8.0,46.0,223.0,57.75,-0.46216582366956804
Lutheran Homes Group Hope Valley | Lutheran Homes Group Incorporated,Lutheran Homes Group Hope Valley,Lutheran Homes Group Incorporated,SA,Not for Profit,Medium,3.0,5.0,2.0,2.0,32.0,1.0,34.0,40.0,221.0,44.916666666666664,-0.46233467319168275
Calvary St Judes | Calvary Aged Care Limited,Calvary St Judes,Calvary Aged Care Limited,VIC,Not for Profit,Medium,,,4.0,3.0,28.0,0.0,67.0,49.0,215.0,30.166666666666668,-0.46284483092513
Aegis Ellenvale | Aegis Aged Care Group Pty Ltd,Aegis Ellenvale,Aegis Aged Care Group Pty Ltd,WA,Private for Profit,Large,3.0,5.0,3.0,1.0,39.0,1.0,28.0,42.0,202.0,48.25,-0.4639252499969505
Healthia | Aged Care & Housing Group Inc,Healthia,Aged Care & Housing Group Inc,SA,Not for Profit,Medium,4.0,4.0,5.0,3.0,39.0,2.0,4.0,49.0,238.0,30.666666666666668,-0.46443512358977096
Juniper Annesley | Uniting Church Homes,Juniper Annesley,Uniting Church Homes,WA,Not for Profit,Medium,3.0,4.0,4.0,3.0,27.0,1.0,23.0,48.0,219.0,23.75,-0.46555345390165337
Brightwater Madeley | Brightwater Care Group Limited,Brightwater Madeley,Brightwater Care Group Limited,WA,Not for Profit,Large,3.0,4.0,3.0,1.0,41.0,1.0,24.0,47.0,217.0,34.416666666666664,-0.46754256576129327
Magill Manor | Clayton Church Homes Inc,Magill Manor,Clayton Church Homes Inc,SA,Not for Profit,Medium,4.0,5.0,5.0,2.0,45.0,1.0,22.0,50.0,235.0,42.916666666666664,-0.47083695018222715
Elizabeth Jenkins Place Aged Care Plus Centre | The Salvation Army (NSW) Property Trust,Elizabeth Jenkins Place Aged Care Plus Centre,The Salvation Army (NSW) Property Trust,NSW,Not for Profit,Large,4.0,5.0,4.0,3.0,38.0,2.0,41.0,48.0,242.0,49.5,-0.47168004078881487
Estia Health Hope Valley | Estia Investments Pty Ltd,Estia Health Hope Valley,Estia Investments Pty Ltd,SA,Private for Profit,Medium,3.0,5.0,2.0,2.0,40.0,1.0,14.0,43.0,229.0,39.583333333333336,-0.4720322238959669
St Elizabeth Home | ST. ELIZABETH HOME,St Elizabeth Home,ST. ELIZABETH HOME,NSW,Not for Profit,Medium,4.0,5.0,3.0,2.0,48.0,2.0,17.0,44.0,211.0,58.25,-0.47455961513194
Bolton Clarke Marten | RSL Care RDNS Limited,Bolton Clarke Marten,RSL Care RDNS Limited,SA,Not for Profit,Large,4.0,5.0,5.0,2.0,35.0,1.0,15.0,47.0,240.0,35.166666666666664,-0.4753100920151033
Bedingfeld Lodge | Bedingfeld Park Inc,Bedingfeld Lodge,Bedingfeld Park Inc,WA,Not for Profit,Medium,3.0,5.0,2.0,3.0,41.0,1.0,4.0,34.0,276.0,39.25,-0.48372396234516646
Bolton Clarke Little Para | RSL Care RDNS Limited,Bolton Clarke Little Para,RSL Care RDNS Limited,SA,Not for Profit,Medium,3.0,4.0,4.0,1.0,31.0,1.0,2.0,48.0,237.0,44.75,-0.489732756312572
Calvary Kelaston | Calvary Aged Care Limited,Calvary Kelaston,Calvary Aged Care Limited,VIC,Not for Profit,Medium,,,2.0,1.0,45.0,1.0,19.0,48.0,214.0,40.5,-0.4904704406091437
BlueWave Living | Woy Woy Community Aged Care Ltd,BlueWave Living,Woy Woy Community Aged Care Ltd,NSW,Not for Profit,Large,4.0,5.0,4.0,2.0,39.0,2.0,2.0,44.0,228.0,65.0,-0.49174989285834836
Capecare Dunsborough | Ray Village Aged Services Inc,Capecare Dunsborough,Ray Village Aged Services Inc,WA,Not for Profit,Medium,3.0,5.0,1.0,2.0,30.0,0.0,42.0,38.0,213.0,37.916666666666664,-0.49614730894415165
McLean Care Mackellar Apex Campus | McLean Care Ltd,McLean Care Mackellar Apex Campus,McLean Care Ltd,NSW,Not for Profit,Medium,3.0,5.0,1.0,2.0,31.0,2.0,36.0,42.0,199.0,45.833333333333336,-0.4977394105754159
Helping Hand Aged Care - Parafield Gardens | Helping Hand Aged Care Inc,Helping Hand Aged Care - Parafield Gardens,Helping Hand Aged Care Inc,SA,Not for Profit,Medium,3.0,5.0,3.0,1.0,41.0,1.0,26.0,46.0,221.0,49.583333333333336,-0.49933369328691324
Fronditha Anesi Aged Care Services - Thornbury | Fronditha Care,Fronditha Anesi Aged Care Services - Thornbury,Fronditha Care,VIC,Not for Profit,Large,3.0,5.0,1.0,3.0,30.0,1.0,17.0,39.0,220.0,32.25,-0.5002333685250224
Juniper Sarah Hardey | Uniting Church Homes,Juniper Sarah Hardey,Uniting Church Homes,WA,Not for Profit,Medium,3.0,5.0,3.0,2.0,24.0,2.0,35.0,48.0,221.0,55.333333333333336,-0.5032176210904943
Forest Lodge Residential Aged Care | Great Oaks Pty Ltd,Forest Lodge Residential Aged Care,Great Oaks Pty Ltd,VIC,Private for Profit,Large,3.0,4.0,1.0,2.0,27.0,1.0,70.0,41.0,217.0,60.333333333333336,-0.5041705216653951
Estia Health Salisbury | Estia Investments Pty Ltd,Estia Health Salisbury,Estia Investments Pty Ltd,SA,Private for Profit,Medium,3.0,5.0,3.0,2.0,35.0,2.0,12.0,46.0,232.0,42.25,-0.5042504608273404
Palm Lake Aged Care Deception Bay | Palm Lake Care Operations Pty Ltd,Palm Lake Aged Care Deception Bay,Palm Lake Care Operations Pty Ltd,QLD,Private for Profit,Medium,3.0,3.0,5.0,2.0,32.0,2.0,34.0,51.0,232.0,51.083333333333336,-0.5053231982275201
Churches of Christ Crows Nest Aged Care Service | Churches of Christ in Queensland,Churches of Christ Crows Nest Aged Care Service,Churches of Christ in Queensland,QLD,Not for Profit,Medium,4.0,5.0,2.0,2.0,28.0,1.0,36.0,45.0,206.0,48.416666666666664,-0.5060719995515347
Lyndoch Hostel | Respect Group Limited,Lyndoch Hostel,Respect Group Limited,VIC,Not for Profit,Large,3.0,4.0,2.0,2.0,32.0,1.0,24.0,45.0,196.0,42.083333333333336,-0.5072962292357878
Aeralife Watergardens | Heritage Care Pty Ltd,Aeralife Watergardens,Heritage Care Pty Ltd,VIC,Private for Profit,Large,3.0,5.0,3.0,2.0,33.0,1.0,29.0,47.0,230.0,38.833333333333336,-0.5107317341063395
Adina Care Cootamundra | Cootamundra Health Care Co-operative Limited,Adina Care Cootamundra,Cootamundra Health Care Co-operative Limited,NSW,Not for Profit,Medium,3.0,4.0,3.0,3.0,37.0,1.0,25.0,45.0,231.0,36.583333333333336,-0.511446325939731
Benetas St George's | Anglican Aged Care Services Group,Benetas St George's,Anglican Aged Care Services Group,VIC,Not for Profit,Large,4.0,5.0,4.0,3.0,42.0,1.0,13.0,48.0,236.0,36.333333333333336,-0.5135296539633292
Marina Residential Aged Care Service | Jimroy Pty Ltd,Marina Residential Aged Care Service,Jimroy Pty Ltd,VIC,Private for Profit,Large,3.0,5.0,1.0,3.0,31.0,1.0,29.0,38.0,229.0,38.25,-0.5152389806664226
Renmark Nursing Home | Riverland Mallee Coorong Local Health Network Incorporated,Renmark Nursing Home,Riverland Mallee Coorong Local Health Network Incorporated,SA,Government,Medium,3.0,5.0,3.0,2.0,39.0,0.0,14.0,47.0,219.0,46.416666666666664,-0.5168921079170155
Garden Village | Garden Village Port Macquarie,Garden Village,Garden Village Port Macquarie,NSW,Not for Profit,Large,3.0,5.0,2.0,1.0,41.0,2.0,36.0,45.0,202.0,64.0,-0.5180303568202771
St John's | Respect Group Limited,St John's,Respect Group Limited,VIC,Not for Profit,Large,3.0,4.0,1.0,2.0,34.0,1.0,15.0,32.0,204.0,55.083333333333336,-0.5249989467502655
Clarence Estate Residential Health and Aged Care | Fresh Fields Aged Care Pty Ltd,Clarence Estate Residential Health and Aged Care,Fresh Fields Aged Care Pty Ltd,WA,Private for Profit,Medium,3.0,4.0,2.0,3.0,47.0,1.0,19.0,40.0,226.0,54.833333333333336,-0.5285853632351606
Ozcare - Hervey Bay | Ozcare,Ozcare - Hervey Bay,Ozcare,QLD,Not for Profit,Large,3.0,4.0,2.0,1.0,30.0,2.0,22.0,43.0,185.0,58.083333333333336,-0.5293683233656369
Warralily Gardens | Western Residential Aged Care Pty Ltd,Warralily Gardens,Western Residential Aged Care Pty Ltd,VIC,Private for Profit,Large,4.0,5.0,2.0,3.0,29.0,1.0,86.0,45.0,207.0,52.083333333333336,-0.5309471954771807
Aegis St Michael's | Aegis Aged Care Group Pty Ltd,Aegis St Michael's,Aegis Aged Care Group Pty Ltd,WA,Private for Profit,Medium,3.0,5.0,3.0,2.0,42.0,2.0,46.0,44.0,215.0,56.0,-0.5317438766280645
Bupa Merrimac | Bupa Aged Care Australia Pty Ltd,Bupa Merrimac,Bupa Aged Care Australia Pty Ltd,QLD,Private for Profit,Medium,3.0,5.0,1.0,1.0,34.0,1.0,50.0,40.0,203.0,58.916666666666664,-0.5345323074876804
Arcare Helensvale St James | Arcare Pty Ltd,Arcare Helensvale St James,Arcare Pty Ltd,QLD,Private for Profit,Medium,3.0,5.0,3.0,3.0,43.0,0.0,6.0,45.0,219.0,38.75,-0.5426814736611995
Calvary Riverside Views | Calvary Aged Care Limited,Calvary Riverside Views,Calvary Aged Care Limited,TAS,Not for Profit,Medium,,,3.0,2.0,37.0,2.0,50.0,48.0,227.0,66.58333333333333,-0.5434212935671286
Juniper Hayloft | Uniting Church Homes,Juniper Hayloft,Uniting Church Homes,WA,Not for Profit,Medium,3.0,5.0,2.0,2.0,43.0,1.0,35.0,47.0,216.0,51.5,-0.5439071852960028
ACH Group Residential Care - Highercombe | Aged Care & Housing Group Inc,ACH Group Residential Care - Highercombe,Aged Care & Housing Group Inc,SA,Not for Profit,Large,4.0,5.0,4.0,1.0,40.0,1.0,54.0,51.0,226.0,48.5,-0.5454144716241347
Estia Health Daw Park | Estia Investments Pty Ltd,Estia Health Daw Park,Estia Investments Pty Ltd,SA,Private for Profit,Medium,3.0,5.0,2.0,2.0,36.0,1.0,15.0,45.0,233.0,43.166666666666664,-0.5455442373523527
Bellevue Care Centre | Burswood Care Pty Ltd,Bellevue Care Centre,Burswood Care Pty Ltd,QLD,Private for Profit,Medium,4.0,5.0,4.0,1.0,32.0,0.0,49.0,49.0,211.0,54.166666666666664,-0.5456969312517124
Holmwood Aged Care | Bonnie Bridge Pty Ltd,Holmwood Aged Care,Bonnie Bridge Pty Ltd,VIC,Private for Profit,Medium,3.0,5.0,2.0,1.0,24.0,0.0,22.0,47.0,190.0,39.75,-0.5461394697407643
St Mary's Aged Care | Tilburg Proprietary Limited,St Mary's Aged Care,Tilburg Proprietary Limited,QLD,Private for Profit,Medium,4.0,5.0,4.0,1.0,32.0,1.0,30.0,45.0,197.0,61.75,-0.5512168037290254
The Belmont Residential Aged Care | Western Residential Aged Care Pty Ltd,The Belmont Residential Aged Care,Western Residential Aged Care Pty Ltd,VIC,Private for Profit,Large,3.0,5.0,1.0,2.0,27.0,0.0,72.0,44.0,217.0,52.916666666666664,-0.5569140221844723
Ananda Aged Care Findon | K N H Nominees Pty Ltd,Ananda Aged Care Findon,K N H Nominees Pty Ltd,SA,Private for Profit,Medium,3.0,5.0,4.0,2.0,39.0,2.0,23.0,49.0,239.0,15.916666666666666,-0.5609012649335694
St Vincent's Care Services Toowoomba - Hostel | St Vincent's Care Services Ltd,St Vincent's Care Services Toowoomba - Hostel,St Vincent's Care Services Ltd,QLD,Not for Profit,Medium,4.0,5.0,5.0,1.0,43.0,1.0,28.0,50.0,234.0,57.666666666666664,-0.5622360039042995
AnglicareSA Trott Park | ANGLICARE SA LTD.,AnglicareSA Trott Park,ANGLICARE SA LTD.,SA,Not for Profit,Large,3.0,5.0,3.0,1.0,38.0,1.0,19.0,45.0,223.0,38.333333333333336,-0.5628864730749124
Juniper Hillcrest | Uniting Church Homes,Juniper Hillcrest,Uniting Church Homes,WA,Not for Profit,Medium,3.0,5.0,2.0,1.0,36.0,0.0,39.0,45.0,202.0,63.166666666666664,-0.564854883312164
Calvary Haydon Retirement Community | Calvary Aged Care Limited,Calvary Haydon Retirement Community,Calvary Aged Care Limited,ACT,Not for Profit,Medium,,,3.0,2.0,33.0,1.0,21.0,48.0,229.0,29.166666666666668,-0.5652700959789916
Bupa Seaforth | Bupa Aged Care Australia Pty Ltd,Bupa Seaforth,Bupa Aged Care Australia Pty Ltd,NSW,Private for Profit,Medium,3.0,4.0,2.0,3.0,65.0,0.0,20.0,48.0,205.0,37.416666666666664,-0.5652722625607582
Helping Hand Aged Care - Ingle Farm | Helping Hand Aged Care Inc,Helping Hand Aged Care - Ingle Farm,Helping Hand Aged Care Inc,SA,Not for Profit,Medium,3.0,5.0,3.0,1.0,38.0,2.0,23.0,45.0,219.0,50.166666666666664,-0.5685856756727556
Uniting Mingaletta Port Macquarie | The Uniting Church in Australia Property Trust (NSW),Uniting Mingaletta Port Macquarie,The Uniting Church in Australia Property Trust (NSW),NSW,Not for Profit,Medium,4.0,5.0,4.0,1.0,34.0,0.0,62.0,46.0,220.0,45.416666666666664,-0.5687869481967347
Baw Baw Views | Respect Group Limited,Baw Baw Views,Respect Group Limited,VIC,Not for Profit,Large,3.0,4.0,2.0,2.0,30.0,0.0,35.0,42.0,213.0,42.583333333333336,-0.572141172645501
Resthaven Craigmore | Resthaven Inc,Resthaven Craigmore,Resthaven Inc,SA,Not for Profit,Medium,3.0,5.0,3.0,2.0,39.0,1.0,13.0,45.0,218.0,32.916666666666664,-0.5778744574085096
Grand Cedar | Aged Care Group Pty Ltd,Grand Cedar,Aged Care Group Pty Ltd,VIC,Private for Profit,Medium,3.0,5.0,1.0,3.0,33.0,1.0,3.0,42.0,200.0,35.666666666666664,-0.5799376610507226
Boandik St Mary's | Boandik Lodge Inc,Boandik St Mary's,Boandik Lodge Inc,SA,Not for Profit,Medium,3.0,5.0,1.0,1.0,27.0,1.0,36.0,40.0,209.0,48.75,-0.5827810131872275
Aegis Woodlake | Aegis Aged Care Group Pty Ltd,Aegis Woodlake,Aegis Aged Care Group Pty Ltd,WA,Private for Profit,Medium,4.0,5.0,3.0,3.0,35.0,1.0,61.0,44.0,215.0,50.416666666666664,-0.5848891284468843
Bethanie Gwelup | THE BETHANIE GROUP INC,Bethanie Gwelup,THE BETHANIE GROUP INC,WA,Not for Profit,Large,3.0,4.0,3.0,3.0,37.0,3.0,36.0,45.0,226.0,41.75,-0.5856908816356432
Mary Potter Nursing Home | The Mary Potter Nursing Home and The Ethel Forrest Day Care Centre Pty Ltd,Mary Potter Nursing Home,The Mary Potter Nursing Home and The Ethel Forrest Day Care Centre Pty Ltd,NSW,Not for Profit,Medium,,5.0,,3.0,29.0,1.0,22.0,0.0,0.0,78.0,-0.5985167501103387
Homewood Residential Aged Care | Bridgeast Pty Ltd,Homewood Residential Aged Care,Bridgeast Pty Ltd,VIC,Private for Profit,Large,3.0,5.0,1.0,2.0,27.0,1.0,18.0,34.0,214.0,49.166666666666664,-0.598677699120966
Aegis The Pines | Aegis Aged Care Group Pty Ltd,Aegis The Pines,Aegis Aged Care Group Pty Ltd,WA,Private for Profit,Medium,4.0,5.0,4.0,1.0,36.0,1.0,53.0,49.0,219.0,32.75,-0.6000300161817216
Ottrey Lodge | Ottrey Homes - Cobram And District Retirement Village Inc,Ottrey Lodge,Ottrey Homes - Cobram And District Retirement Village Inc,VIC,Not for Profit,Medium,3.0,5.0,2.0,3.0,26.0,1.0,19.0,43.0,193.0,45.166666666666664,-0.6001606829203684
RM Begg | Respect Group Limited,RM Begg,Respect Group Limited,VIC,Not for Profit,Medium,3.0,4.0,2.0,2.0,29.0,2.0,29.0,42.0,217.0,46.083333333333336,-0.6016769288802297
Estia Health Kadina | Estia Investments Pty Ltd,Estia Health Kadina,Estia Investments Pty Ltd,SA,Private for Profit,Medium,3.0,5.0,1.0,2.0,41.0,0.0,17.0,42.0,221.0,38.75,-0.604695073425185
HammondCare North Turramurra | HammondCare,HammondCare North Turramurra,HammondCare,NSW,Not for Profit,Large,4.0,5.0,5.0,1.0,34.0,1.0,72.0,49.0,263.0,58.666666666666664,-0.606169612236063
SwanCare Waminda | SwanCare Group Inc,SwanCare Waminda,SwanCare Group Inc,WA,Not for Profit,Large,3.0,5.0,2.0,2.0,38.0,2.0,12.0,43.0,210.0,50.833333333333336,-0.6090762246684418
Pinaroo Roma Inc | Pinaroo Roma Inc,Pinaroo Roma Inc,Pinaroo Roma Inc,QLD,Not for Profit,Medium,3.0,4.0,2.0,3.0,35.0,1.0,100.0,38.0,207.0,68.5,-0.6139884225090322
Churches of Christ Fair Haven Aged Care Service Maryborough | Churches of Christ in Queensland,Churches of Christ Fair Haven Aged Care Service Maryborough,Churches of Christ in Queensland,QLD,Not for Profit,Medium,3.0,5.0,1.0,2.0,40.0,0.0,23.0,35.0,193.0,59.166666666666664,-0.6145252126549153
Uniting Kingscliff | The Uniting Church in Australia Property Trust (NSW),Uniting Kingscliff,The Uniting Church in Australia Property Trust (NSW),NSW,Not for Profit,Medium,4.0,5.0,4.0,2.0,30.0,1.0,86.0,49.0,217.0,50.416666666666664,-0.614923263987722
Calvary St Joseph's Retirement Community | Calvary Aged Care Limited,Calvary St Joseph's Retirement Community,Calvary Aged Care Limited,NSW,Not for Profit,Large,,,1.0,1.0,29.0,0.0,46.0,44.0,225.0,55.666666666666664,-0.6186923056275238
Warrigal Care Bundanoon | Warrigal Care Limited,Warrigal Care Bundanoon,Warrigal Care Limited,NSW,Not for Profit,Medium,4.0,5.0,5.0,1.0,40.0,2.0,31.0,50.0,240.0,50.583333333333336,-0.6199564792634774
Oakfield Lodge Residential Care | Southern Cross Care (SA NT & VIC) Incorporated,Oakfield Lodge Residential Care,Southern Cross Care (SA NT & VIC) Incorporated,SA,Not for Profit,Medium,3.0,5.0,2.0,3.0,53.0,1.0,17.0,41.0,200.0,36.833333333333336,-0.6225231333232872
HammondCare Scarborough | HammondCare,HammondCare Scarborough,HammondCare,NSW,Not for Profit,Medium,4.0,5.0,5.0,1.0,45.0,1.0,62.0,48.0,263.0,87.75,-0.635405364025462
Mercy Place Parkville | Mercy Aged and Community Care Ltd,Mercy Place Parkville,Mercy Aged and Community Care Ltd,VIC,Not for Profit,Large,3.0,4.0,3.0,1.0,34.0,2.0,24.0,47.0,217.0,45.916666666666664,-0.6365335740966628
Regis Frankston | Regis Aged Care Pty Ltd,Regis Frankston,Regis Aged Care Pty Ltd,VIC,Private for Profit,Medium,3.0,5.0,2.0,2.0,28.0,3.0,20.0,46.0,220.0,49.166666666666664,-0.6371958982171686
Aegis Shoreline | Aegis Aged Care Group Pty Ltd,Aegis Shoreline,Aegis Aged Care Group Pty Ltd,WA,Private for Profit,Large,4.0,5.0,4.0,1.0,43.0,1.0,29.0,45.0,223.0,49.75,-0.6497924856043334
Uniting Pacifica Nambucca Heads | The Uniting Church in Australia Property Trust (NSW),Uniting Pacifica Nambucca Heads,The Uniting Church in Australia Property Trust (NSW),NSW,Not for Profit,Medium,4.0,5.0,4.0,3.0,24.0,0.0,23.0,47.0,221.0,46.333333333333336,-0.6498283955985125
Mercy Place Warrnambool | Mercy Aged and Community Care Ltd,Mercy Place Warrnambool,Mercy Aged and Community Care Ltd,VIC,Not for Profit,Large,4.0,5.0,5.0,2.0,43.0,1.0,15.0,50.0,231.0,44.416666666666664,-0.6516350877139686
Italian Village Fremantle | Fremantle Italian Aged Persons Service Association,Italian Village Fremantle,Fremantle Italian Aged Persons Service Association,WA,Not for Profit,Medium,3.0,5.0,2.0,2.0,26.0,0.0,41.0,40.0,238.0,53.083333333333336,-0.6523926627378742
Bolton Clarke Highwood Court | RSL Care RDNS Limited,Bolton Clarke Highwood Court,RSL Care RDNS Limited,VIC,Not for Profit,Medium,3.0,5.0,3.0,2.0,33.0,1.0,0.0,44.0,214.0,52.25,-0.6550075662597767
AnglicareSA Elizabeth East | ANGLICARE SA LTD.,AnglicareSA Elizabeth East,ANGLICARE SA LTD.,SA,Not for Profit,Large,3.0,4.0,3.0,1.0,44.0,0.0,51.0,47.0,227.0,43.75,-0.656789005634758
Juniper Chrystal Halliday | Uniting Church Homes,Juniper Chrystal Halliday,Uniting Church Homes,WA,Not for Profit,Large,3.0,5.0,3.0,1.0,33.0,2.0,24.0,46.0,219.0,47.583333333333336,-0.6615044220117438
Mercy Place Yarrawonga Woods Point | Mercy Aged and Community Care Ltd,Mercy Place Yarrawonga Woods Point,Mercy Aged and Community Care Ltd,VIC,Not for Profit,Large,3.0,4.0,2.0,2.0,37.0,2.0,19.0,31.0,213.0,67.91666666666667,-0.6646020568603831
Helping Hand Aged Care - Lightsview | Helping Hand Aged Care Inc,Helping Hand Aged Care - Lightsview,Helping Hand Aged Care Inc,SA,Not for Profit,Large,3.0,5.0,3.0,1.0,29.0,1.0,37.0,43.0,212.0,34.083333333333336,-0.6649874187469513
Mater Christi Aged Care Facility | The Trustees of the Roman Catholic Church for the Diocese of Lismore Sawtell Catholic Care of the Aged Committee,Mater Christi Aged Care Facility,The Trustees of the Roman Catholic Church for the Diocese of Lismore Sawtell Catholic Care of the Aged Committee,NSW,Not for Profit,Medium,3.0,4.0,3.0,1.0,41.0,1.0,36.0,45.0,235.0,50.0,-0.6652302077348167
Juniper Karinya | Uniting Church Homes,Juniper Karinya,Uniting Church Homes,WA,Not for Profit,Medium,3.0,4.0,3.0,1.0,31.0,0.0,31.0,47.0,222.0,44.166666666666664,-0.6652365016092184
Vietnam Veterans Keith Payne VC Hostel | Alino Living,Vietnam Veterans Keith Payne VC Hostel,Alino Living,NSW,Not for Profit,Medium,3.0,5.0,2.0,1.0,38.0,0.0,61.0,39.0,195.0,60.583333333333336,-0.6757238433387119
Juniper Ella Williams | Uniting Church Homes,Juniper Ella Williams,Uniting Church Homes,WA,Not for Profit,Medium,3.0,5.0,3.0,1.0,34.0,1.0,38.0,50.0,232.0,36.833333333333336,-0.6790415049906913
Warrigal Multi-Cultural Village | Warrigal Care Limited,Warrigal Multi-Cultural Village,Warrigal Care Limited,NSW,Not for Profit,Medium,4.0,5.0,5.0,1.0,44.0,1.0,34.0,51.0,257.0,55.083333333333336,-0.6802530825151386
Aegis Banksia Park | Aegis Aged Care Group Pty Ltd,Aegis Banksia Park,Aegis Aged Care Group Pty Ltd,WA,Private for Profit,Large,3.0,5.0,3.0,1.0,33.0,2.0,17.0,46.0,227.0,49.0,-0.6803190600650513
Calvary Millward | Calvary Aged Care Limited,Calvary Millward,Calvary Aged Care Limited,VIC,Not for Profit,Large,,,4.0,2.0,31.0,0.0,59.0,49.0,224.0,33.333333333333336,-0.6808443592331843
Abberfield Aged Care Facility | Sandra Pty Ltd,Abberfield Aged Care Facility,Sandra Pty Ltd,VIC,Private for Profit,Large,3.0,5.0,1.0,2.0,32.0,1.0,45.0,38.0,194.0,27.166666666666668,-0.6862951868322971
Calvary Rosanna Views | Calvary Aged Care Limited,Calvary Rosanna Views,Calvary Aged Care Limited,VIC,Not for Profit,Medium,,,4.0,2.0,28.0,1.0,67.0,48.0,211.0,40.333333333333336,-0.6977887217767519
Killarney Court Aged Care Facility | Alino Living,Killarney Court Aged Care Facility,Alino Living,NSW,Not for Profit,Medium,3.0,5.0,3.0,2.0,38.0,1.0,54.0,45.0,210.0,45.333333333333336,-0.6994187726859395
Jacaranda Village | Red Cliffs and Community Aged Care Services Inc,Jacaranda Village,Red Cliffs and Community Aged Care Services Inc,VIC,Not for Profit,Medium,4.0,4.0,4.0,2.0,45.0,2.0,15.0,49.0,216.0,73.83333333333333,-0.705939431611498
Bupa Glenvale | Bupa Aged Care Australia Pty Ltd,Bupa Glenvale,Bupa Aged Care Australia Pty Ltd,QLD,Private for Profit,Large,3.0,5.0,2.0,1.0,32.0,1.0,44.0,45.0,203.0,43.666666666666664,-0.7107581172594425
Aeralife Queanbeyan | Heritage Care Pty Ltd,Aeralife Queanbeyan,Heritage Care Pty Ltd,NSW,Private for Profit,Medium,3.0,5.0,2.0,1.0,39.0,1.0,54.0,46.0,219.0,41.0,-0.7139693573278874
Kaloma Home for the Aged | Kaloma Home for the Aged Limited,Kaloma Home for the Aged,Kaloma Home for the Aged Limited,QLD,Not for Profit,Medium,4.0,5.0,5.0,1.0,38.0,2.0,24.0,47.0,219.0,64.08333333333333,-0.7189749974781489
Bene Aged Care - The Italian Village | Italian Benevolent Foundation SA Inc,Bene Aged Care - The Italian Village,Italian Benevolent Foundation SA Inc,SA,Not for Profit,Large,4.0,5.0,5.0,1.0,30.0,3.0,33.0,54.0,252.0,36.416666666666664,-0.7236013019894739
Calvary Scottvale | Calvary Aged Care Limited,Calvary Scottvale,Calvary Aged Care Limited,VIC,Not for Profit,Medium,,,4.0,1.0,27.0,0.0,59.0,50.0,222.0,33.916666666666664,-0.7240823170244478
Weeroona Aged Care Residence | Halenvy Pty Limited,Weeroona Aged Care Residence,Halenvy Pty Limited,NSW,Private for Profit,Medium,3.0,5.0,2.0,1.0,35.0,1.0,62.0,39.0,218.0,74.91666666666667,-0.7278117030947283
Eventide Homes (Stawell) Inc | Eventide Homes (Stawell) Inc,Eventide Homes (Stawell) Inc,Eventide Homes (Stawell) Inc,VIC,Not for Profit,Medium,3.0,5.0,2.0,3.0,42.0,1.0,14.0,28.0,204.0,42.333333333333336,-0.7327244038639006
Villa Maria Catholic Homes Star of the Sea Aged Care Residence | Villa Maria Catholic Homes Limited,Villa Maria Catholic Homes Star of the Sea Aged Care Residence,Villa Maria Catholic Homes Limited,VIC,Not for Profit,Medium,3.0,5.0,3.0,2.0,35.0,1.0,0.0,42.0,204.0,43.083333333333336,-0.733498649768219
Matthew Flinders Home Inc | Matthew Flinders Home Inc,Matthew Flinders Home Inc,Matthew Flinders Home Inc,SA,Not for Profit,Medium,4.0,5.0,5.0,1.0,33.0,3.0,80.0,60.0,257.0,53.5,-0.7336886932802066
St Basil's Aegean Village | St Basil's Homes for the Aged in South Australia (Vasileias) Inc,St Basil's Aegean Village,St Basil's Homes for the Aged in South Australia (Vasileias) Inc,SA,Not for Profit,Medium,3.0,5.0,3.0,2.0,41.0,1.0,65.0,48.0,221.0,45.333333333333336,-0.7346584111058413
Aegis Murdoch | Aegis Health Pty Ltd,Aegis Murdoch,Aegis Health Pty Ltd,WA,Private for Profit,Large,3.0,4.0,3.0,1.0,42.0,2.0,30.0,44.0,216.0,53.666666666666664,-0.7379783209225509
Aegis Shawford | Aegis Aged Care Group Pty Ltd,Aegis Shawford,Aegis Aged Care Group Pty Ltd,WA,Private for Profit,Medium,4.0,5.0,4.0,3.0,43.0,2.0,53.0,44.0,213.0,49.583333333333336,-0.7538863308891629
Glengollan Village | Glengollan Village,Glengollan Village,Glengollan Village,VIC,Not for Profit,Medium,3.0,5.0,2.0,1.0,38.0,1.0,66.0,40.0,208.0,53.5,-0.755070653207955
Baptistcare Graceford | BaptistCare,Baptistcare Graceford,BaptistCare,WA,Not for Profit,Medium,3.0,4.0,3.0,1.0,42.0,0.0,41.0,47.0,225.0,49.333333333333336,-0.7589379326901493
Loreto Home of Compassion | The Mary Potter Nursing Home and The Ethel Forrest Day Care Centre Pty Ltd,Loreto Home of Compassion,The Mary Potter Nursing Home and The Ethel Forrest Day Care Centre Pty Ltd,NSW,Not for Profit,Medium,,4.0,,3.0,27.0,0.0,16.0,0.0,0.0,51.833333333333336,-0.7599366640581019
ACH Group Residential Care - Kapara | Aged Care & Housing Group Inc,ACH Group Residential Care - Kapara,Aged Care & Housing Group Inc,SA,Not for Profit,Large,4.0,5.0,5.0,1.0,40.0,1.0,68.0,50.0,229.0,35.666666666666664,-0.7610615676157426
mecwacare Susan Barton House | MECWA Limited,mecwacare Susan Barton House,MECWA Limited,VIC,Not for Profit,Large,4.0,4.0,3.0,3.0,35.0,1.0,12.0,43.0,207.0,63.916666666666664,-0.766027795156465
Windsor Park Aged Care | Fresh Fields Aged Care Pty Ltd,Windsor Park Aged Care,Fresh Fields Aged Care Pty Ltd,WA,Private for Profit,Medium,3.0,5.0,2.0,2.0,37.0,1.0,10.0,41.0,217.0,20.75,-0.7702657269070116
Yackandandah Health Residential Aged Care | APOLLO CARE OPERATIONS PTY LIMITED,Yackandandah Health Residential Aged Care,APOLLO CARE OPERATIONS PTY LIMITED,VIC,Private for Profit,Medium,4.0,4.0,5.0,1.0,39.0,2.0,54.0,49.0,238.0,66.66666666666667,-0.7711508333188193
Gill Waminda Aged Care Plus Centre | The Salvation Army (NSW) Property Trust,Gill Waminda Aged Care Plus Centre,The Salvation Army (NSW) Property Trust,NSW,Not for Profit,Medium,3.0,5.0,2.0,1.0,28.0,2.0,26.0,42.0,223.0,52.916666666666664,-0.773641548011017
Esperance Aged Care Facility | Esperance Aged Care Facility Inc,Esperance Aged Care Facility,Esperance Aged Care Facility Inc,WA,Not for Profit,Medium,,3.0,,3.0,25.0,1.0,16.0,0.0,0.0,44.75,-0.7891865837441094
Mt St Vincent | Respect Group Limited,Mt St Vincent,Respect Group Limited,TAS,Not for Profit,Medium,4.0,5.0,2.0,2.0,50.0,0.0,22.0,36.0,225.0,71.58333333333333,-0.7915234781866315
Bonney Lodge | Riverland Mallee Coorong Local Health Network Incorporated,Bonney Lodge,Riverland Mallee Coorong Local Health Network Incorporated,SA,Government,Medium,3.0,4.0,3.0,1.0,34.0,2.0,41.0,45.0,223.0,56.5,-0.802657906619012
Dougherty Apartments | Dougherty Apartments Retirement Housing Project,Dougherty Apartments,Dougherty Apartments Retirement Housing Project,NSW,Not for Profit,Medium,4.0,5.0,3.0,1.0,44.0,2.0,48.0,44.0,218.0,61.916666666666664,-0.8040132367443539
Aeralife The Manor | Villawood Aged Care Pty Ltd,Aeralife The Manor,Villawood Aged Care Pty Ltd,NSW,Private for Profit,Medium,3.0,5.0,3.0,1.0,32.0,1.0,56.0,46.0,230.0,41.5,-0.8071238837183918
Baptistcare David Buttfield Centre | BaptistCare,Baptistcare David Buttfield Centre,BaptistCare,WA,Not for Profit,Large,3.0,4.0,3.0,1.0,38.0,1.0,23.0,44.0,231.0,40.833333333333336,-0.8127579120504305
Mount Martha Valley | Royal Freemasons Ltd,Mount Martha Valley,Royal Freemasons Ltd,VIC,Not for Profit,Large,3.0,5.0,3.0,2.0,40.0,2.0,17.0,44.0,216.0,41.166666666666664,-0.8129650636520145
Hocart Lodge | Fresh Fields Aged Care Pty Ltd,Hocart Lodge,Fresh Fields Aged Care Pty Ltd,WA,Private for Profit,Medium,3.0,4.0,2.0,1.0,36.0,0.0,33.0,42.0,234.0,42.833333333333336,-0.8226362650642314
Lyndoch Nursing Home | Respect Group Limited,Lyndoch Nursing Home,Respect Group Limited,VIC,Not for Profit,Medium,3.0,4.0,2.0,2.0,43.0,0.0,32.0,54.0,239.0,43.916666666666664,-0.8266060078156452
HammondCare Hammondville | HammondCare,HammondCare Hammondville,HammondCare,NSW,Not for Profit,Large,3.0,4.0,3.0,1.0,30.0,1.0,63.0,45.0,241.0,65.41666666666667,-0.8306653086203957
St Ives House | Thompson Health Care Pty Ltd,St Ives House,Thompson Health Care Pty Ltd,NSW,Private for Profit,Large,3.0,4.0,3.0,2.0,54.0,0.0,90.0,41.0,192.0,64.0,-0.8330057711535772
Lutheran Services - St Andrews | LUTHERAN CHURCH OF AUSTRALIA QUEENSLAND DISTRICT,Lutheran Services - St Andrews,LUTHERAN CHURCH OF AUSTRALIA QUEENSLAND DISTRICT,QLD,Not for Profit,Medium,4.0,5.0,4.0,3.0,45.0,4.0,10.0,49.0,218.0,73.33333333333333,-0.8447700921297429
Rose Lodge | Wonthaggi & District Elderly Citizens Homes Inc,Rose Lodge,Wonthaggi & District Elderly Citizens Homes Inc,VIC,Not for Profit,Medium,3.0,5.0,2.0,1.0,35.0,1.0,23.0,39.0,195.0,46.833333333333336,-0.8448173340675775
Bupa Greensborough | Bupa Aged Care Australia Pty Ltd,Bupa Greensborough,Bupa Aged Care Australia Pty Ltd,VIC,Private for Profit,Medium,4.0,5.0,3.0,1.0,42.0,1.0,41.0,47.0,221.0,54.666666666666664,-0.8484211828869349
mecwacare Wahroonga | MECWA Limited,mecwacare Wahroonga,MECWA Limited,VIC,Not for Profit,Medium,3.0,4.0,3.0,3.0,34.0,1.0,0.0,42.0,206.0,43.666666666666664,-0.849262051272446
Victorian Croatian Aged Care Services Inc | VICTORIAN CROATIAN AGED CARE SERVICES INCORPORATED,Victorian Croatian Aged Care Services Inc,VICTORIAN CROATIAN AGED CARE SERVICES INCORPORATED,VIC,Not for Profit,Medium,4.0,5.0,3.0,2.0,62.0,1.0,25.0,43.0,219.0,48.333333333333336,-0.8515099556946709
HammondCare - Woy Woy | HammondCare,HammondCare - Woy Woy,HammondCare,NSW,Not for Profit,Medium,4.0,5.0,3.0,1.0,37.0,1.0,88.0,45.0,224.0,70.75,-0.8523661799012204
MercyCare Maddington | Mercy Human Services Limited,MercyCare Maddington,Mercy Human Services Limited,WA,Not for Profit,Large,4.0,4.0,5.0,2.0,42.0,1.0,70.0,50.0,237.0,49.166666666666664,-0.8526104990167273
Dalrymple Villa | Dalrymple Villa Inc,Dalrymple Villa,Dalrymple Villa Inc,QLD,Not for Profit,Medium,3.0,5.0,1.0,3.0,97.0,0.0,10.0,39.0,155.0,65.16666666666667,-0.8823254277525413
Aeralife Northpoint | Heritage Care Pty Ltd,Aeralife Northpoint,Heritage Care Pty Ltd,VIC,Private for Profit,Large,3.0,5.0,3.0,2.0,31.0,0.0,80.0,45.0,223.0,40.916666666666664,-0.8860337402658117
Calvary Lower Plenty Garden Views | Calvary Aged Care Limited,Calvary Lower Plenty Garden Views,Calvary Aged Care Limited,VIC,Not for Profit,Medium,,,2.0,1.0,36.0,1.0,91.0,50.0,214.0,32.833333333333336,-0.9001724937175651
Ozcare Mackay | Ozcare,Ozcare Mackay,Ozcare,QLD,Not for Profit,Large,3.0,5.0,2.0,1.0,46.0,1.0,39.0,50.0,200.0,57.583333333333336,-0.9107016381563633
Joseph Banks Aged Care Facility | Retirees WA (Inc),Joseph Banks Aged Care Facility,Retirees WA (Inc),WA,Not for Profit,Medium,4.0,5.0,3.0,2.0,31.0,0.0,97.0,45.0,210.0,56.166666666666664,-0.9434823471097094
HammondCare - Erina | HammondCare,HammondCare - Erina,HammondCare,NSW,Not for Profit,Medium,4.0,5.0,4.0,2.0,36.0,1.0,83.0,46.0,257.0,60.083333333333336,-0.9707639428938156
Garrawarra Centre | NSW State Government (NSW Ministry of Health),Garrawarra Centre,NSW State Government (NSW Ministry of Health),NSW,Government,Medium,4.0,5.0,5.0,2.0,35.0,2.0,82.0,62.0,274.0,33.166666666666664,-0.9839984443222379
Emmaus Village | St Agnes' Care & Lifestyle,Emmaus Village,St Agnes' Care & Lifestyle,NSW,Not for Profit,Medium,4.0,4.0,4.0,2.0,60.0,0.0,96.0,44.0,242.0,74.33333333333333,-0.9940237339770156
Calvary The Regent | Calvary Aged Care Limited,Calvary The Regent,Calvary Aged Care Limited,VIC,Not for Profit,Large,,,2.0,1.0,33.0,1.0,54.0,48.0,215.0,36.083333333333336,-1.0970468011409396
HammondCare - Cardiff | HammondCare,HammondCare - Cardiff,HammondCare,NSW,Not for Profit,Medium,4.0,5.0,4.0,1.0,36.0,0.0,86.0,46.0,248.0,74.0,-1.1040396320978254
Aldersgate Aged Care Services | Uniting Communities Incorporated,Aldersgate Aged Care Services,Uniting Communities Incorporated,SA,Not for Profit,Large,3.0,5.0,3.0,1.0,41.0,1.0,64.0,47.0,247.0,33.333333333333336,-1.106678683037078
Coroneagh Park | Respect Group Limited,Coroneagh Park,Respect Group Limited,TAS,Not for Profit,Medium,3.0,5.0,2.0,2.0,12.0,0.0,26.0,37.0,227.0,41.083333333333336,-1.111065712854339
Carinity Fairfield Grange | The Baptist Union of Queensland,Carinity Fairfield Grange,The Baptist Union of Queensland,QLD,Not for Profit,Medium,3.0,5.0,3.0,1.0,67.0,1.0,15.0,46.0,219.0,40.25,-1.1257073132880593
Dural House Aged Care | Thompson Health Care Pty Ltd,Dural House Aged Care,Thompson Health Care Pty Ltd,NSW,Private for Profit,Large,4.0,5.0,3.0,1.0,33.0,2.0,77.0,43.0,220.0,59.083333333333336,-1.1428796523337037
Violet Town Bush Nursing Centre | Violet Town Bush Nursing Centre Inc,Violet Town Bush Nursing Centre,Violet Town Bush Nursing Centre Inc,VIC,Not for Profit,Medium,4.0,5.0,5.0,3.0,42.0,2.0,79.0,47.0,251.0,47.416666666666664,-1.2512467667557539
HammondCare - Horsley | HammondCare,HammondCare - Horsley,HammondCare,NSW,Not for Profit,Large,4.0,5.0,3.0,1.0,37.0,1.0,92.0,45.0,230.0,78.75,-1.3302782429357536
HammondCare - Caulfield Village | HammondCare,HammondCare - Caulfield Village,HammondCare,VIC,Not for Profit,Medium,4.0,5.0,4.0,1.0,37.0,1.0,93.0,47.0,253.0,77.5,-1.4847557495430224
SummitCare Wallsend | Stelcom Pty Limited,SummitCare Wallsend,Stelcom Pty Limited,NSW,Private for Profit,Large,4.0,5.0,3.0,1.0,99.0,1.0,40.0,45.0,229.0,55.416666666666664,-1.687313904096408
TLC Whitewater | Great Oaks Pty Ltd,TLC Whitewater,Great Oaks Pty Ltd,VIC,Private for Profit,Large,3.0,5.0,2.0,2.0,26.0,1.0,16.0,33.0,217.0,36.25,-1.7466633486910932
HammondCare Daw Park | HammondCare,HammondCare Daw Park,HammondCare,SA,Not for Profit,Medium,3.0,4.0,4.0,2.0,49.0,1.0,85.0,47.0,287.0,39.75,-1.8358432549692385
Midland Nursing Home | Labouchere Investments Pty Ltd,Midland Nursing Home,Labouchere Investments Pty Ltd,WA,Private for Profit,Medium,3.0,3.0,5.0,2.0,43.0,1.0,29.0,51.0,261.0,39.916666666666664,-2.239046196363099
