facility_key,service_name,state,provider_type,size,overall_stars,outcome_composite,predicted_outcome,residual,rating_classification,is_statistical_outlier,quality_measures_stars,compliance_stars,persistent_food_failure,high_compliance_dignity_gap,adequately_staffed_poor_outcomes,understaffed_good_outcomes,five_star_low_qm,is_hidden_champion
Dellacourt | Lutheran Aged Care Albury,Dellacourt,NSW,Not for Profit,Large,3.0,-0.3090630209206344,-0.1719882124381784,-0.137074808482456,Aligned,False,3.0,5.0,False,False,False,False,False,False
BaptistCare Maranoa Centre - Alstonville | BaptistCare,BaptistCare Maranoa Centre - Alstonville,NSW,Not for Profit,Medium,3.0,0.28744110347643265,-0.1719882124381784,0.45942931591461106,Aligned,False,3.0,5.0,False,False,False,False,False,True
Uniting Autumn Lodge Butler Street | The Uniting Church in Australia Property Trust (NSW),Uniting Autumn Lodge Butler Street,NSW,Not for Profit,Medium,4.0,0.24398235914713876,0.0435760823187199,0.20040627682841886,Aligned,False,4.0,5.0,False,False,False,False,False,False
Macquarie Lodge Aged Care Plus Centre | The Salvation Army (NSW) Property Trust,Macquarie Lodge Aged Care Plus Centre,NSW,Not for Profit,Large,3.0,-0.3487872603839976,-0.1719882124381784,-0.1767990479458192,Aligned,False,2.0,5.0,False,True,True,False,False,False
Crowley Retirement Village | The Trustees of the Roman Catholic Church for the Diocese of Lismore,Crowley Retirement Village,NSW,Not for Profit,Medium,3.0,0.4010643233699929,-0.1719882124381784,0.5730525358081713,Potentially under-rated,False,3.0,5.0,False,False,False,False,False,True
Crowley Retirement Village | The Trustees of the Roman Catholic Church for the Diocese of Lismore,Crowley Retirement Village,NSW,Not for Profit,Medium,3.0,0.4010643233699929,-0.1719882124381784,0.5730525358081713,Potentially under-rated,False,3.0,5.0,False,False,False,False,False,True
Murray Haven Hostel | Murray Haven Homes Limited,Murray Haven Hostel,NSW,Not for Profit,Small,4.0,-0.08912542204191964,0.0435760823187199,-0.13270150436063954,Aligned,False,3.0,5.0,False,False,False,False,False,False
Richardson House | Barraba and District Retirement Homes Association Incorporated,Richardson House,NSW,Not for Profit,Small,5.0,0.31088003235556777,0.2591403770756181,0.05173965527994967,Aligned,False,4.0,5.0,False,False,False,False,False,False
Weeroona Aged Care Plus Centre | The Salvation Army (NSW) Property Trust,Weeroona Aged Care Plus Centre,NSW,Not for Profit,Large,4.0,-0.24658930967696854,0.0435760823187199,-0.29016539199568847,Aligned,False,2.0,5.0,False,False,True,False,False,False
Uniting Nareen Gardens Bateau Bay | The Uniting Church in Australia Property Trust (NSW),Uniting Nareen Gardens Bateau Bay,NSW,Not for Profit,Large,4.0,0.2245991141890975,0.0435760823187199,0.1810230318703776,Aligned,False,3.0,5.0,False,False,False,False,False,False
Southern Cross Care Reynolds Court Residential Aged Care | Southern Cross Care (NSW & ACT) Limited,Southern Cross Care Reynolds Court Residential Aged Care,NSW,Not for Profit,Medium,4.0,0.06940094622305391,0.0435760823187199,0.025824863904334014,Aligned,False,4.0,5.0,False,False,False,False,False,False
Bupa Bateau Bay | Bupa Aged Care Australia Pty Ltd,Bupa Bateau Bay,NSW,Private for Profit,Medium,3.0,-0.3825848559382476,-0.1719882124381784,-0.21059664350006918,Aligned,False,2.0,5.0,False,False,False,False,False,False
RFBI Bellingen Masonic Village - JJ | Royal Freemasons' Benevolent Institution,RFBI Bellingen Masonic Village - JJ,NSW,Not for Profit,Small,3.0,-0.6345994148927616,-0.1719882124381784,-0.4626112024545832,Potentially over-rated,False,1.0,5.0,False,False,False,False,False,False
Uniting Narla Belmont North | The Uniting Church in Australia Property Trust (NSW),Uniting Narla Belmont North,NSW,Not for Profit,Medium,4.0,0.09184516228138023,0.0435760823187199,0.04826907996266033,Aligned,False,3.0,5.0,True,False,False,False,False,False
St Elizabeth Home | ST. ELIZABETH HOME,St Elizabeth Home,NSW,Not for Profit,Medium,4.0,-0.5451911470335244,0.0435760823187199,-0.5887672293522443,Potentially over-rated,False,2.0,5.0,False,False,True,False,False,False
Byron Aged Care | St Andrew's Village Ballina Limited,Byron Aged Care,NSW,Not for Profit,Small,4.0,-0.7242250388098376,0.0435760823187199,-0.7678011211285575,Potentially over-rated,False,2.0,4.0,False,False,True,False,False,False
Paling Court Residential Aged Care | Carrington Centennial Care Limited,Paling Court Residential Aged Care,NSW,Not for Profit,Large,4.0,-0.28363106047515974,0.0435760823187199,-0.32720714279387964,Aligned,False,3.0,5.0,False,False,False,False,False,False
IBIS Care Miranda | IBIS (No 2) Pty Ltd,IBIS Care Miranda,NSW,Private for Profit,Medium,5.0,0.47848300763800555,0.2591403770756181,0.21934263056238745,Aligned,False,5.0,5.0,False,False,False,False,False,False
Southern Cross Care St Michael's Residential Aged Care | Southern Cross Care (NSW & ACT) Limited,Southern Cross Care St Michael's Residential Aged Care,NSW,Not for Profit,Medium,4.0,0.2786355362896624,0.0435760823187199,0.23505945397094252,Aligned,False,3.0,4.0,False,False,False,False,False,False
Anglicare Farrer Brown Court | Anglican Community Services,Anglicare Farrer Brown Court,NSW,Not for Profit,Large,4.0,0.04034221420062839,0.0435760823187199,-0.0032338681180915096,Aligned,False,3.0,5.0,False,False,False,False,False,False
Anglicare Warrina Residential Care | Anglican Community Services,Anglicare Warrina Residential Care,NSW,Not for Profit,Large,4.0,0.48468527909558895,0.0435760823187199,0.44110919677686905,Aligned,False,4.0,5.0,False,True,False,False,False,False
Anglicare Brian King Gardens | Anglican Community Services,Anglicare Brian King Gardens,NSW,Not for Profit,Large,4.0,0.271972932283341,0.0435760823187199,0.22839684996462112,Aligned,False,3.0,4.0,False,False,False,False,False,False
Cooinda Aged Care | COOINDA COONABARABRAN LIMITED,Cooinda Aged Care,NSW,Not for Profit,Medium,4.0,0.419474581090693,0.0435760823187199,0.3758984987719731,Aligned,False,3.0,5.0,False,False,False,False,False,False
Southern Cross Care Cootamundra Residential Aged Care | Southern Cross Care (NSW & ACT) Limited,Southern Cross Care Cootamundra Residential Aged Care,NSW,Not for Profit,Small,4.0,0.2966600313271163,0.0435760823187199,0.2530839490083964,Aligned,False,4.0,5.0,False,True,False,False,False,False
BaptistCare Mid Richmond Centre - Coraki | BaptistCare,BaptistCare Mid Richmond Centre - Coraki,NSW,Not for Profit,Small,4.0,-0.18238059497101985,0.0435760823187199,-0.22595667728973975,Aligned,False,3.0,5.0,False,False,False,False,False,False
Southern Cross Care Karinya Residential Aged Care | Southern Cross Care (NSW & ACT) Limited,Southern Cross Care Karinya Residential Aged Care,NSW,Not for Profit,Medium,4.0,-0.19680712912905848,0.0435760823187199,-0.24038321144777838,Aligned,False,3.0,5.0,False,False,False,False,False,False
Illawarra Diggers | Illawarra Diggers Aged and Community Care Limited,Illawarra Diggers,NSW,Not for Profit,Medium,3.0,-0.11992665380479643,-0.1719882124381784,0.05206155863338198,Aligned,False,3.0,5.0,False,False,False,False,False,False
Southern Cross Care Orana Residential Aged Care | Southern Cross Care (NSW & ACT) Limited,Southern Cross Care Orana Residential Aged Care,NSW,Not for Profit,Small,5.0,0.5516437661243846,0.2591403770756181,0.2925033890487665,Aligned,False,5.0,5.0,False,False,False,False,False,False
Merton Court Hostel | Merton Living Limited,Merton Court Hostel,NSW,Not for Profit,Small,5.0,-0.3864708148779923,0.2591403770756181,-0.6456111919536104,Potentially over-rated,False,3.0,5.0,False,False,False,False,False,False
Maybanke Aged Care Plus Centre | The Salvation Army (NSW) Property Trust,Maybanke Aged Care Plus Centre,NSW,Not for Profit,Small,4.0,0.45791198178176956,0.0435760823187199,0.41433589946304966,Aligned,False,5.0,5.0,False,False,False,True,False,False
BaptistCare Cooinda Court | BaptistCare,BaptistCare Cooinda Court,NSW,Not for Profit,Medium,4.0,0.34722864977074314,0.0435760823187199,0.30365256745202324,Aligned,False,4.0,5.0,False,False,False,False,False,False
Catholic Healthcare Jemalong Residential Village | Catholic Healthcare Limited,Catholic Healthcare Jemalong Residential Village,NSW,Not for Profit,Medium,4.0,0.1101509993786947,0.0435760823187199,0.0665749170599748,Aligned,False,3.0,5.0,False,False,False,False,False,False
Alexander Campbell House | The Churches of Christ Property Trust,Alexander Campbell House,NSW,Not for Profit,Small,4.0,0.6870152441816127,0.0435760823187199,0.6434391618628928,Potentially under-rated,False,5.0,5.0,False,False,False,False,False,False
Harden Grange | APOLLO CARE OPERATIONS PTY LIMITED,Harden Grange,NSW,Private for Profit,Small,4.0,-0.2038825953447705,0.0435760823187199,-0.2474586776634904,Aligned,False,1.0,5.0,False,False,True,False,False,False
Uniting Caroona Jarman Goonellabah | The Uniting Church in Australia Property Trust (NSW),Uniting Caroona Jarman Goonellabah,NSW,Not for Profit,Medium,4.0,-0.2498342107460038,0.0435760823187199,-0.29341029306472366,Aligned,False,2.0,5.0,False,False,True,False,False,False
Hunters Hill Village | Twilight House,Hunters Hill Village,NSW,Not for Profit,Small,4.0,0.6204701153810523,0.0435760823187199,0.5768940330623324,Potentially under-rated,False,5.0,5.0,False,False,False,False,False,False
Gill Waminda Aged Care Plus Centre | The Salvation Army (NSW) Property Trust,Gill Waminda Aged Care Plus Centre,NSW,Not for Profit,Medium,3.0,-0.7648509436120662,-0.1719882124381784,-0.5928627311738878,Potentially over-rated,False,1.0,5.0,False,False,False,False,False,False
Southern Cross Care St Catherine's Residential Aged Care | Southern Cross Care (NSW & ACT) Limited,Southern Cross Care St Catherine's Residential Aged Care,NSW,Not for Profit,Medium,3.0,0.27489140272215046,-0.1719882124381784,0.44687961516032887,Aligned,False,3.0,4.0,False,False,False,False,False,True
The Pioneers Lodge | The Pioneers Lodge Limited,The Pioneers Lodge,NSW,Private for Profit,Medium,4.0,0.3260871084208676,0.0435760823187199,0.2825110261021477,Aligned,False,3.0,5.0,False,False,False,False,False,False
HammondCare Hammondville | HammondCare,HammondCare Hammondville,NSW,Not for Profit,Large,3.0,-1.0268985781651752,-0.1719882124381784,-0.8549103657269967,Potentially over-rated,False,1.0,4.0,False,False,True,False,False,False
Catholic Healthcare St Joseph Aged Care | Catholic Healthcare Limited,Catholic Healthcare St Joseph Aged Care,NSW,Not for Profit,Small,4.0,0.025411603730899013,0.0435760823187199,-0.018164478587820887,Aligned,False,4.0,5.0,False,False,False,False,False,False
Catholic Healthcare St Bedes Home | Catholic Healthcare Limited,Catholic Healthcare St Bedes Home,NSW,Not for Profit,Small,4.0,0.25927157725762284,0.0435760823187199,0.21569549493890294,Aligned,False,3.0,5.0,False,False,False,False,False,False
McLean Care Ltd | McLean Care Ltd,McLean Care Ltd,NSW,Not for Profit,Large,4.0,-0.39542577924478245,0.0435760823187199,-0.43900186156350235,Aligned,False,3.0,5.0,False,False,False,False,False,False
Vincent Court | APOLLO CARE OPERATIONS PTY LIMITED,Vincent Court,NSW,Private for Profit,Medium,4.0,0.01300470551603596,0.0435760823187199,-0.030571376802683937,Aligned,False,2.0,5.0,False,False,True,False,False,False
Blue Haven Bonaira | Fresh Fields Management (NSW) No 2 Pty Ltd,Blue Haven Bonaira,NSW,Private for Profit,Large,3.0,-0.3630976679476617,-0.1719882124381784,-0.19110945550948327,Aligned,False,2.0,4.0,False,False,False,False,False,False
Catholic Healthcare Bethlehem House | Catholic Healthcare Limited,Catholic Healthcare Bethlehem House,NSW,Not for Profit,Small,5.0,1.3133388952353109,0.2591403770756181,1.054198518159693,Potentially under-rated,False,5.0,5.0,False,False,False,False,False,False
Whiddon Kyogle | The Frank Whiddon Masonic Homes of New South Wales,Whiddon Kyogle,NSW,Not for Profit,Medium,4.0,-0.027278962563295466,0.0435760823187199,-0.07085504488201537,Aligned,False,3.0,5.0,False,False,False,False,False,False
St Basil's Lakemba | St Basil's Homes,St Basil's Lakemba,NSW,Not for Profit,Large,4.0,-0.48521375805612604,0.0435760823187199,-0.5287898403748459,Potentially over-rated,False,1.0,5.0,False,False,True,False,False,False
Uniting Kamilaroi Lane Cove | The Uniting Church in Australia Property Trust (NSW),Uniting Kamilaroi Lane Cove,NSW,Not for Profit,Medium,4.0,-0.13419136610265076,0.0435760823187199,-0.17776744842137066,Aligned,False,3.0,5.0,False,False,False,False,False,False
Uniting Annesley Haberfield | The Uniting Church in Australia Property Trust (NSW),Uniting Annesley Haberfield,NSW,Not for Profit,Medium,4.0,0.7307154578275674,0.0435760823187199,0.6871393755088475,Potentially under-rated,False,4.0,5.0,False,True,False,False,False,False
Uniting The Marion Leichhardt | The Uniting Church in Australia Property Trust (NSW),Uniting The Marion Leichhardt,NSW,Not for Profit,Large,4.0,0.5850506249168294,0.0435760823187199,0.5414745425981095,Potentially under-rated,False,4.0,5.0,False,True,False,False,False,False
Whiddon Maclean | The Frank Whiddon Masonic Homes of New South Wales,Whiddon Maclean,NSW,Not for Profit,Small,4.0,0.44719938410046717,0.0435760823187199,0.40362330178174727,Aligned,False,3.0,5.0,False,False,False,False,False,False
RFBI Benhome Masonic Village | Royal Freemasons' Benevolent Institution,RFBI Benhome Masonic Village,NSW,Not for Profit,Medium,5.0,0.45365309960705885,0.2591403770756181,0.19451272253144075,Aligned,False,4.0,5.0,False,False,False,False,False,False
Brother Alberts Home | Holy Family Services,Brother Alberts Home,NSW,Not for Profit,Large,5.0,0.5830198785142895,0.2591403770756181,0.3238795014386714,Aligned,False,4.0,5.0,False,False,False,False,False,False
Catholic Healthcare St James Villa | Catholic Healthcare Limited,Catholic Healthcare St James Villa,NSW,Not for Profit,Small,4.0,0.5673418697956526,0.0435760823187199,0.5237657874769327,Potentially under-rated,False,4.0,5.0,False,False,False,False,False,False
Uniting Irwin Hall Mayfield | The Uniting Church in Australia Property Trust (NSW),Uniting Irwin Hall Mayfield,NSW,Not for Profit,Small,4.0,0.14826083444608518,0.0435760823187199,0.10468475212736528,Aligned,False,3.0,5.0,False,False,False,False,False,False
Albert Moore Gardens | RSL LifeCare Limited,Albert Moore Gardens,NSW,Not for Profit,Small,4.0,0.39553348963545987,0.0435760823187199,0.35195740731673997,Aligned,False,4.0,5.0,False,False,False,False,False,False
Southern Cross Care John Woodward Residential Aged Care | Southern Cross Care (NSW & ACT) Limited,Southern Cross Care John Woodward Residential Aged Care,NSW,Not for Profit,Large,4.0,0.5487822461555658,0.0435760823187199,0.5052061638368459,Potentially under-rated,False,4.0,5.0,False,False,False,False,False,False
Juliana Village | Juliana Village Association Ltd,Juliana Village,NSW,Not for Profit,Medium,4.0,0.08960065540539935,0.0435760823187199,0.046024573086679454,Aligned,False,3.0,5.0,False,False,False,False,False,False
Catholic Healthcare George Mockler Hostel | Catholic Healthcare Limited,Catholic Healthcare George Mockler Hostel,NSW,Not for Profit,Small,4.0,0.7832827727764498,0.0435760823187199,0.7397066904577299,Potentially under-rated,False,5.0,5.0,False,False,False,False,False,False
Uniting Osborne Nowra | The Uniting Church in Australia Property Trust (NSW),Uniting Osborne Nowra,NSW,Not for Profit,Large,4.0,-0.23363200455015817,0.0435760823187199,-0.2772080868688781,Aligned,False,3.0,5.0,False,False,False,False,False,False
Ascott Gardens | United Protestant Association of NSW Limited,Ascott Gardens,NSW,Not for Profit,Medium,4.0,-0.4863486392194913,0.0435760823187199,-0.5299247215382112,Potentially over-rated,False,2.0,5.0,False,False,True,False,False,False
Uniting Wontama Orange | The Uniting Church in Australia Property Trust (NSW),Uniting Wontama Orange,NSW,Not for Profit,Large,4.0,-0.04698568874024762,0.0435760823187199,-0.09056177105896751,Aligned,False,3.0,5.0,False,False,False,False,False,False
Melrose Lodge | United Protestant Association of NSW Limited,Melrose Lodge,NSW,Not for Profit,Medium,4.0,0.367271614799395,0.0435760823187199,0.3236955324806751,Aligned,False,4.0,5.0,False,False,False,False,False,False
Cherrybrook Christian Care Centre | Christian Community Services,Cherrybrook Christian Care Centre,NSW,Not for Profit,Large,3.0,-0.17659862697271636,-0.1719882124381784,-0.004610414534537949,Aligned,False,2.0,5.0,False,False,True,False,False,False
Uniting Locke Haven Petersham | The Uniting Church in Australia Property Trust (NSW),Uniting Locke Haven Petersham,NSW,Not for Profit,Small,4.0,0.7930811645982129,0.0435760823187199,0.749505082279493,Potentially under-rated,False,5.0,5.0,False,False,False,False,False,False
Aubrey Downer Aged Care Home | Fresh Fields Aged Care (NSW) - No 1 Pty Ltd,Aubrey Downer Aged Care Home,NSW,Private for Profit,Small,4.0,-0.6576118027997849,0.0435760823187199,-0.7011878851185048,Potentially over-rated,False,3.0,5.0,False,True,False,False,False,False
BaptistCare George Forbes House | BaptistCare,BaptistCare George Forbes House,NSW,Not for Profit,Medium,4.0,0.15633471081642422,0.0435760823187199,0.11275862849770432,Aligned,False,3.0,5.0,False,False,False,False,False,False
Catholic Healthcare Holy Spirit Aged Care | Catholic Healthcare Limited,Catholic Healthcare Holy Spirit Aged Care,NSW,Not for Profit,Small,4.0,0.3184144841415414,0.0435760823187199,0.2748384018228215,Aligned,False,3.0,5.0,False,False,False,False,False,False
Yallambee Village | Bankstown City Aged Care Ltd,Yallambee Village,NSW,Not for Profit,Large,3.0,-0.03502897477200372,-0.1719882124381784,0.13695923766617468,Aligned,False,2.0,5.0,False,False,True,False,False,False
Uniting Bruce Sharpe Rockdale | The Uniting Church in Australia Property Trust (NSW),Uniting Bruce Sharpe Rockdale,NSW,Not for Profit,Small,4.0,0.5383969028422594,0.0435760823187199,0.4948208205235395,Potentially under-rated,False,5.0,5.0,False,False,False,False,False,False
Our Lady Of Consolation Home | Our Lady of Consolation Aged Care & Services Limited,Our Lady Of Consolation Home,NSW,Not for Profit,Large,4.0,-0.11815108648390536,0.0435760823187199,-0.16172716880262528,Aligned,False,3.0,5.0,False,False,False,False,False,False
KOPWA Archbold House | KOPWA Limited,KOPWA Archbold House,NSW,Not for Profit,Medium,4.0,0.3817815066336698,0.0435760823187199,0.3382054243149499,Aligned,False,4.0,5.0,False,False,False,False,False,False
Uniting Thomas Bowden Ryde | The Uniting Church in Australia Property Trust (NSW),Uniting Thomas Bowden Ryde,NSW,Not for Profit,Small,5.0,0.44949679139486154,0.2591403770756181,0.19035641431924344,Aligned,False,4.0,5.0,False,False,False,False,False,False
Uniting Elizabeth Gates and Alroy House Singleton | The Uniting Church in Australia Property Trust (NSW),Uniting Elizabeth Gates and Alroy House Singleton,NSW,Not for Profit,Medium,4.0,0.4010463567125377,0.0435760823187199,0.3574702743938178,Aligned,False,4.0,5.0,False,False,False,False,False,False
Uniting Springwood | The Uniting Church in Australia Property Trust (NSW),Uniting Springwood,NSW,Not for Profit,Large,4.0,0.23087571772232837,0.0435760823187199,0.18729963540360847,Aligned,False,3.0,5.0,False,True,False,False,False,False
Frank And Jess Kennett Home | United Protestant Association of NSW Limited,Frank And Jess Kennett Home,NSW,Not for Profit,Small,4.0,-0.3417344212129312,0.0435760823187199,-0.3853105035316511,Aligned,False,3.0,5.0,False,False,False,False,False,False
IRT Thomas Holt Kirrawee | Illawarra Retirement Trust,IRT Thomas Holt Kirrawee,NSW,Not for Profit,Large,4.0,-0.3663037561523021,0.0435760823187199,-0.409879838471022,Aligned,False,1.0,5.0,False,False,True,False,False,False
James Milson Village North Sydney | North Sydney Retirement Trust,James Milson Village North Sydney,NSW,Not for Profit,Large,4.0,0.3678827194354574,0.0435760823187199,0.3243066371167375,Aligned,False,3.0,5.0,False,False,False,False,False,False
Catholic Healthcare Vincentian Aged Care Service | Catholic Healthcare Limited,Catholic Healthcare Vincentian Aged Care Service,NSW,Not for Profit,Small,5.0,0.48797400469023766,0.2591403770756181,0.22883362761461956,Aligned,False,5.0,5.0,False,False,False,False,False,False
Nazareth House Tamworth | Nazareth Care,Nazareth House Tamworth,NSW,Not for Profit,Medium,4.0,0.3962694635476822,0.0435760823187199,0.3526933812289623,Aligned,False,4.0,5.0,False,False,False,True,False,False
RFBI Tamworth Masonic Village | Royal Freemasons' Benevolent Institution,RFBI Tamworth Masonic Village,NSW,Not for Profit,Small,4.0,-0.4074330406778495,0.0435760823187199,-0.4510091229965694,Aligned,False,3.0,5.0,False,False,False,False,False,False
Uniting Taralga | The Uniting Church in Australia Property Trust (NSW),Uniting Taralga,NSW,Not for Profit,Small,4.0,-1.0394631150432787,0.0435760823187199,-1.0830391973619986,Potentially over-rated,False,2.0,5.0,False,False,True,False,False,False
Alkira Lodge | Bushland Health Group Limited,Alkira Lodge,NSW,Not for Profit,Medium,4.0,-0.018056133965529225,0.0435760823187199,-0.06163221628424913,Aligned,False,3.0,4.0,False,False,False,False,False,False
Whiddon Temora Greenstone | The Frank Whiddon Masonic Homes of New South Wales,Whiddon Temora Greenstone,NSW,Not for Profit,Small,4.0,-0.8095903895268467,0.0435760823187199,-0.8531664718455666,Potentially over-rated,False,3.0,5.0,False,False,False,False,False,False
Agris Hutrof House | RSL LifeCare Limited,Agris Hutrof House,NSW,Not for Profit,Small,4.0,-0.09795785358662062,0.0435760823187199,-0.14153393590534052,Aligned,False,2.0,5.0,False,True,True,False,False,False
Constitution Hill Aged Care | Australian Unity Care Services Pty Ltd,Constitution Hill Aged Care,NSW,Private for Profit,Large,5.0,0.43031410555242805,0.2591403770756181,0.17117372847680995,Aligned,False,5.0,5.0,False,False,False,False,False,False
Catholic Healthcare Blakeney Lodge | Catholic Healthcare Limited,Catholic Healthcare Blakeney Lodge,NSW,Not for Profit,Small,5.0,0.1881239258271953,0.2591403770756181,-0.07101645124842279,Aligned,False,5.0,5.0,False,False,False,False,False,False
Southern Cross Care North Turramurra Residential Aged Care | Southern Cross Care (NSW & ACT) Limited,Southern Cross Care North Turramurra Residential Aged Care,NSW,Not for Profit,Large,4.0,0.032731228275870404,0.0435760823187199,-0.010844854042849496,Aligned,False,3.0,5.0,False,False,False,False,False,False
Elizabeth Lodge Hostel | Seventh-day Adventist Aged Care (Greater Sydney) Ltd,Elizabeth Lodge Hostel,NSW,Private for Profit,Medium,4.0,0.19983535097286168,0.0435760823187199,0.15625926865414178,Aligned,False,3.0,4.0,False,False,False,False,False,False
Catholic Healthcare McQuoin Park | Catholic Healthcare Limited,Catholic Healthcare McQuoin Park,NSW,Not for Profit,Large,4.0,-0.08095442719502532,0.0435760823187199,-0.12453050951374522,Aligned,False,3.0,5.0,False,True,False,False,False,False
Warrigal Care Mt Warrigal | Warrigal Care Limited,Warrigal Care Mt Warrigal,NSW,Not for Profit,Small,4.0,-0.7073588603965448,0.0435760823187199,-0.7509349427152647,Potentially over-rated,False,3.0,4.0,False,False,False,False,False,False
Whiddon Wingham | The Frank Whiddon Masonic Homes of New South Wales,Whiddon Wingham,NSW,Not for Profit,Small,4.0,0.07461103239216521,0.0435760823187199,0.03103495007344531,Aligned,False,3.0,5.0,False,True,False,False,False,False
Anglicare Woodberry Village | Anglican Community Services,Anglicare Woodberry Village,NSW,Not for Profit,Large,4.0,0.23036603611630566,0.0435760823187199,0.18678995379758576,Aligned,False,4.0,5.0,False,False,False,False,False,False
BaptistCare Bethshan Gardens Centre | BaptistCare,BaptistCare Bethshan Gardens Centre,NSW,Not for Profit,Large,4.0,-0.004795623376831375,0.0435760823187199,-0.04837170569555128,Aligned,False,3.0,5.0,False,False,False,False,False,False
Thomas Eccles Gardens | RSL LifeCare Limited,Thomas Eccles Gardens,NSW,Not for Profit,Medium,4.0,-0.6106651731878674,0.0435760823187199,-0.6542412555065873,Potentially over-rated,False,2.0,5.0,False,False,True,False,False,False
Southern Cross Care Young Residential Aged Care | Southern Cross Care (NSW & ACT) Limited,Southern Cross Care Young Residential Aged Care,NSW,Not for Profit,Medium,3.0,0.39054261396037976,-0.1719882124381784,0.5625308263985582,Potentially under-rated,False,3.0,5.0,False,True,False,False,False,True
Uniting Wirreanda West Pennant Hills | The Uniting Church in Australia Property Trust (NSW),Uniting Wirreanda West Pennant Hills,NSW,Not for Profit,Small,4.0,0.13352248332922811,0.0435760823187199,0.08994640101050821,Aligned,False,3.0,5.0,False,False,False,False,False,False
Catholic Healthcare St Mary's Retirement Village | Catholic Healthcare Limited,Catholic Healthcare St Mary's Retirement Village,NSW,Not for Profit,Small,5.0,0.47896620723480615,0.2591403770756181,0.21982583015918805,Aligned,False,4.0,5.0,False,False,False,False,False,False
Catholic Healthcare St John's Villa | Catholic Healthcare Limited,Catholic Healthcare St John's Villa,NSW,Not for Profit,Small,4.0,0.02789135147052894,0.0435760823187199,-0.01568473084819096,Aligned,False,3.0,5.0,False,False,False,False,False,False
Woodlands Lodge | United Protestant Association of NSW Limited,Woodlands Lodge,NSW,Not for Profit,Medium,4.0,-0.03812532558198648,0.0435760823187199,-0.08170140790070637,Aligned,False,3.0,5.0,False,False,False,False,False,False
RFBI Lakemba Masonic Village | Royal Freemasons' Benevolent Institution,RFBI Lakemba Masonic Village,NSW,Not for Profit,Small,4.0,0.028158038565707394,0.0435760823187199,-0.015418043753012506,Aligned,False,4.0,4.0,False,False,False,False,False,False
Teloca House Hostel | RSL LifeCare Limited,Teloca House Hostel,NSW,Not for Profit,Small,4.0,0.2277915300254568,0.0435760823187199,0.1842154477067369,Aligned,False,4.0,5.0,False,False,False,True,False,False
Catholic Healthcare Coolamon Villa | Catholic Healthcare Limited,Catholic Healthcare Coolamon Villa,NSW,Not for Profit,Small,4.0,0.5209606561781294,0.0435760823187199,0.47738457385940947,Potentially under-rated,False,3.0,5.0,False,False,False,False,False,False
Glaica House | Great Lakes Aged & Invalid Care Association Ltd,Glaica House,NSW,Not for Profit,Large,4.0,0.4755786144889042,0.0435760823187199,0.4320025321701843,Aligned,False,4.0,5.0,False,False,False,True,False,False
Anglicare Lemongrove Gardens | Anglican Community Services,Anglicare Lemongrove Gardens,NSW,Not for Profit,Small,4.0,0.8058791646543598,0.0435760823187199,0.7623030823356399,Potentially under-rated,False,5.0,5.0,False,False,False,False,False,False
Haydays Retirement Hostel | HAY SENIOR CITIZENS ASSOCIATION INC,Haydays Retirement Hostel,NSW,Not for Profit,Small,4.0,-0.11170110339788662,0.0435760823187199,-0.15527718571660654,Aligned,False,4.0,5.0,False,False,False,False,False,False
Bilyara Hostel | Cowra Retirement Village Ltd,Bilyara Hostel,NSW,Not for Profit,Medium,4.0,-0.5822697133307378,0.0435760823187199,-0.6258457956494577,Potentially over-rated,False,3.0,5.0,False,False,False,False,False,False
Bracken House Dubbo | United Protestant Association of NSW Limited,Bracken House Dubbo,NSW,Not for Profit,Medium,5.0,-0.18015389157967365,0.2591403770756181,-0.43929426865529175,Aligned,False,3.0,5.0,False,False,False,False,False,False
Cooee Lodge | Gilgandra Council,Cooee Lodge,NSW,Government,Small,5.0,0.034244318380356076,0.2591403770756181,-0.22489605869526202,Aligned,False,5.0,4.0,False,False,False,False,False,False
St Agnes Site | St Agnes' Care & Lifestyle,St Agnes Site,NSW,Not for Profit,Large,4.0,0.04573310012278253,0.0435760823187199,0.002157017804062633,Aligned,False,3.0,5.0,True,False,False,False,False,False
Whiddon Narrabri Robert Young | The Frank Whiddon Masonic Homes of New South Wales,Whiddon Narrabri Robert Young,NSW,Not for Profit,Small,4.0,-0.03571469270995838,0.0435760823187199,-0.07929077502867829,Aligned,False,3.0,5.0,False,False,False,False,False,False
Whiddon Belmont | The Frank Whiddon Masonic Homes of New South Wales,Whiddon Belmont,NSW,Not for Profit,Small,4.0,0.10041100902170336,0.0435760823187199,0.05683492670298346,Aligned,False,3.0,5.0,False,False,False,False,False,False
Uralba Retirement Village | Burswood Care Pty Ltd,Uralba Retirement Village,NSW,Private for Profit,Small,4.0,0.10799834905032324,0.0435760823187199,0.06442226673160334,Aligned,False,3.0,4.0,False,False,False,False,False,False
Borella House | The Churches of Christ Property Trust,Borella House,NSW,Not for Profit,Medium,4.0,0.45057387115519476,0.0435760823187199,0.40699778883647486,Aligned,False,4.0,5.0,False,False,False,False,False,False
Uniting Hawkesbury Richmond | The Uniting Church in Australia Property Trust (NSW),Uniting Hawkesbury Richmond,NSW,Not for Profit,Large,4.0,0.018912402109339883,0.0435760823187199,-0.024663680209380017,Aligned,False,3.0,5.0,False,True,False,False,False,False
Maranatha House | Maranatha House,Maranatha House,NSW,Not for Profit,Medium,3.0,1.0049449977831886,-0.1719882124381784,1.176933210221367,Potentially under-rated,False,5.0,4.0,False,False,False,True,False,True
Bolton Clarke Winders Lodge | RSL Care RDNS Limited,Bolton Clarke Winders Lodge,NSW,Not for Profit,Small,4.0,0.03898679720840139,0.0435760823187199,-0.00458928511031851,Aligned,False,3.0,5.0,False,False,False,False,False,False
Anglican Care Storm Village | Anglican Care,Anglican Care Storm Village,NSW,Not for Profit,Medium,3.0,-0.20672810861523705,-0.1719882124381784,-0.03473989617705864,Aligned,False,2.0,4.0,False,False,True,False,False,False
Uniting Banks Lodge Peakhurst | The Uniting Church in Australia Property Trust (NSW),Uniting Banks Lodge Peakhurst,NSW,Not for Profit,Large,3.0,-0.015811930915102024,-0.1719882124381784,0.1561762815230764,Aligned,False,2.0,5.0,False,True,True,False,False,False
Estia Health Norah Head | Estia Investments Pty Ltd,Estia Health Norah Head,NSW,Private for Profit,Small,4.0,0.3768701226723823,0.0435760823187199,0.3332940403536624,Aligned,False,4.0,4.0,False,False,False,False,False,False
Anglican Care McIntosh Court | Anglican Care,Anglican Care McIntosh Court,NSW,Not for Profit,Medium,4.0,0.25783047158133093,0.0435760823187199,0.21425438926261103,Aligned,False,3.0,5.0,False,False,False,False,False,False
Stella Maris Aged Care Facility | Stella Maris Aged Care Facility,Stella Maris Aged Care Facility,NSW,Not for Profit,Medium,4.0,0.36907305743406355,0.0435760823187199,0.32549697511534365,Aligned,False,5.0,5.0,False,True,False,False,False,False
Whiddon Glenfield Arthur Webb Court | The Frank Whiddon Masonic Homes of New South Wales,Whiddon Glenfield Arthur Webb Court,NSW,Not for Profit,Small,4.0,0.13980454314484883,0.0435760823187199,0.09622846082612893,Aligned,False,4.0,5.0,False,False,False,True,False,False
Whiddon Glenfield Easton Park | The Frank Whiddon Masonic Homes of New South Wales,Whiddon Glenfield Easton Park,NSW,Not for Profit,Large,4.0,-0.1348197936759222,0.0435760823187199,-0.1783958759946421,Aligned,False,2.0,5.0,False,True,True,False,False,False
Murray Vale Shalem Hostel | United Protestant Association of NSW Limited,Murray Vale Shalem Hostel,NSW,Not for Profit,Small,4.0,0.20103725543133902,0.0435760823187199,0.15746117311261912,Aligned,False,4.0,5.0,False,False,False,False,False,False
Oolong Hostel | United Protestant Association of NSW Limited,Oolong Hostel,NSW,Not for Profit,Small,5.0,0.023672911506549894,0.2591403770756181,-0.2354674655690682,Aligned,False,4.0,5.0,False,False,False,False,False,False
Catholic Healthcare Percy Miles Villa | Catholic Healthcare Limited,Catholic Healthcare Percy Miles Villa,NSW,Not for Profit,Small,4.0,0.39409611255361954,0.0435760823187199,0.35052003023489964,Aligned,False,4.0,5.0,False,False,False,False,False,False
BaptistCare Warena Centre | BaptistCare,BaptistCare Warena Centre,NSW,Not for Profit,Large,4.0,0.45081905069161526,0.0435760823187199,0.40724296837289536,Aligned,False,3.0,5.0,False,False,False,False,False,False
BaptistCare Kularoo Centre | BaptistCare,BaptistCare Kularoo Centre,NSW,Not for Profit,Large,4.0,0.09263186203670278,0.0435760823187199,0.049055779717982875,Aligned,False,3.0,5.0,False,False,False,False,False,False
Uniting Thomas Roseby Lodge Marrickville | The Uniting Church in Australia Property Trust (NSW),Uniting Thomas Roseby Lodge Marrickville,NSW,Not for Profit,Small,4.0,0.4956989738946902,0.0435760823187199,0.4521228915759703,Aligned,False,3.0,5.0,False,False,False,False,False,False
RFBI Coffs Harbour Masonic Village | Royal Freemasons' Benevolent Institution,RFBI Coffs Harbour Masonic Village,NSW,Not for Profit,Small,4.0,-0.43727091409091895,0.0435760823187199,-0.48084699640963885,Potentially over-rated,False,2.0,5.0,False,False,True,False,False,False
Dougherty Villa | Clarence Village Limited,Dougherty Villa,NSW,Not for Profit,Medium,4.0,0.09995823786733367,0.0435760823187199,0.05638215554861377,Aligned,False,4.0,5.0,False,False,False,True,False,False
Catholic Healthcare St Joseph's Aged Care | Catholic Healthcare Limited,Catholic Healthcare St Joseph's Aged Care,NSW,Not for Profit,Large,4.0,-0.07219030081727609,0.0435760823187199,-0.11576638313599599,Aligned,False,3.0,5.0,False,False,False,False,False,False
Catholic Healthcare The Sister Anne Court Aged Care | Catholic Healthcare Limited,Catholic Healthcare The Sister Anne Court Aged Care,NSW,Not for Profit,Medium,4.0,-0.515976744560787,0.0435760823187199,-0.5595528268795069,Potentially over-rated,False,2.0,5.0,True,False,True,False,False,False
Woollahra Montefiore Home | The Sir Moses Montefiore Jewish Home,Woollahra Montefiore Home,NSW,Not for Profit,Small,4.0,0.6017858648143282,0.0435760823187199,0.5582097824956083,Potentially under-rated,False,5.0,5.0,False,False,False,False,False,False
Catholic Healthcare Emmaus Village | Catholic Healthcare Limited,Catholic Healthcare Emmaus Village,NSW,Not for Profit,Medium,4.0,-0.06962980619296923,0.0435760823187199,-0.11320588851168913,Aligned,False,3.0,4.0,False,False,False,False,False,False
Southern Cross Care Parkes Residential Aged Care | Southern Cross Care (NSW & ACT) Limited,Southern Cross Care Parkes Residential Aged Care,NSW,Not for Profit,Small,4.0,0.3199006538678702,0.0435760823187199,0.2763245715491503,Aligned,False,4.0,5.0,False,False,False,False,False,False
RFBI Bathurst Masonic Village | Royal Freemasons' Benevolent Institution,RFBI Bathurst Masonic Village,NSW,Not for Profit,Small,4.0,0.2699519738490719,0.0435760823187199,0.22637589153035198,Aligned,False,4.0,5.0,False,False,False,True,False,False
Whiddon Kelso | The Frank Whiddon Masonic Homes of New South Wales,Whiddon Kelso,NSW,Not for Profit,Large,3.0,-0.3082592250105171,-0.1719882124381784,-0.1362710125723387,Aligned,False,1.0,4.0,False,False,True,False,False,False
Naroo Frail Aged Hostel | Gwydir Shire Council,Naroo Frail Aged Hostel,NSW,Government,Small,4.0,0.5976796220490758,0.0435760823187199,0.5541035397303559,Potentially under-rated,False,5.0,5.0,False,False,False,True,False,False
St Vincent's Care Services Edgecliff | St Vincent's Care Services Ltd,St Vincent's Care Services Edgecliff,NSW,Not for Profit,Small,5.0,0.6042094678880497,0.2591403770756181,0.34506909081243164,Aligned,False,4.0,5.0,False,False,False,False,False,False
Wenonah Lodge | Gulgong Hostel Association Inc,Wenonah Lodge,NSW,Not for Profit,Small,5.0,0.5232620296613043,0.2591403770756181,0.2641216525856862,Aligned,False,5.0,5.0,False,False,False,False,False,False
Uniting Autumn Lodge Glass Street | The Uniting Church in Australia Property Trust (NSW),Uniting Autumn Lodge Glass Street,NSW,Not for Profit,Small,4.0,-0.514920484608554,0.0435760823187199,-0.5584965669272739,Potentially over-rated,False,2.0,5.0,False,True,True,False,False,False
Feros Village Wommin Bay | Wommin Bay Hostels Ltd,Feros Village Wommin Bay,NSW,Not for Profit,Medium,4.0,0.5403523633977059,0.0435760823187199,0.49677628107898597,Potentially under-rated,False,5.0,5.0,False,False,False,False,False,False
Woodhaven | Respect Group Limited,Woodhaven,NSW,Not for Profit,Small,5.0,0.6088487011045074,0.2591403770756181,0.3497083240288893,Aligned,False,5.0,5.0,False,False,False,False,False,False
Dougherty Apartments | Dougherty Apartments Retirement Housing Project,Dougherty Apartments,NSW,Not for Profit,Medium,4.0,-0.9650061040876151,0.0435760823187199,-1.008582186406335,Potentially over-rated,False,1.0,5.0,False,False,True,False,False,False
Whiddon Laurieton | The Frank Whiddon Masonic Homes of New South Wales,Whiddon Laurieton,NSW,Not for Profit,Small,4.0,0.45427108281841483,0.0435760823187199,0.41069500049969493,Aligned,False,4.0,5.0,False,False,False,False,False,False
Stroud Community Lodge | Stroud Community Care Ltd,Stroud Community Lodge,NSW,Not for Profit,Small,4.0,-0.9156691692730249,0.0435760823187199,-0.9592452515917448,Potentially over-rated,False,3.0,4.0,False,False,False,False,False,False
Timbrebongie House | Timbrebongie House Limited,Timbrebongie House,NSW,Not for Profit,Small,5.0,0.07805123406592522,0.2591403770756181,-0.18108914300969287,Aligned,False,4.0,4.0,False,False,False,False,False,False
Uralba Hostel | Gundagai and District Hostel Accommodation Inc,Uralba Hostel,NSW,Not for Profit,Small,4.0,-1.3920576720498479,0.0435760823187199,-1.4356337543685678,Potentially over-rated,True,3.0,4.0,False,False,False,False,False,False
Catholic Healthcare Lewisham Retirement Hostel | Catholic Healthcare Limited,Catholic Healthcare Lewisham Retirement Hostel,NSW,Not for Profit,Small,5.0,0.9376966311419523,0.2591403770756181,0.6785562540663342,Potentially under-rated,False,5.0,5.0,False,False,False,False,False,False
The Greek Community Home For The Aged | The Greek Orthodox Community of New South Wales Ltd,The Greek Community Home For The Aged,NSW,Not for Profit,Small,4.0,1.0713352271528802,0.0435760823187199,1.0277591448341603,Potentially under-rated,False,5.0,5.0,False,False,False,False,False,False
IRT Thomas Holt Sans Souci Gardens | Illawarra Retirement Trust,IRT Thomas Holt Sans Souci Gardens,NSW,Not for Profit,Small,4.0,0.8686644524549317,0.0435760823187199,0.8250883701362118,Potentially under-rated,False,5.0,5.0,True,False,False,False,False,False
BaptistCare Dorothy Henderson Lodge | BaptistCare,BaptistCare Dorothy Henderson Lodge,NSW,Not for Profit,Medium,4.0,-0.29162554985818523,0.0435760823187199,-0.33520163217690513,Aligned,False,2.0,5.0,False,False,True,False,False,False
Warrigal Care Albion Park Rail | Warrigal Care Limited,Warrigal Care Albion Park Rail,NSW,Not for Profit,Large,4.0,0.0568774806283292,0.0435760823187199,0.013301398309609302,Aligned,False,3.0,4.0,False,False,False,False,False,False
Whiddon Redhead | The Frank Whiddon Masonic Homes of New South Wales,Whiddon Redhead,NSW,Not for Profit,Large,4.0,-0.31331036625686054,0.0435760823187199,-0.35688644857558044,Aligned,False,2.0,5.0,False,False,False,False,False,False
RFBI Hawkins Masonic Village - Acacia House | Royal Freemasons' Benevolent Institution,RFBI Hawkins Masonic Village - Acacia House,NSW,Not for Profit,Medium,3.0,0.26019678027829546,-0.1719882124381784,0.43218499271647387,Aligned,False,3.0,5.0,False,False,False,False,False,False
Whiddon Weeronga | The Frank Whiddon Masonic Homes of New South Wales,Whiddon Weeronga,NSW,Not for Profit,Small,4.0,-0.2606179952677418,0.0435760823187199,-0.3041940775864617,Aligned,False,3.0,5.0,False,True,False,False,False,False
Prunus Lodge | United Protestant Association of NSW Limited,Prunus Lodge,NSW,Not for Profit,Small,4.0,-0.04154964674156652,0.0435760823187199,-0.08512572906028643,Aligned,False,3.0,4.0,False,False,False,False,False,False
St Vincent's Care Services Haberfield | St Vincent's Care Services Ltd,St Vincent's Care Services Haberfield,NSW,Not for Profit,Small,4.0,0.32513348562311994,0.0435760823187199,0.28155740330440004,Aligned,False,4.0,5.0,True,False,False,False,False,False
Edward River Gardens | Moulamein Retirement Village Inc,Edward River Gardens,NSW,Not for Profit,Small,4.0,0.1403926670265592,0.0435760823187199,0.0968165847078393,Aligned,False,3.0,4.0,False,False,False,False,False,False
RFBI Glen Innes Masonic Village | Royal Freemasons' Benevolent Institution,RFBI Glen Innes Masonic Village,NSW,Not for Profit,Small,3.0,0.5202723253150529,-0.1719882124381784,0.6922605377532313,Potentially under-rated,False,5.0,5.0,False,False,False,True,False,False
Allawah Lodge | Coolamon Shire Council,Allawah Lodge,NSW,Government,Small,5.0,0.2831264856759145,0.2591403770756181,0.023986108600296374,Aligned,False,4.0,5.0,False,False,False,False,False,False
Millrace Hostel | APOLLO CARE OPERATIONS PTY LIMITED,Millrace Hostel,NSW,Private for Profit,Small,4.0,-0.4447145099748777,0.0435760823187199,-0.4882905922935976,Potentially over-rated,False,3.0,4.0,False,False,False,False,False,False
Woolgoolga Aged Care Centre | Woolgoolga and District Retirement Village Ltd,Woolgoolga Aged Care Centre,NSW,Not for Profit,Small,3.0,0.2297547893570575,-0.1719882124381784,0.4017430017952359,Aligned,False,3.0,5.0,False,False,False,False,False,False
Vietnam Veterans Keith Payne VC Hostel | Alino Living,Vietnam Veterans Keith Payne VC Hostel,NSW,Not for Profit,Medium,3.0,-0.6458035892160039,-0.1719882124381784,-0.4738153767778255,Potentially over-rated,False,1.0,5.0,False,False,False,False,False,False
Holbrook Hostel | United Protestant Association of NSW Limited,Holbrook Hostel,NSW,Not for Profit,Small,5.0,0.16810006719508955,0.2591403770756181,-0.09104030988052855,Aligned,False,5.0,5.0,False,False,False,False,False,False
Murray House | Murray House Wentworth Aged Care Ltd,Murray House,NSW,Not for Profit,Medium,4.0,0.15743328713764812,0.0435760823187199,0.11385720481892822,Aligned,False,4.0,3.0,False,False,False,False,False,False
Myoora Homestead Hostel | United Protestant Association of NSW Limited,Myoora Homestead Hostel,NSW,Not for Profit,Small,5.0,0.7015990357622935,0.2591403770756181,0.44245865868667544,Aligned,False,5.0,5.0,False,False,False,False,False,False
Mountain View Lodge | Northern Coalfields Community Care Association Ltd,Mountain View Lodge,NSW,Not for Profit,Small,4.0,0.08468792274013133,0.0435760823187199,0.04111184042141143,Aligned,False,3.0,5.0,False,False,False,False,False,False
Jacaranda Grove | Northern Coalfields Community Care Association Ltd,Jacaranda Grove,NSW,Not for Profit,Medium,4.0,-0.42277069297748504,0.0435760823187199,-0.46634677529620494,Potentially over-rated,False,3.0,5.0,False,False,False,False,False,False
Killarney Court Aged Care Facility | Alino Living,Killarney Court Aged Care Facility,NSW,Not for Profit,Medium,3.0,-0.6583511180261666,-0.1719882124381784,-0.4863629055879882,Potentially over-rated,False,2.0,5.0,True,False,True,False,False,False
Willoughby Retirement Community Hostel | Willoughby Retirement Community Association,Willoughby Retirement Community Hostel,NSW,Not for Profit,Small,5.0,0.1988273508074232,0.2591403770756181,-0.0603130262681949,Aligned,False,4.0,5.0,False,False,False,False,False,False
Ada Cottage | RSL LifeCare Limited,Ada Cottage,NSW,Not for Profit,Small,5.0,-0.2058890880045493,0.2591403770756181,-0.4650294650801674,Potentially over-rated,False,3.0,5.0,False,False,False,False,False,False
Peter Sinclair Gardens | RSL LifeCare Limited,Peter Sinclair Gardens,NSW,Not for Profit,Medium,4.0,-0.858472218548633,0.0435760823187199,-0.9020483008673529,Potentially over-rated,False,1.0,5.0,False,False,True,False,False,False
Warrigal Multi-Cultural Village | Warrigal Care Limited,Warrigal Multi-Cultural Village,NSW,Not for Profit,Medium,4.0,-0.8986631182748567,0.0435760823187199,-0.9422392005935766,Potentially over-rated,False,1.0,5.0,False,False,True,False,False,False
Lee Roshana Care | Burswood Care Pty Ltd,Lee Roshana Care,NSW,Private for Profit,Small,4.0,-1.1840346487671953,0.0435760823187199,-1.2276107310859152,Potentially over-rated,False,3.0,4.0,False,False,False,False,False,False
Lachlan Lodge | LACHLAN LODGE INCORPORATED,Lachlan Lodge,NSW,Not for Profit,Small,4.0,-1.4078753535898276,0.0435760823187199,-1.4514514359085475,Potentially over-rated,True,4.0,4.0,False,False,False,True,False,False
Uniting Nareen Gardens Lodge Bateau Bay | The Uniting Church in Australia Property Trust (NSW),Uniting Nareen Gardens Lodge Bateau Bay,NSW,Not for Profit,Small,4.0,-1.1475229321988,0.0435760823187199,-1.19109901451752,Potentially over-rated,False,2.0,5.0,False,False,True,False,False,False
Murravale Aged Care Facility | Murravale Retirement Home Ltd,Murravale Aged Care Facility,NSW,Not for Profit,Small,4.0,0.7055076327541143,0.0435760823187199,0.6619315504353944,Potentially under-rated,False,5.0,4.0,False,False,False,False,False,False
Banksia Lodge | Banksia Villages Ltd,Banksia Lodge,NSW,Not for Profit,Medium,4.0,0.5530682974961451,0.0435760823187199,0.5094922151774252,Potentially under-rated,False,4.0,5.0,False,False,False,False,False,False
Clelland Lodge | The Churches of Christ Property Trust,Clelland Lodge,NSW,Not for Profit,Large,4.0,-0.4643813233807294,0.0435760823187199,-0.5079574056994494,Potentially over-rated,False,2.0,5.0,False,False,True,False,False,False
Inasmuch Community Hostel | Inasmuch Community Limited,Inasmuch Community Hostel,NSW,Not for Profit,Medium,4.0,0.025351929649623444,0.0435760823187199,-0.018224152669096456,Aligned,False,4.0,5.0,False,False,False,False,False,False
Whiddon Largs | The Frank Whiddon Masonic Homes of New South Wales,Whiddon Largs,NSW,Not for Profit,Small,4.0,-0.6599014270710858,0.0435760823187199,-0.7034775093898057,Potentially over-rated,False,2.0,5.0,False,False,True,False,False,False
Remembrance Village | RSL LifeCare Limited,Remembrance Village,NSW,Not for Profit,Medium,4.0,-0.4318646718243635,0.0435760823187199,-0.4754407541430834,Potentially over-rated,False,2.0,5.0,False,False,True,False,False,False
Bolton Clarke Riverwood | RSL Care RDNS Limited,Bolton Clarke Riverwood,NSW,Not for Profit,Small,4.0,1.192948968352611,0.0435760823187199,1.1493728860338912,Potentially under-rated,False,5.0,5.0,False,False,False,False,False,False
IRT Moruya | Illawarra Retirement Trust,IRT Moruya,NSW,Not for Profit,Small,4.0,0.4469037370128215,0.0435760823187199,0.4033276546941016,Aligned,False,5.0,5.0,False,False,False,False,False,False
IRT St Georges Basin | Illawarra Retirement Trust,IRT St Georges Basin,NSW,Not for Profit,Medium,3.0,-0.6279761522252402,-0.1719882124381784,-0.45598793978706176,Aligned,False,1.0,5.0,False,False,False,False,False,False
Sunhaven Hostel | Ashford Ageing Care Facility Inc,Sunhaven Hostel,NSW,Not for Profit,Small,4.0,-0.13564974008636843,0.0435760823187199,-0.17922582240508833,Aligned,False,5.0,5.0,False,False,False,True,False,False
Uniting Bernard Austin Lodge Liverpool | The Uniting Church in Australia Property Trust (NSW),Uniting Bernard Austin Lodge Liverpool,NSW,Not for Profit,Small,4.0,0.21106633955733897,0.0435760823187199,0.16749025723861907,Aligned,False,3.0,5.0,False,False,False,False,False,False
RFBI Moonbi Masonic Village - Jim Holm | Royal Freemasons' Benevolent Institution,RFBI Moonbi Masonic Village - Jim Holm,NSW,Not for Profit,Medium,3.0,0.06352048502684349,-0.1719882124381784,0.2355086974650219,Aligned,False,3.0,5.0,False,False,False,False,False,False
Yallambee Lodge | Respect Group Limited,Yallambee Lodge,NSW,Not for Profit,Small,4.0,0.2577870291023106,0.0435760823187199,0.2142109467835907,Aligned,False,4.0,4.0,False,False,False,False,False,False
McLean Care Mackellar Alkira Campus | McLean Care Ltd,McLean Care Mackellar Alkira Campus,NSW,Not for Profit,Small,4.0,-0.5795630238270841,0.0435760823187199,-0.623139106145804,Potentially over-rated,False,3.0,5.0,False,False,False,False,False,False
Abel Tasman Village | The Abel Tasman Village Association Ltd,Abel Tasman Village,NSW,Not for Profit,Medium,4.0,-0.45536828261987145,0.0435760823187199,-0.49894436493859134,Potentially over-rated,False,1.0,5.0,False,False,True,False,False,False
Heiden Park Lodge | United Protestant Association of NSW Limited,Heiden Park Lodge,NSW,Not for Profit,Medium,4.0,0.012073910342024393,0.0435760823187199,-0.031502171976695505,Aligned,False,3.0,5.0,False,False,False,False,False,False
Kolora Aged Care | McLean Care Ltd,Kolora Aged Care,NSW,Not for Profit,Small,3.0,-0.5376248854596266,-0.1719882124381784,-0.3656366730214482,Aligned,False,3.0,5.0,False,False,False,False,False,False
McMaugh Gardens Hostel | Uralla Shire Council,McMaugh Gardens Hostel,NSW,Government,Small,5.0,-0.23523042006530318,0.2591403770756181,-0.49437079714092125,Potentially over-rated,False,4.0,5.0,False,False,False,False,False,False
Apsley Riverview | Walcha Council,Apsley Riverview,NSW,Government,Small,4.0,0.017940645718070303,0.0435760823187199,-0.025635436600649597,Aligned,False,3.0,4.0,False,False,False,False,False,False
Whiddon Bourke | The Frank Whiddon Masonic Homes of New South Wales,Whiddon Bourke,NSW,Not for Profit,Small,5.0,1.0210757886636255,0.2591403770756181,0.7619354115880074,Potentially under-rated,False,5.0,5.0,False,False,False,False,False,False
ACDMA Aged Care Services | Australian Chinese & Descendants Mutual Association Ltd,ACDMA Aged Care Services,NSW,Not for Profit,Medium,4.0,0.5072090642827525,0.0435760823187199,0.4636329819640326,Potentially under-rated,False,4.0,4.0,False,False,False,False,False,False
Residential Gardens | Residential Gardens For Spanish Speaking Frail Aged Limited,Residential Gardens,NSW,Not for Profit,Medium,3.0,-0.21750573072923549,-0.1719882124381784,-0.045517518291057074,Aligned,False,2.0,4.0,False,False,False,False,False,False
Rose Mumbler Village | Illaroo Co-operative Aboriginal Corporation,Rose Mumbler Village,NSW,Not for Profit,Small,4.0,-0.8406243722398489,0.0435760823187199,-0.8842004545585688,Potentially over-rated,False,3.0,5.0,False,False,False,False,False,False
HammondCare Waratah | HammondCare,HammondCare Waratah,NSW,Not for Profit,Large,3.0,-0.3332295080293946,-0.1719882124381784,-0.1612412955912162,Aligned,False,1.0,4.0,False,False,True,False,False,False
Cardinal Stepinac Village | Australian-Croatian Cardinal Stepinac Association Limited,Cardinal Stepinac Village,NSW,Not for Profit,Large,4.0,0.6025612358996243,0.0435760823187199,0.5589851535809044,Potentially under-rated,False,4.0,5.0,False,False,False,False,False,False
Alton Lodge | Seventh-day Adventist Aged Care (North New South Wales) Ltd,Alton Lodge,NSW,Not for Profit,Small,4.0,0.36090917420667684,0.0435760823187199,0.31733309188795694,Aligned,False,5.0,5.0,False,False,False,False,False,False
St Simeon Village | Serbian Orthodox Diocese Aged Care and Education Property Fund,St Simeon Village,NSW,Not for Profit,Small,4.0,1.1977791790596646,0.0435760823187199,1.1542030967409447,Potentially under-rated,False,5.0,5.0,False,False,False,False,False,False
Catholic Healthcare St Francis Aged Care | Catholic Healthcare Limited,Catholic Healthcare St Francis Aged Care,NSW,Not for Profit,Small,4.0,-0.03973340057127781,0.0435760823187199,-0.0833094828899977,Aligned,False,,5.0,False,False,False,False,False,False
Catholic Healthcare St Francis Aged Care | Catholic Healthcare Limited,Catholic Healthcare St Francis Aged Care,NSW,Not for Profit,Small,4.0,-0.03973340057127781,0.0435760823187199,-0.0833094828899977,Aligned,False,3.0,5.0,False,False,False,False,False,False
Uniting Berrigan | The Uniting Church in Australia Property Trust (NSW),Uniting Berrigan,NSW,Not for Profit,Small,4.0,-0.4984577104748216,0.0435760823187199,-0.5420337927935415,Potentially over-rated,False,3.0,4.0,False,False,False,False,False,False
Uniting Illowra Waverley | The Uniting Church in Australia Property Trust (NSW),Uniting Illowra Waverley,NSW,Not for Profit,Small,4.0,0.6137231298697027,0.0435760823187199,0.5701470475509828,Potentially under-rated,False,4.0,5.0,False,False,False,False,False,False
Uniting Alblas Lodge Tamworth | The Uniting Church in Australia Property Trust (NSW),Uniting Alblas Lodge Tamworth,NSW,Not for Profit,Small,3.0,-0.2533782487877824,-0.1719882124381784,-0.08139003634960401,Aligned,False,3.0,5.0,False,True,False,False,False,False
Uniting Mullauna Blacktown | The Uniting Church in Australia Property Trust (NSW),Uniting Mullauna Blacktown,NSW,Not for Profit,Medium,4.0,0.18140636676864583,0.0435760823187199,0.13783028444992593,Aligned,False,3.0,5.0,True,False,False,False,False,False
Southern Cross Care St Francis Residential Aged Care | Southern Cross Care (NSW & ACT) Limited,Southern Cross Care St Francis Residential Aged Care,NSW,Not for Profit,Small,4.0,0.49841507194165274,0.0435760823187199,0.45483898962293284,Aligned,False,5.0,5.0,False,True,False,False,False,False
Fitzgerald Memorial Aged Care Facility Limited | Fitzgerald Memorial Aged Care Facility Limited,Fitzgerald Memorial Aged Care Facility Limited,NSW,Not for Profit,Small,4.0,-0.08165277524446533,0.0435760823187199,-0.12522885756318525,Aligned,False,3.0,5.0,False,False,False,False,False,False
Charingfield | APOLLO CARE OPERATIONS PTY LIMITED,Charingfield,NSW,Private for Profit,Small,4.0,0.2939195860042968,0.0435760823187199,0.2503435036855769,Aligned,False,4.0,5.0,False,True,False,True,False,False
Uniting Gerringong | The Uniting Church in Australia Property Trust (NSW),Uniting Gerringong,NSW,Not for Profit,Large,4.0,-0.3147811908321711,0.0435760823187199,-0.358357273150891,Aligned,False,2.0,5.0,False,False,True,False,False,False
Cypress View Lodge | Cypress View Lodge Limited,Cypress View Lodge,NSW,Not for Profit,Small,4.0,0.22435280154729098,0.0435760823187199,0.18077671922857108,Aligned,False,3.0,5.0,False,False,False,False,False,False
IRT Peakhurst | Illawarra Retirement Trust,IRT Peakhurst,NSW,Not for Profit,Medium,4.0,0.33378625071567974,0.0435760823187199,0.29021016839695984,Aligned,False,3.0,5.0,False,False,False,False,False,False
RFBI Kurri Kurri Masonic Village | Royal Freemasons' Benevolent Institution,RFBI Kurri Kurri Masonic Village,NSW,Not for Profit,Medium,4.0,-0.20449814856895976,0.0435760823187199,-0.24807423088767966,Aligned,False,3.0,5.0,False,False,False,False,False,False
Allambie Heights Village Residential Aged Care Facility | Allambie Heights Village Ltd,Allambie Heights Village Residential Aged Care Facility,NSW,Not for Profit,Small,4.0,0.9335163555669284,0.0435760823187199,0.8899402732482085,Potentially under-rated,False,5.0,5.0,False,False,False,False,False,False
Uniting Caroona Yamba | The Uniting Church in Australia Property Trust (NSW),Uniting Caroona Yamba,NSW,Not for Profit,Medium,4.0,-0.20382104408510918,0.0435760823187199,-0.24739712640382908,Aligned,False,3.0,5.0,False,False,False,False,False,False
Southern Cross Care Daceyville Residential Aged Care | Southern Cross Care (NSW & ACT) Limited,Southern Cross Care Daceyville Residential Aged Care,NSW,Not for Profit,Small,4.0,0.5283725291735551,0.0435760823187199,0.48479644685483525,Potentially under-rated,False,4.0,5.0,False,False,False,False,False,False
St Vincent's Care Services Yennora | St Vincent's Care Services Ltd,St Vincent's Care Services Yennora,NSW,Not for Profit,Large,4.0,0.47742384686454714,0.0435760823187199,0.43384776454582724,Aligned,False,3.0,5.0,False,False,False,False,False,False
Southern Cross Care Assumption Villa Residential Aged Care | Southern Cross Care (NSW & ACT) Limited,Southern Cross Care Assumption Villa Residential Aged Care,NSW,Not for Profit,Small,4.0,0.23418794397398227,0.0435760823187199,0.19061186165526237,Aligned,False,4.0,5.0,False,False,False,False,False,False
Mary Mackillop Hostel Carrington Retirement Village | Carrington Centennial Care Limited,Mary Mackillop Hostel Carrington Retirement Village,NSW,Not for Profit,Medium,4.0,0.23925782289722441,0.0435760823187199,0.19568174057850451,Aligned,False,3.0,5.0,False,False,False,False,False,False
Anglicare Mary Andrews Village | Anglican Community Services,Anglicare Mary Andrews Village,NSW,Not for Profit,Small,4.0,0.5110023415828282,0.0435760823187199,0.4674262592641083,Potentially under-rated,False,4.0,5.0,False,True,False,False,False,False
RFBI Berry Masonic Village | Royal Freemasons' Benevolent Institution,RFBI Berry Masonic Village,NSW,Not for Profit,Small,4.0,-0.23184787862705236,0.0435760823187199,-0.27542396094577226,Aligned,False,3.0,5.0,False,False,False,False,False,False
Evergreen Lodge | Evergreen Life Care Limited,Evergreen Lodge,NSW,Not for Profit,Medium,4.0,0.08347587660367695,0.0435760823187199,0.039899794284957046,Aligned,False,3.0,5.0,False,False,False,False,False,False
IRT William Beach Gardens | Illawarra Retirement Trust,IRT William Beach Gardens,NSW,Not for Profit,Large,4.0,-0.3324171485493259,0.0435760823187199,-0.3759932308680458,Aligned,False,2.0,5.0,False,False,True,False,False,False
Bolton Clarke Macquarie View - Bolton Point | RSL Care RDNS Limited,Bolton Clarke Macquarie View - Bolton Point,NSW,Not for Profit,Small,5.0,0.3238221836551144,0.2591403770756181,0.06468180657949629,Aligned,False,4.0,5.0,False,False,False,False,False,False
Richmond Lodge | United Protestant Association of NSW Limited,Richmond Lodge,NSW,Not for Profit,Small,4.0,0.09354967199907982,0.0435760823187199,0.04997358968035992,Aligned,False,3.0,5.0,False,False,False,False,False,False
Anglicare Donington Court | Anglican Community Services,Anglicare Donington Court,NSW,Not for Profit,Large,4.0,0.16563715561959672,0.0435760823187199,0.12206107330087682,Aligned,False,3.0,5.0,False,False,False,False,False,False
Elizabeth Jenkins Place Aged Care Plus Centre | The Salvation Army (NSW) Property Trust,Elizabeth Jenkins Place Aged Care Plus Centre,NSW,Not for Profit,Large,4.0,-0.5416805603113374,0.0435760823187199,-0.5852566426300573,Potentially over-rated,False,3.0,5.0,False,False,False,False,False,False
Pacific Lodge Aged Care Plus Centre | The Salvation Army (NSW) Property Trust,Pacific Lodge Aged Care Plus Centre,NSW,Not for Profit,Small,4.0,1.0453708466965534,0.0435760823187199,1.0017947643778335,Potentially under-rated,False,5.0,5.0,False,False,False,False,False,False
Anglicare Roden Cutler Lodge | Anglican Community Services,Anglicare Roden Cutler Lodge,NSW,Not for Profit,Large,4.0,0.21759949951520138,0.0435760823187199,0.17402341719648148,Aligned,False,4.0,5.0,False,False,False,False,False,False
Carpenter Court Aged Care Plus Centre | The Salvation Army (NSW) Property Trust,Carpenter Court Aged Care Plus Centre,NSW,Not for Profit,Small,4.0,0.15418710420633633,0.0435760823187199,0.11061102188761643,Aligned,False,4.0,5.0,False,False,False,False,False,False
Uniting Koombahla Elermore Vale | The Uniting Church in Australia Property Trust (NSW),Uniting Koombahla Elermore Vale,NSW,Not for Profit,Large,4.0,0.2581985860441211,0.0435760823187199,0.2146225037254012,Aligned,False,3.0,5.0,False,False,False,False,False,False
Moran Stockton | Moran Australia (Aged Care Services) Pty Ltd,Moran Stockton,NSW,Private for Profit,Large,3.0,0.36144180579448654,-0.1719882124381784,0.533430018232665,Potentially under-rated,False,3.0,5.0,False,False,False,False,False,True
Southern Cross Care St Joseph's Residential Aged Care | Southern Cross Care (NSW & ACT) Limited,Southern Cross Care St Joseph's Residential Aged Care,NSW,Not for Profit,Medium,4.0,0.13747345057670293,0.0435760823187199,0.09389736825798303,Aligned,False,3.0,5.0,False,False,False,False,False,False
Peninsula Villages Ltd | PENINSULA VILLAGE LIMITED,Peninsula Villages Ltd,NSW,Not for Profit,Large,4.0,0.22657279944504682,0.0435760823187199,0.18299671712632692,Aligned,False,3.0,5.0,False,False,False,False,False,False
RFBI Cessnock Masonic Village | Royal Freemasons' Benevolent Institution,RFBI Cessnock Masonic Village,NSW,Not for Profit,Small,4.0,0.18393811411905836,0.0435760823187199,0.14036203180033846,Aligned,False,4.0,5.0,False,False,False,True,False,False
RFBI Goulburn Masonic Village | Royal Freemasons' Benevolent Institution,RFBI Goulburn Masonic Village,NSW,Not for Profit,Small,4.0,-0.35549766343097616,0.0435760823187199,-0.39907374574969606,Aligned,False,3.0,5.0,False,False,False,False,False,False
Bundaleer Gardens Hostel | APOLLO CARE OPERATIONS PTY LIMITED,Bundaleer Gardens Hostel,NSW,Private for Profit,Medium,3.0,0.5731759311237871,-0.1719882124381784,0.7451641435619655,Potentially under-rated,False,3.0,5.0,False,False,False,False,False,True
Koonambil Aged Care | Koonambil Aged Care Ltd,Koonambil Aged Care,NSW,Not for Profit,Small,4.0,0.22670162560467852,0.0435760823187199,0.18312554328595862,Aligned,False,5.0,5.0,False,False,False,True,False,False
Rathgar Lodge | United Protestant Association of NSW Limited,Rathgar Lodge,NSW,Not for Profit,Small,5.0,0.09726058729121434,0.2591403770756181,-0.16187978978440376,Aligned,False,4.0,5.0,False,False,False,False,False,False
RFBI Lake Haven Masonic Village | Royal Freemasons' Benevolent Institution,RFBI Lake Haven Masonic Village,NSW,Not for Profit,Medium,4.0,0.02512162845179966,0.0435760823187199,-0.01845445386692024,Aligned,False,3.0,5.0,False,False,False,False,False,False
Balranald Retirement Hostel | Balranald Shire Council,Balranald Retirement Hostel,NSW,Government,Small,4.0,-0.28056148049001167,0.0435760823187199,-0.32413756280873157,Aligned,False,3.0,4.0,False,False,False,False,False,False
Catholic Healthcare Maranatha Lodge | Catholic Healthcare Limited,Catholic Healthcare Maranatha Lodge,NSW,Not for Profit,Medium,4.0,0.047095896145748245,0.0435760823187199,0.0035198138270283452,Aligned,False,3.0,5.0,False,False,False,False,False,False
Uniting St Columba's Lane Cove | The Uniting Church in Australia Property Trust (NSW),Uniting St Columba's Lane Cove,NSW,Not for Profit,Small,4.0,-0.7773384930353844,0.0435760823187199,-0.8209145753541043,Potentially over-rated,False,2.0,5.0,False,False,True,False,False,False
Southern Cross Care St Martha's Residential Aged Care | Southern Cross Care (NSW & ACT) Limited,Southern Cross Care St Martha's Residential Aged Care,NSW,Not for Profit,Small,4.0,0.7313724783662173,0.0435760823187199,0.6877963960474974,Potentially under-rated,False,5.0,5.0,False,False,False,False,False,False
Southern Cross Care South Coogee Residential Aged Care | Southern Cross Care (NSW & ACT) Limited,Southern Cross Care South Coogee Residential Aged Care,NSW,Not for Profit,Small,4.0,0.6214885534606539,0.0435760823187199,0.577912471141934,Potentially under-rated,False,4.0,5.0,False,False,False,False,False,False
Glades Bay Gardens | Twilight House,Glades Bay Gardens,NSW,Not for Profit,Small,4.0,0.5003345703572338,0.0435760823187199,0.45675848803851393,Aligned,False,4.0,5.0,False,False,False,False,False,False
Leigh Place | Leigh Place Aged Care,Leigh Place,NSW,Not for Profit,Medium,4.0,0.510431704219206,0.0435760823187199,0.46685562190048613,Potentially under-rated,False,4.0,5.0,False,False,False,False,False,False
Castle Hill Aged Care Home | Elderly Australian Chinese Homes (NSW) Co-operative Limited,Castle Hill Aged Care Home,NSW,Not for Profit,Small,4.0,0.7392528823647001,0.0435760823187199,0.6956768000459802,Potentially under-rated,False,3.0,5.0,False,False,False,False,False,False
Booroongen Djugun Limited | Booroongen Djugun Limited,Booroongen Djugun Limited,NSW,Not for Profit,Small,3.0,-0.561656595577973,-0.1719882124381784,-0.38966838313979457,Aligned,False,1.0,4.0,False,False,True,False,False,False
Uniting Lindsay Gardens Hamilton | The Uniting Church in Australia Property Trust (NSW),Uniting Lindsay Gardens Hamilton,NSW,Not for Profit,Medium,4.0,-0.19425229592590978,0.0435760823187199,-0.23782837824462968,Aligned,False,3.0,5.0,False,False,False,False,False,False
Lara Aged Care | RSL LifeCare Limited,Lara Aged Care,NSW,Not for Profit,Medium,4.0,-0.04412476670916895,0.0435760823187199,-0.08770084902788886,Aligned,False,3.0,5.0,False,False,False,False,False,False
Kanandah Hostel | Kanandah Retirement Ltd,Kanandah Hostel,NSW,Not for Profit,Medium,4.0,0.15398232723421465,0.0435760823187199,0.11040624491549475,Aligned,False,3.0,5.0,False,False,False,False,False,False
Harbison Moss Vale | Harbison Memorial Retirement Village,Harbison Moss Vale,NSW,Not for Profit,Large,4.0,0.4879164567705751,0.0435760823187199,0.4443403744518552,Aligned,False,4.0,5.0,False,False,False,False,False,False
Uniting The Garrison Mosman | The Uniting Church in Australia Property Trust (NSW),Uniting The Garrison Mosman,NSW,Not for Profit,Small,4.0,0.7223931490919978,0.0435760823187199,0.6788170667732779,Potentially under-rated,False,5.0,5.0,True,False,False,False,False,False
Feros Village Bangalow | Feros Care,Feros Village Bangalow,NSW,Not for Profit,Small,3.0,0.2098903512274087,-0.1719882124381784,0.38187856366558715,Aligned,False,4.0,4.0,False,False,False,False,False,False
RFBI West Wyalong Masonic Village | Royal Freemasons' Benevolent Institution,RFBI West Wyalong Masonic Village,NSW,Not for Profit,Medium,4.0,-0.3407132569004137,0.0435760823187199,-0.3842893392191336,Aligned,False,2.0,5.0,False,False,False,False,False,False
Uniting Bankstown | The Uniting Church in Australia Property Trust (NSW),Uniting Bankstown,NSW,Not for Profit,Medium,4.0,0.45105161111441777,0.0435760823187199,0.40747552879569787,Aligned,False,3.0,5.0,True,False,False,False,False,False
Southern Cross Care Nagle Residential Aged Care | Southern Cross Care (NSW & ACT) Limited,Southern Cross Care Nagle Residential Aged Care,NSW,Not for Profit,Small,5.0,0.49322954863742985,0.2591403770756181,0.23408917156181175,Aligned,False,5.0,5.0,False,False,False,False,False,False
Uniting Ronald Coleman Lodge Woollahra | The Uniting Church in Australia Property Trust (NSW),Uniting Ronald Coleman Lodge Woollahra,NSW,Not for Profit,Small,4.0,0.46333389164841615,0.0435760823187199,0.41975780932969625,Aligned,False,5.0,5.0,False,False,False,False,False,False
Anglicare Elizabeth Lodge | Anglican Community Services,Anglicare Elizabeth Lodge,NSW,Not for Profit,Large,4.0,0.21265306393504668,0.0435760823187199,0.16907698161632678,Aligned,False,3.0,5.0,True,False,False,False,False,False
Orana Gardens | Orana Gardens Ltd,Orana Gardens,NSW,Not for Profit,Large,4.0,-0.44666381913001496,0.0435760823187199,-0.49023990144873486,Potentially over-rated,False,2.0,5.0,False,False,False,False,False,False
Frederic House | St Vincent de Paul Society NSW,Frederic House,NSW,Not for Profit,Small,4.0,0.32421179467879524,0.0435760823187199,0.28063571236007534,Aligned,False,3.0,4.0,False,False,False,False,False,False
Charles Chambers Court | Mission Australia,Charles Chambers Court,NSW,Not for Profit,Small,4.0,0.9945120533866842,0.0435760823187199,0.9509359710679643,Potentially under-rated,False,5.0,5.0,False,False,False,False,False,False
Uniting Roberts Lodge Peakhurst | The Uniting Church in Australia Property Trust (NSW),Uniting Roberts Lodge Peakhurst,NSW,Not for Profit,Small,4.0,0.12680981387596182,0.0435760823187199,0.08323373155724192,Aligned,False,3.0,5.0,False,False,False,False,False,False
BaptistCare Morven Gardens Centre | BaptistCare,BaptistCare Morven Gardens Centre,NSW,Not for Profit,Medium,3.0,0.6883714880275567,-0.1719882124381784,0.8603597004657351,Potentially under-rated,False,3.0,5.0,False,False,False,False,False,True
Fig Tree Point Aged Care Facility | Hunter Valley Care Pty Ltd,Fig Tree Point Aged Care Facility,NSW,Private for Profit,Medium,4.0,0.11571010006180237,0.0435760823187199,0.07213401774308247,Aligned,False,3.0,5.0,False,False,False,False,False,False
Mater Christi Aged Care Facility | The Trustees of the Roman Catholic Church for the Diocese of Lismore Sawtell Catholic Care of the Aged Committee,Mater Christi Aged Care Facility,NSW,Not for Profit,Medium,3.0,-0.6813085480200666,-0.1719882124381784,-0.5093203355818882,Potentially over-rated,False,1.0,4.0,False,False,True,False,False,False
Uniting Edinglassie Lodge Penrith | The Uniting Church in Australia Property Trust (NSW),Uniting Edinglassie Lodge Penrith,NSW,Not for Profit,Medium,4.0,0.17773377756783423,0.0435760823187199,0.13415769524911433,Aligned,False,3.0,5.0,True,True,False,False,False,False
Woodport Aged Care Plus Centre | The Salvation Army (NSW) Property Trust,Woodport Aged Care Plus Centre,NSW,Not for Profit,Large,3.0,-0.18815641411063513,-0.1719882124381784,-0.016168201672456722,Aligned,False,2.0,5.0,False,False,True,False,False,False
Concord Community Hostel | Royal Freemasons' Benevolent Institution,Concord Community Hostel,NSW,Not for Profit,Small,4.0,-0.4838291728400988,0.0435760823187199,-0.5274052551588186,Potentially over-rated,False,2.0,4.0,False,False,True,False,False,False
Glengarry | Twilight House,Glengarry,NSW,Not for Profit,Small,4.0,0.44245317498541187,0.0435760823187199,0.39887709266669197,Aligned,False,4.0,5.0,False,False,False,False,False,False
HammondCare North Turramurra | HammondCare,HammondCare North Turramurra,NSW,Not for Profit,Large,4.0,-0.8121276516155537,0.0435760823187199,-0.8557037339342736,Potentially over-rated,False,1.0,5.0,False,False,True,False,False,False
Three Tree Lodge | Three Tree Lodge Lithgow Limited,Three Tree Lodge,NSW,Not for Profit,Medium,4.0,-0.14401913049055068,0.0435760823187199,-0.18759521280927058,Aligned,False,3.0,5.0,False,False,False,False,False,False
Aeralife Illawong | Heritage Care Pty Ltd,Aeralife Illawong,NSW,Private for Profit,Medium,4.0,-0.0016927936697200274,0.0435760823187199,-0.04526887598843993,Aligned,False,3.0,5.0,False,False,False,False,False,False
Anglicare The Donald Coburn Centre | Anglican Community Services,Anglicare The Donald Coburn Centre,NSW,Not for Profit,Large,4.0,1.0146110845676526,0.0435760823187199,0.9710350022489327,Potentially under-rated,False,4.0,5.0,False,True,False,False,False,False
Montrose Aged Care Plus Centre | The Salvation Army (NSW) Property Trust,Montrose Aged Care Plus Centre,NSW,Not for Profit,Small,4.0,-0.3934817468521426,0.0435760823187199,-0.4370578291708625,Aligned,False,3.0,5.0,False,False,False,False,False,False
Southern Cross Care Greystanes Residential Aged Care | Southern Cross Care (NSW & ACT) Limited,Southern Cross Care Greystanes Residential Aged Care,NSW,Not for Profit,Small,4.0,0.5175906461645786,0.0435760823187199,0.4740145638458587,Potentially under-rated,False,5.0,5.0,True,False,False,False,False,False
Bupa Tamworth | Bupa Aged Care Australia Pty Ltd,Bupa Tamworth,NSW,Private for Profit,Medium,4.0,0.17105736550823503,0.0435760823187199,0.12748128318951513,Aligned,False,3.0,5.0,False,False,False,False,False,False
James Milson Village Woolwich | North Sydney Retirement Trust,James Milson Village Woolwich,NSW,Not for Profit,Small,4.0,-0.08369536572910603,0.0435760823187199,-0.12727144804782592,Aligned,False,3.0,5.0,False,False,False,False,False,False
BaptistCare Warabrook Centre | BaptistCare,BaptistCare Warabrook Centre,NSW,Not for Profit,Large,3.0,0.04243484149321156,-0.1719882124381784,0.21442305393138997,Aligned,False,3.0,5.0,False,False,False,False,False,False
Anglican Care Jesmond Grove | Anglican Care,Anglican Care Jesmond Grove,NSW,Not for Profit,Medium,4.0,0.34229750108121787,0.0435760823187199,0.29872141876249797,Aligned,False,3.0,5.0,False,False,False,False,False,False
HammondCare - Erina | HammondCare,HammondCare - Erina,NSW,Not for Profit,Medium,4.0,-1.174062335405341,0.0435760823187199,-1.217638417724061,Potentially over-rated,False,2.0,5.0,False,False,True,False,False,False
St Joseph's Aged Care Facility Kensington | St Joseph's Aged Care Facility Kensington,St Joseph's Aged Care Facility Kensington,NSW,Not for Profit,Small,4.0,-0.07426211717562674,0.0435760823187199,-0.11783819949434664,Aligned,False,3.0,5.0,False,False,False,False,False,False
Aeralife Botany | Heritage Care Pty Ltd,Aeralife Botany,NSW,Private for Profit,Large,4.0,-0.23097474515900238,0.0435760823187199,-0.2745508274777223,Aligned,False,2.0,5.0,False,False,True,False,False,False
Mercy Place Mount St Joseph's | Mercy Aged and Community Care Ltd,Mercy Place Mount St Joseph's,NSW,Not for Profit,Small,4.0,-0.15164481522444984,0.0435760823187199,-0.19522089754316974,Aligned,False,3.0,5.0,True,True,False,False,False,False
Bupa Banora Point | Bupa Aged Care Australia Pty Ltd,Bupa Banora Point,NSW,Private for Profit,Large,3.0,-0.49754246103091865,-0.1719882124381784,-0.32555424859274024,Aligned,False,2.0,5.0,False,False,False,False,False,False
SummitCare Penrith | ST. MARYS GARDENS AGED CARE CENTRE PTY LIMITED,SummitCare Penrith,NSW,Private for Profit,Medium,4.0,0.5410159782652778,0.0435760823187199,0.4974398959465579,Potentially under-rated,False,4.0,5.0,False,True,False,False,False,False
IRT Five Islands | Illawarra Retirement Trust,IRT Five Islands,NSW,Not for Profit,Small,4.0,-0.3229885277319609,0.0435760823187199,-0.3665646100506808,Aligned,False,3.0,5.0,False,False,False,False,False,False
Banyula Lodge | Bushland Health Group Limited,Banyula Lodge,NSW,Not for Profit,Small,4.0,0.1655809697212972,0.0435760823187199,0.12200488740257731,Aligned,False,3.0,5.0,False,False,False,False,False,False
St Basil's Kogarah | St Basil's Homes,St Basil's Kogarah,NSW,Not for Profit,Small,3.0,-0.16111166841408905,-0.1719882124381784,0.010876544024089357,Aligned,False,2.0,5.0,False,False,True,False,False,False
SummitCare St Marys | ST. MARYS GARDENS AGED CARE CENTRE PTY LIMITED,SummitCare St Marys,NSW,Private for Profit,Large,4.0,0.07950611323296201,0.0435760823187199,0.035930030914242114,Aligned,False,3.0,5.0,False,False,False,False,False,False
Bolton Clarke Bayside (PKA - Bayside Residential Aged Care Facility) | RSL Care RDNS Limited,Bolton Clarke Bayside (PKA - Bayside Residential Aged Care Facility),NSW,Not for Profit,Large,4.0,0.07849926137836623,0.0435760823187199,0.03492317905964633,Aligned,False,4.0,5.0,False,False,False,False,False,False
ANHF Thornleigh Nursing Home | Australian Nursing Home Foundation Limited,ANHF Thornleigh Nursing Home,NSW,Not for Profit,Medium,3.0,0.9412787202744552,-0.1719882124381784,1.1132669327126337,Potentially under-rated,False,5.0,4.0,False,False,False,True,False,True
RSL ANZAC Village | RSL LifeCare Limited,RSL ANZAC Village,NSW,Not for Profit,Large,4.0,-0.22814776139697648,0.0435760823187199,-0.27172384371569636,Aligned,False,2.0,4.0,False,False,True,False,False,False
St Vincent's Care Services Auburn | St Vincent's Care Services Ltd,St Vincent's Care Services Auburn,NSW,Not for Profit,Medium,4.0,0.04565219348334786,0.0435760823187199,0.0020761111646279626,Aligned,False,3.0,5.0,False,False,False,False,False,False
St Marys Villa Residential Aged Care | Trustees of Catholic Aged Care Sydney,St Marys Villa Residential Aged Care,NSW,Not for Profit,Medium,4.0,0.5919265610794245,0.0435760823187199,0.5483504787607046,Potentially under-rated,False,5.0,5.0,False,True,False,False,False,False
Anglicare The Terraces Residential Care | Anglican Community Services,Anglicare The Terraces Residential Care,NSW,Not for Profit,Medium,3.0,-0.09053152218396628,-0.1719882124381784,0.08145669025421214,Aligned,False,2.0,4.0,False,False,True,False,False,False
Estia Health Bankstown | Estia Investments Pty Ltd,Estia Health Bankstown,NSW,Private for Profit,Large,3.0,0.5342639851047836,-0.1719882124381784,0.706252197542962,Potentially under-rated,False,3.0,4.0,True,False,False,False,False,True
Catholic Healthcare Charles O'Neill Hostel | Catholic Healthcare Limited,Catholic Healthcare Charles O'Neill Hostel,NSW,Not for Profit,Medium,4.0,0.6351354156105179,0.0435760823187199,0.591559333291798,Potentially under-rated,False,4.0,5.0,False,False,False,False,False,False
Catholic Healthcare Bodington | Catholic Healthcare Limited,Catholic Healthcare Bodington,NSW,Not for Profit,Large,4.0,0.12287168114518394,0.0435760823187199,0.07929559882646404,Aligned,False,3.0,5.0,False,True,False,False,False,False
Catholic Healthcare Macquarie Care Centre | Catholic Healthcare Limited,Catholic Healthcare Macquarie Care Centre,NSW,Not for Profit,Small,4.0,0.3627141613466634,0.0435760823187199,0.3191380790279435,Aligned,False,3.0,5.0,False,True,False,False,False,False
Garrawarra Centre | NSW State Government (NSW Ministry of Health),Garrawarra Centre,NSW,Government,Medium,4.0,-1.3280786655190884,0.0435760823187199,-1.3716547478378083,Potentially over-rated,False,2.0,5.0,False,True,True,False,False,False
Governor Phillip Manor | RSL LifeCare Limited,Governor Phillip Manor,NSW,Not for Profit,Medium,4.0,-0.3839404448705626,0.0435760823187199,-0.4275165271892825,Aligned,False,2.0,5.0,False,False,True,False,False,False
St Catherine's Aged Care Services | St Catherine's Aged Care Services,St Catherine's Aged Care Services,NSW,Not for Profit,Medium,4.0,0.42420936472744764,0.0435760823187199,0.38063328240872774,Aligned,False,4.0,5.0,False,False,False,False,False,False
John Goodlet Manor | RSL LifeCare Limited,John Goodlet Manor,NSW,Not for Profit,Medium,3.0,-0.20781682489278744,-0.1719882124381784,-0.03582861245460903,Aligned,False,2.0,5.0,False,True,True,False,False,False
Werombi Court | Carrington Centennial Care Limited,Werombi Court,NSW,Not for Profit,Small,4.0,0.34170244377232456,0.0435760823187199,0.29812636145360466,Aligned,False,4.0,5.0,True,True,False,False,False,False
Catholic Healthcare Holy Spirit Dubbo | Catholic Healthcare Limited,Catholic Healthcare Holy Spirit Dubbo,NSW,Not for Profit,Small,4.0,0.7731189862770601,0.0435760823187199,0.7295429039583402,Potentially under-rated,False,5.0,5.0,False,False,False,False,False,False
St Josephs Nursing Home | The Trustees of the Roman Catholic Church for the Diocese of Lismore,St Josephs Nursing Home,NSW,Not for Profit,Large,4.0,-0.38288419610214924,0.0435760823187199,-0.42646027842086914,Aligned,False,3.0,5.0,False,True,False,False,False,False
Uniting Abrina Ashfield | The Uniting Church in Australia Property Trust (NSW),Uniting Abrina Ashfield,NSW,Not for Profit,Medium,4.0,1.001012032465876,0.0435760823187199,0.9574359501471561,Potentially under-rated,False,5.0,5.0,False,False,False,False,False,False
S Antonio Da Padova Nursing Home | S'Antonio Da Padova Protettore Di Poggioreale Sydney Nursing Home Limited,S Antonio Da Padova Nursing Home,NSW,Not for Profit,Large,4.0,-0.4252475167222554,0.0435760823187199,-0.4688235990409753,Potentially over-rated,False,1.0,5.0,False,False,True,False,False,False
Uniting Aldersgate Lilyfield | The Uniting Church in Australia Property Trust (NSW),Uniting Aldersgate Lilyfield,NSW,Not for Profit,Medium,4.0,0.3818938655347644,0.0435760823187199,0.3383177832160445,Aligned,False,3.0,5.0,False,False,False,False,False,False
Ashburn House Aged Care Facility | Christadelphian Homes Limited,Ashburn House Aged Care Facility,NSW,Not for Profit,Medium,3.0,-0.356288471507828,-0.1719882124381784,-0.18430025906964959,Aligned,False,2.0,5.0,False,True,True,False,False,False
Estia Health Ryde | Estia Investments Pty Ltd,Estia Health Ryde,NSW,Private for Profit,Small,4.0,0.5787996615291626,0.0435760823187199,0.5352235792104427,Potentially under-rated,False,5.0,5.0,False,False,False,False,False,False
Ashwood Residential Care Service | The Churches of Christ Property Trust,Ashwood Residential Care Service,NSW,Not for Profit,Large,3.0,-0.041842702139677605,-0.1719882124381784,0.1301455102985008,Aligned,False,3.0,5.0,False,False,False,False,False,False
Milford House Nursing Home | Thompson Health Care Pty Ltd,Milford House Nursing Home,NSW,Private for Profit,Small,3.0,-0.702091083696517,-0.1719882124381784,-0.5301028712583385,Potentially over-rated,False,2.0,5.0,False,True,True,False,False,False
Bethel Lodge | Ashfield Baptist Homes Ltd,Bethel Lodge,NSW,Not for Profit,Large,4.0,0.22008560762003024,0.0435760823187199,0.17650952530131034,Aligned,False,3.0,5.0,False,False,False,False,False,False
Blakehurst Aged Care Centre | Blakehurst Aged Care Services Pty Ltd,Blakehurst Aged Care Centre,NSW,Private for Profit,Medium,4.0,-0.0031390817694184983,0.0435760823187199,-0.046715164088138396,Aligned,False,3.0,5.0,False,False,False,False,False,False
Windermere Aged Care Facility | Korlim Pty Ltd,Windermere Aged Care Facility,NSW,Private for Profit,Medium,4.0,0.41938063365417766,0.0435760823187199,0.37580455133545776,Aligned,False,4.0,5.0,False,False,False,False,False,False
Estia Health Camden | Estia Investments Pty Ltd,Estia Health Camden,NSW,Private for Profit,Large,3.0,0.3087310856132513,-0.1719882124381784,0.4807192980514297,Potentially under-rated,False,4.0,4.0,False,False,False,False,False,True
Canberra Nursing Home | Clendon Care Pty Ltd,Canberra Nursing Home,NSW,Private for Profit,Medium,4.0,0.04426391688362341,0.0435760823187199,0.0006878345649035111,Aligned,False,3.0,5.0,False,True,False,False,False,False
The Maronite Sisters Of The Holy Family Village | THE MARONITE SISTERS OF THE HOLY FAMILY VILLAGE,The Maronite Sisters Of The Holy Family Village,NSW,Not for Profit,Medium,4.0,0.6930931120769105,0.0435760823187199,0.6495170297581906,Potentially under-rated,False,5.0,5.0,True,True,False,False,False,False
Uniting Caroona Kalina Goonellabah | The Uniting Church in Australia Property Trust (NSW),Uniting Caroona Kalina Goonellabah,NSW,Not for Profit,Medium,4.0,-0.14279094197074751,0.0435760823187199,-0.18636702428946741,Aligned,False,2.0,5.0,False,False,True,False,False,False
Cheltenham House Aged Care Facility | Thompson Health Care Pty Ltd,Cheltenham House Aged Care Facility,NSW,Private for Profit,Medium,4.0,-0.38171035632059785,0.0435760823187199,-0.42528643863931775,Aligned,False,3.0,5.0,False,False,False,False,False,False
Anglicare Eileen Armstrong House | Anglican Community Services,Anglicare Eileen Armstrong House,NSW,Not for Profit,Small,4.0,0.3804648242847984,0.0435760823187199,0.3368887419660785,Aligned,False,4.0,5.0,False,False,False,False,False,False
Clover Lea Nursing Home | Fresh Fields Management (NSW) Pty Ltd,Clover Lea Nursing Home,NSW,Private for Profit,Small,4.0,0.09928412379551994,0.0435760823187199,0.055708041476800044,Aligned,False,3.0,5.0,False,False,False,False,False,False
Fairlea Aged Care @ Penshurst | Oreison Pty Ltd Trustee for EM Trust Trading As Fairlea Aged Care @ Penshurst,Fairlea Aged Care @ Penshurst,NSW,Private for Profit,Medium,4.0,0.889981632582574,0.0435760823187199,0.8464055502638541,Potentially under-rated,False,5.0,5.0,False,False,False,False,False,False
Whiddon Glenfield | The Frank Whiddon Masonic Homes of New South Wales,Whiddon Glenfield,NSW,Not for Profit,Large,4.0,0.09459381249670822,0.0435760823187199,0.051017730177988316,Aligned,False,3.0,4.0,False,False,False,False,False,False
Goondee Aged Care Home | Rasko Holdings Pty Ltd,Goondee Aged Care Home,NSW,Private for Profit,Small,4.0,0.8301478913730033,0.0435760823187199,0.7865718090542834,Potentially under-rated,False,3.0,5.0,False,False,False,False,False,False
Carino Care at Oatley | Carino Care Pty Ltd,Carino Care at Oatley,NSW,Private for Profit,Medium,4.0,0.5939243754005686,0.0435760823187199,0.5503482930818487,Potentially under-rated,False,5.0,5.0,True,True,False,False,False,False
Jesmond Aged Care | Jesmond Aged Care Pty Ltd,Jesmond Aged Care,NSW,Private for Profit,Medium,4.0,0.6939663901038244,0.0435760823187199,0.6503903077851045,Potentially under-rated,False,5.0,5.0,False,False,False,False,False,False
Fairlea Aged Care @ Rosehill | Trinity Aged Care Pty Ltd Trustee For N J Fung Family Trust,Fairlea Aged Care @ Rosehill,NSW,Private for Profit,Small,4.0,1.4726221747168644,0.0435760823187199,1.4290460923981445,Potentially under-rated,True,5.0,5.0,False,False,False,False,False,False
Lansdowne Aged Care Facility | Arete Health Care (Lansdowne) Pty Limited,Lansdowne Aged Care Facility,NSW,Private for Profit,Large,4.0,0.5920220551773797,0.0435760823187199,0.5484459728586598,Potentially under-rated,False,4.0,5.0,False,False,False,True,False,False
Warrigal Care Bundanoon | Warrigal Care Limited,Warrigal Care Bundanoon,NSW,Not for Profit,Medium,4.0,-0.7844619660521527,0.0435760823187199,-0.8280380483708726,Potentially over-rated,False,1.0,5.0,True,False,True,False,False,False
Maroba Nursing Home | Maroba,Maroba Nursing Home,NSW,Not for Profit,Large,4.0,0.37756847072182215,0.0435760823187199,0.33399238840310225,Aligned,False,4.0,4.0,False,False,False,False,False,False
The Little Sisters of the Poor Mount St Joseph's Home | Little Sisters of the Poor Aged Care Ltd,The Little Sisters of the Poor Mount St Joseph's Home,NSW,Not for Profit,Small,4.0,0.48862814830103396,0.0435760823187199,0.44505206598231406,Aligned,False,4.0,4.0,False,False,False,False,False,False
BaptistCare Niola Centre | BaptistCare,BaptistCare Niola Centre,NSW,Not for Profit,Small,4.0,-0.14085073948097546,0.0435760823187199,-0.18442682179969536,Aligned,False,2.0,5.0,False,False,True,False,False,False
Our Lady Of Consolation Nursing Home | Our Lady of Consolation Aged Care & Services Limited,Our Lady Of Consolation Nursing Home,NSW,Not for Profit,Large,4.0,0.23072254428683947,0.0435760823187199,0.18714646196811957,Aligned,False,3.0,5.0,False,False,False,False,False,False
The Palms Nursing Home | Aspic Holdings Pty Ltd,The Palms Nursing Home,NSW,Private for Profit,Small,3.0,-0.25771510795574776,-0.1719882124381784,-0.08572689551756935,Aligned,False,2.0,4.0,False,False,True,False,False,False
Hunters Hill Montefiore Home | The Sir Moses Montefiore Jewish Home,Hunters Hill Montefiore Home,NSW,Not for Profit,Large,4.0,-0.0946669731913566,0.0435760823187199,-0.13824305551007648,Aligned,False,2.0,5.0,False,False,True,False,False,False
Martyn Claver Aged Care | Siena Management Services Pty. Limited,Martyn Claver Aged Care,NSW,Private for Profit,Small,4.0,-0.494187953311076,0.0435760823187199,-0.5377640356297959,Potentially over-rated,False,3.0,5.0,False,False,False,False,False,False
Regis Hurstville | Regis Aged Care Pty Ltd,Regis Hurstville,NSW,Private for Profit,Medium,4.0,0.6524744259401835,0.0435760823187199,0.6088983436214636,Potentially under-rated,False,4.0,5.0,False,False,False,False,False,False
Wahroonga House | Thompson Health Care Pty Ltd,Wahroonga House,NSW,Private for Profit,Large,4.0,0.4072623195071055,0.0435760823187199,0.3636862371883856,Aligned,False,4.0,5.0,False,False,False,False,False,False
Peter Cosgrove House | RSL LifeCare Limited,Peter Cosgrove House,NSW,Not for Profit,Large,4.0,-0.16034513111755913,0.0435760823187199,-0.20392121343627903,Aligned,False,2.0,5.0,False,False,True,False,False,False
SummitCare Randwick | Frenchmans Lodge Nursing Home Pty Limited,SummitCare Randwick,NSW,Private for Profit,Medium,4.0,0.5625562124817554,0.0435760823187199,0.5189801301630355,Potentially under-rated,False,4.0,5.0,True,True,False,False,False,False
Bolton Clarke Willandra | RSL Care RDNS Limited,Bolton Clarke Willandra,NSW,Not for Profit,Small,5.0,0.40771292617408283,0.2591403770756181,0.14857254909846473,Aligned,False,5.0,5.0,False,False,False,False,False,False
Wyoming Nursing Home | Wyoming Nursing Home Pty Ltd,Wyoming Nursing Home,NSW,Private for Profit,Small,3.0,0.558548685870703,-0.1719882124381784,0.7305368983088815,Potentially under-rated,False,3.0,4.0,False,False,False,False,False,False
Anglican Care C A Brown | Anglican Care,Anglican Care C A Brown,NSW,Not for Profit,Large,3.0,-0.09802511747916072,-0.1719882124381784,0.07396309495901769,Aligned,False,3.0,5.0,True,False,False,False,False,False
Fairmont Aged Care Centre | Fairmont NSW Pty Ltd,Fairmont Aged Care Centre,NSW,Private for Profit,Small,4.0,0.5511022570893023,0.0435760823187199,0.5075261747705824,Potentially under-rated,False,3.0,5.0,False,True,False,False,False,False
Roseneath Aged Care Centre Pty Ltd | Roseneath Aged Care Centre Pty Ltd,Roseneath Aged Care Centre Pty Ltd,NSW,Private for Profit,Medium,4.0,0.11978909757370948,0.0435760823187199,0.07621301525498958,Aligned,False,4.0,5.0,False,False,False,True,False,False
Warrigal Care Goulburn | Warrigal Care Limited,Warrigal Care Goulburn,NSW,Not for Profit,Large,4.0,0.22010392456912908,0.0435760823187199,0.17652784225040918,Aligned,False,3.0,5.0,False,False,False,False,False,False
Bolton Clarke Cabrini | RSL Care RDNS Limited,Bolton Clarke Cabrini,NSW,Not for Profit,Large,4.0,0.2570301552824377,0.0435760823187199,0.21345407296371782,Aligned,False,3.0,5.0,False,False,False,False,False,False
Waterview Aged Care Facility | Hunter Valley Care Pty Ltd,Waterview Aged Care Facility,NSW,Private for Profit,Medium,4.0,0.1480695615157351,0.0435760823187199,0.10449347919701521,Aligned,False,3.0,4.0,True,False,False,False,False,False
Estia Health Epping - The Poplars | Estia Investments Pty Ltd,Estia Health Epping - The Poplars,NSW,Private for Profit,Large,4.0,-0.18140353280634536,0.0435760823187199,-0.22497961512506526,Aligned,False,3.0,5.0,False,False,False,False,False,False
The Willows Private Nursing Home Pty Ltd | The Willows Private Nursing Home Pty Ltd,The Willows Private Nursing Home Pty Ltd,NSW,Private for Profit,Small,4.0,-0.12987993265955497,0.0435760823187199,-0.17345601497827487,Aligned,False,4.0,5.0,False,False,False,False,False,False
Avondale House | Seventh-day Adventist Aged Care (North New South Wales) Ltd,Avondale House,NSW,Not for Profit,Large,4.0,-0.2550099984981668,0.0435760823187199,-0.2985860808168867,Aligned,False,3.0,5.0,True,False,False,False,False,False
Vaucluse Nursing Home | Fresh Fields Aged Care (NSW) - No 1 Pty Ltd,Vaucluse Nursing Home,NSW,Private for Profit,Small,4.0,-0.3532938576052061,0.0435760823187199,-0.396869939923926,Aligned,False,2.0,5.0,False,False,True,False,False,False
RFBI Armidale Masonic Village | Royal Freemasons' Benevolent Institution,RFBI Armidale Masonic Village,NSW,Not for Profit,Small,4.0,-0.44611516107871835,0.0435760823187199,-0.48969124339743825,Potentially over-rated,False,2.0,5.0,False,False,True,False,False,False
Bupa Queens Park | Bupa Aged Care Australia Pty Ltd,Bupa Queens Park,NSW,Private for Profit,Medium,3.0,0.7183411666329591,-0.1719882124381784,0.8903293790711375,Potentially under-rated,False,5.0,4.0,False,False,False,True,False,True
Southern Cross Care Marian Nursing Home | Southern Cross Care (NSW & ACT) Limited,Southern Cross Care Marian Nursing Home,NSW,Not for Profit,Small,4.0,0.060124124119825983,0.0435760823187199,0.016548041801106084,Aligned,False,4.0,5.0,False,False,False,False,False,False
Killara Gardens Aged Care | Pathways Aged Care Pty Limited,Killara Gardens Aged Care,NSW,Private for Profit,Medium,4.0,0.029367796838180794,0.0435760823187199,-0.014208285480539106,Aligned,False,3.0,5.0,False,False,False,False,False,False
Amaroo Aged Care Facility | Hunter Valley Care Pty Ltd,Amaroo Aged Care Facility,NSW,Private for Profit,Medium,4.0,0.283526180904052,0.0435760823187199,0.23995009858533212,Aligned,False,3.0,5.0,False,False,False,False,False,False
Estia Health Kilbride | Estia Investments Pty Ltd,Estia Health Kilbride,NSW,Private for Profit,Large,4.0,0.6261236166935987,0.0435760823187199,0.5825475343748788,Potentially under-rated,False,5.0,5.0,False,True,False,False,False,False
Beecroft House Aged Care | THOMPSON HEALTH CARE NO. 2 HOLDINGS PTY LTD,Beecroft House Aged Care,NSW,Private for Profit,Small,4.0,0.13434481177747573,0.0435760823187199,0.09076872945875583,Aligned,False,3.0,5.0,False,False,False,False,False,False
Peakhurst Nursing Home | The Trustees of the Sisters of Our Lady of China,Peakhurst Nursing Home,NSW,Not for Profit,Medium,4.0,0.8565525724410197,0.0435760823187199,0.8129764901222998,Potentially under-rated,False,5.0,5.0,False,True,False,False,False,False
Whiddon Mudgee Pioneer | The Frank Whiddon Masonic Homes of New South Wales,Whiddon Mudgee Pioneer,NSW,Not for Profit,Medium,4.0,-0.5662139729432281,0.0435760823187199,-0.609790055261948,Potentially over-rated,False,1.0,5.0,False,False,True,False,False,False
Uniting Northaven Turramurra | The Uniting Church in Australia Property Trust (NSW),Uniting Northaven Turramurra,NSW,Not for Profit,Medium,4.0,0.49507478101307295,0.0435760823187199,0.45149869869435305,Aligned,False,4.0,5.0,False,True,False,False,False,False
Darley House | Thompson Health Care Pty Ltd,Darley House,NSW,Private for Profit,Small,4.0,-0.16568894807108944,0.0435760823187199,-0.20926503038980934,Aligned,False,3.0,5.0,False,True,False,False,False,False
Uniting Westmead | The Uniting Church in Australia Property Trust (NSW),Uniting Westmead,NSW,Not for Profit,Large,4.0,0.5480087543822182,0.0435760823187199,0.5044326720634983,Potentially under-rated,False,4.0,4.0,False,False,False,False,False,False
Catholic Healthcare St Anne's Aged Care | Catholic Healthcare Limited,Catholic Healthcare St Anne's Aged Care,NSW,Not for Profit,Small,4.0,0.2975633070436156,0.0435760823187199,0.2539872247248957,Aligned,False,4.0,5.0,False,False,False,False,False,False
Hawkesbury Living Pty Limited | Hawkesbury Living Pty Limited,Hawkesbury Living Pty Limited,NSW,Not for Profit,Large,3.0,0.32796735178656083,-0.1719882124381784,0.49995556422473925,Potentially under-rated,False,4.0,4.0,False,False,False,False,False,True
Bupa Bexley | Bupa Aged Care Australia Pty Ltd,Bupa Bexley,NSW,Private for Profit,Small,3.0,0.24200768746866727,-0.1719882124381784,0.4139958999068457,Aligned,False,3.0,4.0,False,False,False,False,False,False
Aeralife Kingswood | Heritage Care Pty Ltd,Aeralife Kingswood,NSW,Private for Profit,Medium,3.0,-0.2666404035202152,-0.1719882124381784,-0.09465219108203676,Aligned,False,2.0,5.0,False,True,True,False,False,False
SummitCare Waverley | Phillip House Nursing Home Pty Ltd,SummitCare Waverley,NSW,Private for Profit,Small,3.0,-0.58076384339836,-0.1719882124381784,-0.40877563096018155,Aligned,False,1.0,5.0,False,False,True,False,False,False
Glenwood Nursing Home | Fresh Fields Aged Care (NSW) - No 1 Pty Ltd,Glenwood Nursing Home,NSW,Private for Profit,Small,4.0,0.9854362435919874,0.0435760823187199,0.9418601612732675,Potentially under-rated,False,5.0,5.0,False,False,False,False,False,False
Ferndale Gardens Aged Care Facility | Aspic Holdings Pty Ltd,Ferndale Gardens Aged Care Facility,NSW,Private for Profit,Large,4.0,0.49384929767655095,0.0435760823187199,0.45027321535783105,Aligned,False,4.0,5.0,False,False,False,True,False,False
Caroline Chisholm Nursing Home | Fresh Fields Aged Care (NSW) - No 1 Pty Ltd,Caroline Chisholm Nursing Home,NSW,Private for Profit,Small,3.0,0.06235911084682585,-0.1719882124381784,0.23434732328500427,Aligned,False,3.0,4.0,False,False,False,False,False,False
Miranda Aged Care Facility | Jesmond Aged Care Pty Ltd,Miranda Aged Care Facility,NSW,Private for Profit,Medium,3.0,-0.3046480077354268,-0.1719882124381784,-0.13265979529724836,Aligned,False,3.0,4.0,False,False,False,False,False,False
Fairfield Nursing Home | Fresh Fields Management (NSW) Pty Ltd,Fairfield Nursing Home,NSW,Private for Profit,Medium,4.0,0.05467123494957745,0.0435760823187199,0.01109515263085755,Aligned,False,2.0,5.0,False,False,False,False,False,False
Estia Health Manly Vale | Estia Investments Pty Ltd,Estia Health Manly Vale,NSW,Private for Profit,Medium,3.0,-0.09445312162049792,-0.1719882124381784,0.0775350908176805,Aligned,False,3.0,5.0,False,False,False,False,False,False
SummitCare Canley Vale | E E W Investments Pty Ltd,SummitCare Canley Vale,NSW,Private for Profit,Medium,4.0,-0.09687310557187745,0.0435760823187199,-0.14044918789059735,Aligned,False,3.0,5.0,False,True,False,False,False,False
Mayfield Aged Care | M.N.H. Pty Ltd,Mayfield Aged Care,NSW,Private for Profit,Large,3.0,-0.1041449768586979,-0.1719882124381784,0.06784323557948051,Aligned,False,3.0,3.0,False,False,False,False,False,False
Bolton Clarke Greenwood | RSL Care RDNS Limited,Bolton Clarke Greenwood,NSW,Not for Profit,Large,4.0,-0.013124729854587291,0.0435760823187199,-0.05670081217330719,Aligned,False,3.0,5.0,False,False,False,False,False,False
Carino Care at Sylvania | Carino Care Pty Ltd,Carino Care at Sylvania,NSW,Private for Profit,Medium,4.0,-0.28057641708899733,0.0435760823187199,-0.32415249940771723,Aligned,False,2.0,5.0,False,False,True,False,False,False
Moyne Roshana Care | Burswood Care Pty Ltd,Moyne Roshana Care,NSW,Private for Profit,Small,4.0,-0.18305174260352083,0.0435760823187199,-0.22662782492224073,Aligned,False,4.0,4.0,False,False,False,False,False,False
Bupa North Rocks | Bupa Aged Care Australia Pty Ltd,Bupa North Rocks,NSW,Private for Profit,Large,3.0,0.002250817730213498,-0.1719882124381784,0.1742390301683919,Aligned,False,3.0,5.0,False,False,False,False,False,False
Carino Care at Rockdale | Carino Care Pty Ltd,Carino Care at Rockdale,NSW,Private for Profit,Small,4.0,-0.2174338326528288,0.0435760823187199,-0.2610099149715487,Aligned,False,3.0,5.0,False,False,False,False,False,False
Uniting Nunyara Peakhurst | The Uniting Church in Australia Property Trust (NSW),Uniting Nunyara Peakhurst,NSW,Not for Profit,Medium,4.0,0.3802715961409759,0.0435760823187199,0.336695513822256,Aligned,False,3.0,5.0,False,False,False,False,False,False
Shangri-La Nursing Home | Fresh Fields Aged Care (NSW) - No 1 Pty Ltd,Shangri-La Nursing Home,NSW,Private for Profit,Small,3.0,0.017813898271577384,-0.1719882124381784,0.1898021107097558,Aligned,False,3.0,5.0,False,True,False,False,False,False
Blacktown Nursing Home | Budumu Pty Ltd,Blacktown Nursing Home,NSW,Private for Profit,Medium,4.0,0.28313967602631734,0.0435760823187199,0.23956359370759744,Aligned,False,3.0,5.0,True,False,False,False,False,False
Bolton Clarke Bass Hill | RSL Care RDNS Limited,Bolton Clarke Bass Hill,NSW,Not for Profit,Small,4.0,0.22418730181630733,0.0435760823187199,0.18061121949758743,Aligned,False,4.0,5.0,False,True,False,False,False,False
Uniting Caroona Marima Goonellabah | The Uniting Church in Australia Property Trust (NSW),Uniting Caroona Marima Goonellabah,NSW,Not for Profit,Medium,4.0,-0.06547115507894907,0.0435760823187199,-0.10904723739766897,Aligned,False,3.0,5.0,False,False,False,False,False,False
Aeralife The Manor | Villawood Aged Care Pty Ltd,Aeralife The Manor,NSW,Private for Profit,Medium,3.0,-0.7742387759124082,-0.1719882124381784,-0.6022505634742298,Potentially over-rated,False,1.0,5.0,False,True,True,False,False,False
Uniting Crookwell | The Uniting Church in Australia Property Trust (NSW),Uniting Crookwell,NSW,Not for Profit,Small,4.0,-0.5068362485355279,0.0435760823187199,-0.5504123308542478,Potentially over-rated,False,2.0,5.0,False,True,True,False,False,False
Aeralife Queanbeyan | Heritage Care Pty Ltd,Aeralife Queanbeyan,NSW,Private for Profit,Medium,3.0,-0.6725761293253938,-0.1719882124381784,-0.5005879168872154,Potentially over-rated,False,1.0,5.0,False,False,True,False,False,False
Warrigal Care Coniston | Warrigal Care Limited,Warrigal Care Coniston,NSW,Not for Profit,Small,4.0,-0.8964142548372389,0.0435760823187199,-0.9399903371559588,Potentially over-rated,False,2.0,5.0,False,False,False,False,False,False
SummitCare Liverpool-173 | Wohl Investments Pty Ltd,SummitCare Liverpool-173,NSW,Private for Profit,Medium,4.0,0.13421277699514478,0.0435760823187199,0.09063669467642488,Aligned,False,4.0,5.0,False,True,False,False,False,False
Homewood Nursing Home | Homewood Care Pty Limited,Homewood Nursing Home,NSW,Private for Profit,Medium,4.0,0.24488025186114115,0.0435760823187199,0.20130416954242125,Aligned,False,3.0,5.0,False,False,False,False,False,False
Casa Mia Aged Care Centre | IC (PADSTOW) PTY LTD,Casa Mia Aged Care Centre,NSW,Private for Profit,Medium,4.0,0.3065454483515947,0.0435760823187199,0.2629693660328748,Aligned,False,4.0,5.0,False,True,False,False,False,False
Bupa Armidale | Bupa Aged Care Australia Pty Ltd,Bupa Armidale,NSW,Private for Profit,Small,4.0,-0.039618760058438805,0.0435760823187199,-0.08319484237715871,Aligned,False,3.0,5.0,False,False,False,False,False,False
Grafton Aged Care Home | Fresh Fields Management (NSW) Pty Ltd,Grafton Aged Care Home,NSW,Private for Profit,Small,3.0,-1.0407111856016245,-0.1719882124381784,-0.868722973163446,Potentially over-rated,False,1.0,5.0,False,True,False,False,False,False
Terrey Hills Nursing Home | Thompson Health Care Pty Ltd,Terrey Hills Nursing Home,NSW,Private for Profit,Medium,4.0,0.35779648062977065,0.0435760823187199,0.31422039831105075,Aligned,False,3.0,5.0,False,False,False,False,False,False
Columbia Aged Care Services - Strathdale Centre | Columbia Nursing Homes Pty Ltd,Columbia Aged Care Services - Strathdale Centre,NSW,Private for Profit,Medium,4.0,-0.022062067644567373,0.0435760823187199,-0.06563814996328728,Aligned,False,3.0,5.0,True,True,False,False,False,False
Adventist Nursing Home | Seventh-day Adventist Aged Care (Greater Sydney) Ltd,Adventist Nursing Home,NSW,Private for Profit,Large,3.0,0.19570980483598813,-0.1719882124381784,0.3676980172741665,Aligned,False,2.0,4.0,False,False,True,False,False,False
Guildford Nursing Home | GUILDFORD MANAGEMENT PTY. LIMITED,Guildford Nursing Home,NSW,Private for Profit,Small,4.0,-0.20091219396208163,0.0435760823187199,-0.24448827628080153,Aligned,False,3.0,5.0,False,False,False,False,False,False
Estia Health Merrylands | Estia Investments Pty Ltd,Estia Health Merrylands,NSW,Private for Profit,Large,4.0,0.5935739571543129,0.0435760823187199,0.549997874835593,Potentially under-rated,False,5.0,5.0,False,False,False,False,False,False
Estia Health Bexley Park | Estia Investments Pty Ltd,Estia Health Bexley Park,NSW,Private for Profit,Large,4.0,0.3455969288853138,0.0435760823187199,0.3020208465665939,Aligned,False,4.0,5.0,True,False,False,True,False,False
Garden View Nursing Home | Garden View Aged Care Pty Ltd,Garden View Nursing Home,NSW,Not for Profit,Small,4.0,0.6685399371524604,0.0435760823187199,0.6249638548337405,Potentially under-rated,False,5.0,4.0,False,False,False,False,False,False
Bolton Clarke Rosemore | RSL Care RDNS Limited,Bolton Clarke Rosemore,NSW,Not for Profit,Small,4.0,0.7957508358901917,0.0435760823187199,0.7521747535714718,Potentially under-rated,False,5.0,5.0,False,False,False,False,False,False
IRT Berala on the Park | Illawarra Retirement Trust,IRT Berala on the Park,NSW,Not for Profit,Medium,3.0,-0.05453911768552297,-0.1719882124381784,0.11744909475265544,Aligned,False,3.0,5.0,True,True,False,False,False,False
Bupa Ashfield | Bupa Aged Care Australia Pty Ltd,Bupa Ashfield,NSW,Private for Profit,Small,4.0,0.25220667628186166,0.0435760823187199,0.20863059396314176,Aligned,False,3.0,5.0,False,False,False,False,False,False
Bolton Clarke Beechwood (PKA - Beechwood Aged Care) | RSL Care RDNS Limited,Bolton Clarke Beechwood (PKA - Beechwood Aged Care),NSW,Not for Profit,Large,4.0,0.4286250106254712,0.0435760823187199,0.3850489283067513,Aligned,False,5.0,5.0,True,True,False,False,False,False
Bupa Ashbury | Bupa Aged Care Australia Pty Ltd,Bupa Ashbury,NSW,Private for Profit,Small,4.0,0.5592839936759134,0.0435760823187199,0.5157079113571935,Potentially under-rated,False,4.0,5.0,False,False,False,False,False,False
Catholic Healthcare The Haven Residential Aged Care | Catholic Healthcare Limited,Catholic Healthcare The Haven Residential Aged Care,NSW,Not for Profit,Large,5.0,0.4748243424103334,0.2591403770756181,0.2156839653347153,Aligned,False,4.0,5.0,False,False,False,False,False,False
Bupa Maroubra | Bupa Aged Care Australia Pty Ltd,Bupa Maroubra,NSW,Private for Profit,Medium,3.0,0.20102924849628992,-0.1719882124381784,0.3730174609344683,Aligned,False,3.0,5.0,False,False,False,False,False,False
Bupa Greenacre | Bupa Aged Care Australia Pty Ltd,Bupa Greenacre,NSW,Private for Profit,Large,3.0,-0.11357800150022129,-0.1719882124381784,0.05841021093795712,Aligned,False,2.0,4.0,False,False,False,False,False,False
Huntingdon Gardens Aged Care Facility | Huntingdon Nursing Home Pty Ltd,Huntingdon Gardens Aged Care Facility,NSW,Private for Profit,Large,4.0,0.19702969543565366,0.0435760823187199,0.15345361311693376,Aligned,False,3.0,5.0,False,False,False,False,False,False
Bolton Clarke Calare (PKA - Calare Residential Aged Care Facility) | RSL Care RDNS Limited,Bolton Clarke Calare (PKA - Calare Residential Aged Care Facility),NSW,Not for Profit,Small,4.0,0.0027609181525792836,0.0435760823187199,-0.040815164166140616,Aligned,False,5.0,5.0,False,False,False,False,False,False
Bolton Clarke Pendle Hill | RSL Care RDNS Limited,Bolton Clarke Pendle Hill,NSW,Not for Profit,Small,4.0,0.19199673242372298,0.0435760823187199,0.14842065010500308,Aligned,False,4.0,5.0,False,False,False,False,False,False
Weeroona Aged Care Residence | Halenvy Pty Limited,Weeroona Aged Care Residence,NSW,Private for Profit,Medium,3.0,-0.8948155903388665,-0.1719882124381784,-0.7228273779006881,Potentially over-rated,False,1.0,5.0,False,False,False,False,False,False
Uniting Griffith | The Uniting Church in Australia Property Trust (NSW),Uniting Griffith,NSW,Not for Profit,Medium,4.0,0.05481561541106966,0.0435760823187199,0.011239533092349763,Aligned,False,3.0,5.0,False,False,False,False,False,False
Bolton Clarke Brentwood (PKA - Brentwood Residential Aged Care Facility) | RSL Care RDNS Limited,Bolton Clarke Brentwood (PKA - Brentwood Residential Aged Care Facility),NSW,Not for Profit,Small,4.0,0.4224855043756053,0.0435760823187199,0.3789094220568854,Aligned,False,3.0,5.0,False,True,False,False,False,False
Manly Vale Nursing Home | Manly Vale Nursing Home Pty Ltd,Manly Vale Nursing Home,NSW,Private for Profit,Medium,4.0,-0.0038648282028197847,0.0435760823187199,-0.04744091052153968,Aligned,False,3.0,5.0,False,False,False,False,False,False
Northcourt Nursing Home | Christadelphian Homes Limited,Northcourt Nursing Home,NSW,Not for Profit,Small,4.0,-0.28464602800335737,0.0435760823187199,-0.32822211032207727,Aligned,False,3.0,5.0,False,False,False,False,False,False
Abbey House Aged Care | Thompson Health Care Pty Ltd,Abbey House Aged Care,NSW,Private for Profit,Large,4.0,-0.04224185196244904,0.0435760823187199,-0.08581793428116893,Aligned,False,3.0,4.0,False,False,False,False,False,False
Anglicare Dorothy Boyt House | Anglican Community Services,Anglicare Dorothy Boyt House,NSW,Not for Profit,Small,4.0,0.8931284201807799,0.0435760823187199,0.84955233786206,Potentially under-rated,False,5.0,5.0,False,True,False,False,False,False
Uniting Bowden Brae Normanhurst | The Uniting Church in Australia Property Trust (NSW),Uniting Bowden Brae Normanhurst,NSW,Not for Profit,Medium,4.0,0.029365195096878644,0.0435760823187199,-0.014210887221841256,Aligned,False,2.0,5.0,False,False,True,False,False,False
IRT Tarrawanna Care Centre | Illawarra Retirement Trust,IRT Tarrawanna Care Centre,NSW,Not for Profit,Medium,4.0,-0.2108682226314489,0.0435760823187199,-0.2544443049501688,Aligned,False,2.0,5.0,False,False,True,False,False,False
Coffs Harbour Legacy Nursing Home | Coffs Harbour Legacy Welfare Fund,Coffs Harbour Legacy Nursing Home,NSW,Not for Profit,Small,4.0,-0.00545170589709613,0.0435760823187199,-0.04902778821581603,Aligned,False,3.0,5.0,False,True,False,False,False,False
Anglicare Jean Ross House | Anglican Community Services,Anglicare Jean Ross House,NSW,Not for Profit,Small,4.0,0.21386918043915626,0.0435760823187199,0.17029309812043636,Aligned,False,3.0,5.0,False,False,False,False,False,False
Uniting Wesley Gardens Belrose | The Uniting Church in Australia Property Trust (NSW),Uniting Wesley Gardens Belrose,NSW,Not for Profit,Large,3.0,-0.4546166094750194,-0.1719882124381784,-0.282628397036841,Aligned,False,1.0,4.0,False,False,True,False,False,False
Yallaroo | Lutheran Aged Care Albury,Yallaroo,NSW,Not for Profit,Small,4.0,-0.07428099678975854,0.0435760823187199,-0.11785707910847844,Aligned,False,2.0,5.0,False,False,True,False,False,False
Anglicare Mildred Symons House | Anglican Community Services,Anglicare Mildred Symons House,NSW,Not for Profit,Large,4.0,0.698738009004736,0.0435760823187199,0.6551619266860161,Potentially under-rated,False,5.0,5.0,False,False,False,False,False,False
Bowral House Nursing Home | Thompson Health Care Pty Ltd,Bowral House Nursing Home,NSW,Private for Profit,Medium,4.0,-0.09698229210536424,0.0435760823187199,-0.14055837442408414,Aligned,False,3.0,5.0,False,False,False,False,False,False
Whiddon Moree | The Frank Whiddon Masonic Homes of New South Wales,Whiddon Moree,NSW,Not for Profit,Small,4.0,-0.007826472295917672,0.0435760823187199,-0.05140255461463757,Aligned,False,3.0,5.0,False,False,False,False,False,False
William Beech Gardens - Bushmaster | RSL LifeCare Limited,William Beech Gardens - Bushmaster,NSW,Not for Profit,Small,4.0,-0.2943944834294674,0.0435760823187199,-0.3379705657481873,Aligned,False,2.0,4.0,False,False,True,False,False,False
Uniting Wesley Heights Manly | The Uniting Church in Australia Property Trust (NSW),Uniting Wesley Heights Manly,NSW,Not for Profit,Medium,4.0,0.8553355232150989,0.0435760823187199,0.811759440896379,Potentially under-rated,False,5.0,5.0,False,False,False,False,False,False
Scalabrini Village Nursing Home (Austral) | Scalabrini Village Ltd,Scalabrini Village Nursing Home (Austral),NSW,Not for Profit,Large,3.0,0.6213015040285751,-0.1719882124381784,0.7932897164667535,Potentially under-rated,False,5.0,4.0,False,False,False,False,False,True
Hillgrove House | Sapphire Coast Community Aged Care Ltd,Hillgrove House,NSW,Not for Profit,Medium,3.0,0.08718179737809682,-0.1719882124381784,0.25917000981627525,Aligned,False,3.0,5.0,False,False,False,False,False,False
Harbison Burradoo | Harbison Memorial Retirement Village,Harbison Burradoo,NSW,Not for Profit,Medium,4.0,0.5831646827332712,0.0435760823187199,0.5395886004145513,Potentially under-rated,False,4.0,5.0,False,False,False,False,False,False
IRT Woonona | Illawarra Retirement Trust,IRT Woonona,NSW,Not for Profit,Medium,4.0,-0.23703546205717907,0.0435760823187199,-0.28061154437589897,Aligned,False,1.0,5.0,False,False,True,False,False,False
Mercy Place Albury | Mercy Aged and Community Care Ltd,Mercy Place Albury,NSW,Not for Profit,Medium,4.0,-0.2125376957497854,0.0435760823187199,-0.2561137780685053,Aligned,False,3.0,5.0,True,False,False,False,False,False
Anglicare Piper House | Anglican Community Services,Anglicare Piper House,NSW,Not for Profit,Large,3.0,-0.32252577940956556,-0.1719882124381784,-0.15053756697138715,Aligned,False,2.0,5.0,False,False,True,False,False,False
Adelene Nursing Home | Alino Living,Adelene Nursing Home,NSW,Not for Profit,Small,4.0,-0.3936695337235163,0.0435760823187199,-0.4372456160422362,Aligned,False,2.0,5.0,True,True,True,False,False,False
Catholic Healthcare Lewisham Nursing Home | Catholic Healthcare Limited,Catholic Healthcare Lewisham Nursing Home,NSW,Not for Profit,Small,4.0,0.78663247176027,0.0435760823187199,0.7430563894415501,Potentially under-rated,False,5.0,5.0,False,False,False,False,False,False
Whiddon Narrabri Jessie Hunt | The Frank Whiddon Masonic Homes of New South Wales,Whiddon Narrabri Jessie Hunt,NSW,Not for Profit,Small,4.0,-0.06317132538675564,0.0435760823187199,-0.10674740770547554,Aligned,False,3.0,5.0,False,False,False,False,False,False
Bupa Kempsey | Bupa Aged Care Australia Pty Ltd,Bupa Kempsey,NSW,Private for Profit,Medium,4.0,0.28857889020665367,0.0435760823187199,0.24500280788793377,Aligned,False,3.0,5.0,False,False,False,False,False,False
Florence Price Gardens | RSL LifeCare Limited,Florence Price Gardens,NSW,Not for Profit,Large,4.0,-0.4013778424671663,0.0435760823187199,-0.4449539247858862,Aligned,False,3.0,5.0,False,False,False,False,False,False
Estia Health Figtree | Estia Investments Pty Ltd,Estia Health Figtree,NSW,Private for Profit,Medium,4.0,-0.21883775822912532,0.0435760823187199,-0.2624138405478452,Aligned,False,3.0,5.0,False,False,False,False,False,False
Estia Health Wyoming | Estia Investments Pty Ltd,Estia Health Wyoming,NSW,Private for Profit,Small,3.0,-0.4029018340661265,-0.1719882124381784,-0.2309136216279481,Aligned,False,3.0,4.0,False,False,False,False,False,False
Whiddon Grafton | The Frank Whiddon Masonic Homes of New South Wales,Whiddon Grafton,NSW,Not for Profit,Medium,4.0,-0.34380877441849034,0.0435760823187199,-0.38738485673721024,Aligned,False,2.0,5.0,False,False,True,False,False,False
Uniting Tumut | The Uniting Church in Australia Property Trust (NSW),Uniting Tumut,NSW,Not for Profit,Medium,4.0,0.0951864572640543,0.0435760823187199,0.051610374945334395,Aligned,False,3.0,5.0,False,False,False,False,False,False
Hudson House | Respect Group Limited,Hudson House,NSW,Not for Profit,Small,3.0,0.0035083564198246653,-0.1719882124381784,0.17549656885800308,Aligned,False,4.0,4.0,False,False,False,False,False,False
Kurrajong & District Community Nursing Home | Kurrajong and District Hospital Society Inc,Kurrajong & District Community Nursing Home,NSW,Not for Profit,Small,4.0,0.3574303063609489,0.0435760823187199,0.313854224042229,Aligned,False,5.0,5.0,True,False,False,False,False,False
Karingal Gardens | Bushland Health Group Limited,Karingal Gardens,NSW,Not for Profit,Medium,4.0,-0.40459559279833646,0.0435760823187199,-0.44817167511705636,Aligned,False,3.0,5.0,False,False,False,False,False,False
Uniting Garden Suburb | The Uniting Church in Australia Property Trust (NSW),Uniting Garden Suburb,NSW,Not for Profit,Medium,4.0,-0.3030643308618081,0.0435760823187199,-0.346640413180528,Aligned,False,1.0,5.0,False,False,True,False,False,False
Lilliane Brady Village | Cobar Shire Council,Lilliane Brady Village,NSW,Government,Small,3.0,-0.258874704928665,-0.1719882124381784,-0.08688649249048658,Aligned,False,2.0,3.0,False,False,True,False,False,False
Uniting Edinglassie Emu Plains | The Uniting Church in Australia Property Trust (NSW),Uniting Edinglassie Emu Plains,NSW,Not for Profit,Medium,4.0,-0.007366048092594742,0.0435760823187199,-0.050942130411314644,Aligned,False,3.0,5.0,False,False,False,False,False,False
IRT Sarah Claydon | Illawarra Retirement Trust,IRT Sarah Claydon,NSW,Not for Profit,Medium,4.0,0.5705113893509357,0.0435760823187199,0.5269353070322158,Potentially under-rated,False,4.0,4.0,False,False,False,False,False,False
Patrick Bugden VC Gardens | RSL LifeCare Limited,Patrick Bugden VC Gardens,NSW,Not for Profit,Medium,4.0,0.27977879906740816,0.0435760823187199,0.23620271674868826,Aligned,False,3.0,5.0,False,False,False,False,False,False
St Andrew's Village Ballina | St Andrew's Village Ballina Limited,St Andrew's Village Ballina,NSW,Not for Profit,Large,4.0,-0.10543289316048743,0.0435760823187199,-0.14900897547920733,Aligned,False,3.0,5.0,False,False,False,False,False,False
Catholic Healthcare Gertrude Abbott Aged Care | Catholic Healthcare Limited,Catholic Healthcare Gertrude Abbott Aged Care,NSW,Not for Profit,Medium,4.0,0.40723754774020215,0.0435760823187199,0.36366146542148226,Aligned,False,3.0,5.0,False,True,False,False,False,False
St Lukes Nursing Home | St Luke's Care,St Lukes Nursing Home,NSW,Not for Profit,Large,4.0,0.4557943367921277,0.0435760823187199,0.4122182544734078,Aligned,False,3.0,5.0,False,False,False,False,False,False
Murrayvale Aged Care | Domacwa Holdings Pty Ltd,Murrayvale Aged Care,NSW,Private for Profit,Small,4.0,0.7049801497970195,0.0435760823187199,0.6614040674782996,Potentially under-rated,False,5.0,5.0,False,False,False,False,False,False
Uniting McKay House Tamworth | The Uniting Church in Australia Property Trust (NSW),Uniting McKay House Tamworth,NSW,Not for Profit,Small,4.0,-0.11805745388037392,0.0435760823187199,-0.16163353619909382,Aligned,False,3.0,5.0,False,True,False,False,False,False
Crowley Retirement Village | The Trustees of the Roman Catholic Church for the Diocese of Lismore,Crowley Retirement Village,NSW,Not for Profit,Medium,3.0,0.16254166887408525,-0.1719882124381784,0.3345298813122637,Aligned,False,3.0,5.0,False,False,False,False,False,True
Crowley Retirement Village | The Trustees of the Roman Catholic Church for the Diocese of Lismore,Crowley Retirement Village,NSW,Not for Profit,Medium,3.0,0.16254166887408525,-0.1719882124381784,0.3345298813122637,Aligned,False,3.0,5.0,False,False,False,False,False,True
Uniting Kingscliff | The Uniting Church in Australia Property Trust (NSW),Uniting Kingscliff,NSW,Not for Profit,Medium,4.0,-0.7318113822049366,0.0435760823187199,-0.7753874645236565,Potentially over-rated,False,2.0,5.0,False,True,True,False,False,False
Garden Village | Garden Village Port Macquarie,Garden Village,NSW,Not for Profit,Large,3.0,-0.6871324324070801,-0.1719882124381784,-0.5151442199689017,Potentially over-rated,False,1.0,5.0,False,False,True,False,False,False
IRT Dalmeny | Illawarra Retirement Trust,IRT Dalmeny,NSW,Not for Profit,Small,4.0,0.5076051840470545,0.0435760823187199,0.46402910172833456,Potentially under-rated,False,4.0,5.0,False,False,False,False,False,False
Whiddon Casino | The Frank Whiddon Masonic Homes of New South Wales,Whiddon Casino,NSW,Not for Profit,Medium,4.0,-0.3275152126616166,0.0435760823187199,-0.3710912949803365,Aligned,False,3.0,5.0,False,False,False,False,False,False
Bethany Aged Care Plus Centre | The Salvation Army (NSW) Property Trust,Bethany Aged Care Plus Centre,NSW,Not for Profit,Medium,3.0,0.19640487841297238,-0.1719882124381784,0.3683930908511508,Aligned,False,3.0,5.0,False,False,False,False,False,False
Green Hills Residential Care Service | The Churches of Christ Property Trust,Green Hills Residential Care Service,NSW,Not for Profit,Large,4.0,0.09029343106663508,0.0435760823187199,0.04671734874791518,Aligned,False,3.0,5.0,False,False,False,False,False,False
Estia Health Tuncurry | Estia Investments Pty Ltd,Estia Health Tuncurry,NSW,Private for Profit,Large,4.0,0.6148510165379123,0.0435760823187199,0.5712749342191924,Potentially under-rated,False,5.0,5.0,False,False,False,False,False,False
Harbourside Residential Care | Port Stephens Veterans and Citizens Aged Care Ltd,Harbourside Residential Care,NSW,Not for Profit,Large,4.0,-0.03103540478516704,0.0435760823187199,-0.07461148710388694,Aligned,False,3.0,4.0,False,False,False,False,False,False
St Vincent's Care Services Heathcote | St Vincent's Care Services Ltd,St Vincent's Care Services Heathcote,NSW,Not for Profit,Large,4.0,0.26610319306171254,0.0435760823187199,0.22252711074299264,Aligned,False,3.0,5.0,False,False,False,False,False,False
Imlay House | Sapphire Coast Community Aged Care Ltd,Imlay House,NSW,Not for Profit,Small,4.0,-0.01875349559244696,0.0435760823187199,-0.06232957791116686,Aligned,False,3.0,5.0,False,False,False,False,False,False
Regis Hornsby | Regis Aged Care Pty Ltd,Regis Hornsby,NSW,Private for Profit,Medium,3.0,-0.288660493583655,-0.1719882124381784,-0.11667228114547656,Aligned,False,3.0,5.0,False,False,False,False,False,False
Adina Care Cootamundra | Cootamundra Health Care Co-operative Limited,Adina Care Cootamundra,NSW,Not for Profit,Medium,3.0,-0.32540627222349666,-0.1719882124381784,-0.15341805978531825,Aligned,False,3.0,4.0,False,False,False,False,False,False
Navorina Nursing Home | The Deniliquin Nursing Home Foundation Ltd,Navorina Nursing Home,NSW,Not for Profit,Small,3.0,-0.9593505787183036,-0.1719882124381784,-0.7873623662801252,Potentially over-rated,False,2.0,4.0,False,False,True,False,False,False
Carino Care at Russell Lea | Carino Care Pty Ltd,Carino Care at Russell Lea,NSW,Private for Profit,Small,4.0,0.12220271210006999,0.0435760823187199,0.07862662978135009,Aligned,False,3.0,5.0,False,False,False,False,False,False
Scalabrini Village Griffith | Scalabrini Village Ltd,Scalabrini Village Griffith,NSW,Not for Profit,Medium,3.0,0.1889348307351892,-0.1719882124381784,0.36092304317336765,Aligned,False,3.0,5.0,False,False,False,False,False,False
Aeralife Pennant Hills | Heritage Care Pty Ltd,Aeralife Pennant Hills,NSW,Private for Profit,Small,5.0,0.6579125941004778,0.2591403770756181,0.39877221702485965,Aligned,False,4.0,5.0,False,False,False,False,False,False
IRT Culburra Beach | Illawarra Retirement Trust,IRT Culburra Beach,NSW,Not for Profit,Medium,4.0,-0.03970460849726156,0.0435760823187199,-0.08328069081598147,Aligned,False,4.0,5.0,False,False,False,False,False,False
Yeoval Community Nursing Home | United Protestant Association of NSW Limited,Yeoval Community Nursing Home,NSW,Not for Profit,Small,5.0,0.27858229980267774,0.2591403770756181,0.019441922727059635,Aligned,False,4.0,5.0,False,False,False,False,False,False
Finley Regional Care | Finley Regional Care Ltd,Finley Regional Care,NSW,Not for Profit,Medium,4.0,-0.4390386574147162,0.0435760823187199,-0.4826147397334361,Potentially over-rated,False,4.0,5.0,False,False,False,True,False,False
Seven Hills Nursing Home | SEVEN HILLS NURSING HOME PTY LIMITED,Seven Hills Nursing Home,NSW,Private for Profit,Medium,4.0,0.13685680620351248,0.0435760823187199,0.09328072388479258,Aligned,False,3.0,5.0,False,True,False,False,False,False
Cooinda | Respect Group Limited,Cooinda,NSW,Not for Profit,Medium,3.0,0.22360979324465305,-0.1719882124381784,0.39559800568283143,Aligned,False,3.0,5.0,False,False,False,False,False,False
McLean Care Mackellar Apex Campus | McLean Care Ltd,McLean Care Mackellar Apex Campus,NSW,Not for Profit,Medium,3.0,-0.37135575289136497,-0.1719882124381784,-0.19936754045318655,Aligned,False,2.0,5.0,False,True,False,False,False,False
Uniting Lillian Wells North Parramatta | The Uniting Church in Australia Property Trust (NSW),Uniting Lillian Wells North Parramatta,NSW,Not for Profit,Medium,4.0,-0.2833463082578469,0.0435760823187199,-0.3269223905765668,Aligned,False,3.0,5.0,False,False,False,False,False,False
Scalabrini Village Chipping Norton | Scalabrini Village Ltd,Scalabrini Village Chipping Norton,NSW,Not for Profit,Large,3.0,-0.2274472379853546,-0.1719882124381784,-0.05545902554717619,Aligned,False,3.0,5.0,False,False,False,False,False,False
Southhaven Aged Care | IC (PADSTOW HEIGHTS) PTY LTD,Southhaven Aged Care,NSW,Private for Profit,Large,3.0,0.19547908632842734,-0.1719882124381784,0.3674672987666058,Aligned,False,3.0,5.0,False,False,False,False,False,False
St Hedwig Village | Catholic Healthcare Limited,St Hedwig Village,NSW,Not for Profit,Small,4.0,0.5206881739244064,0.0435760823187199,0.47711209160568646,Potentially under-rated,False,4.0,5.0,False,True,False,False,False,False
Turramurra House Nursing Home | Thompson Health Care Pty Ltd,Turramurra House Nursing Home,NSW,Private for Profit,Small,4.0,-0.0725172534837179,0.0435760823187199,-0.1160933358024378,Aligned,False,4.0,5.0,False,False,False,False,False,False
Horton House and Warmington Lodge | Yass Valley Aged Care Limited,Horton House and Warmington Lodge,NSW,Private for Profit,Medium,4.0,-0.23407429795797952,0.0435760823187199,-0.2776503802766994,Aligned,False,3.0,5.0,False,False,False,False,False,False
Chow Cho-Poon Nursing Home | Australian Nursing Home Foundation Limited,Chow Cho-Poon Nursing Home,NSW,Not for Profit,Small,4.0,1.0162570461377165,0.0435760823187199,0.9726809638189966,Potentially under-rated,False,5.0,5.0,False,True,False,False,False,False
Mountainview Nursing Home | MOUNTAINVIEW NURSING HOME PTY LIMITED,Mountainview Nursing Home,NSW,Private for Profit,Medium,3.0,0.006907161925454468,-0.1719882124381784,0.17889537436363287,Aligned,False,3.0,4.0,False,False,False,False,False,False
Scalabrini Village Allambie Heights | Scalabrini Village Ltd,Scalabrini Village Allambie Heights,NSW,Not for Profit,Medium,3.0,0.296971732375636,-0.1719882124381784,0.4689599448138144,Potentially under-rated,False,3.0,5.0,False,False,False,False,False,True
Laurieton Lakeside Aged Care Residence | Halenvy Pty Limited,Laurieton Lakeside Aged Care Residence,NSW,Private for Profit,Medium,4.0,0.03393280785915933,0.0435760823187199,-0.00964327445956057,Aligned,False,3.0,4.0,False,False,False,False,False,False
Tarragal House | Thompson Health Care Pty Ltd,Tarragal House,NSW,Private for Profit,Medium,4.0,-0.17782408925960366,0.0435760823187199,-0.22140017157832356,Aligned,False,1.0,5.0,False,False,True,False,False,False
Whiddon Temora Narraburra | The Frank Whiddon Masonic Homes of New South Wales,Whiddon Temora Narraburra,NSW,Not for Profit,Small,4.0,-0.2906528468767786,0.0435760823187199,-0.3342289291954985,Aligned,False,3.0,5.0,False,False,False,False,False,False
Gillawarna Village | Bankstown City Aged Care Ltd,Gillawarna Village,NSW,Not for Profit,Large,4.0,0.18525093311755403,0.0435760823187199,0.14167485079883413,Aligned,False,3.0,5.0,False,False,False,False,False,False
Twilight Grace Gardens | Twilight House,Twilight Grace Gardens,NSW,Not for Profit,Small,3.0,0.15840353051050138,-0.1719882124381784,0.3303917429486798,Aligned,False,3.0,5.0,False,True,False,False,False,False
Sirius Cove Nursing Home | Fresh Fields Aged Care (NSW) - No 1 Pty Ltd,Sirius Cove Nursing Home,NSW,Private for Profit,Small,4.0,0.531926691252176,0.0435760823187199,0.48835060893345605,Potentially under-rated,False,4.0,5.0,False,False,False,False,False,False
Estia Health Kogarah | Estia Investments Pty Ltd,Estia Health Kogarah,NSW,Private for Profit,Medium,4.0,0.2006200292930501,0.0435760823187199,0.1570439469743302,Aligned,False,3.0,5.0,False,False,False,False,False,False
Russian Relief Association of St Sergius of Radonezh | Russian Relief Association of St Sergius of Radonezh,Russian Relief Association of St Sergius of Radonezh,NSW,Not for Profit,Large,4.0,0.8372057048085813,0.0435760823187199,0.7936296224898614,Potentially under-rated,False,4.0,5.0,False,False,False,False,False,False
SummitCare Smithfield | Stelcom Pty Limited,SummitCare Smithfield,NSW,Private for Profit,Medium,4.0,1.0614791650534037,0.0435760823187199,1.0179030827346838,Potentially under-rated,False,5.0,5.0,True,True,False,False,False,False
Bernard Chan Nursing Home | Australian Nursing Home Foundation Limited,Bernard Chan Nursing Home,NSW,Not for Profit,Small,4.0,0.6453516315083099,0.0435760823187199,0.60177554918959,Potentially under-rated,False,5.0,5.0,False,False,False,False,False,False
Scalabrini Village Nursing Home (Bexley) | Scalabrini Village Ltd,Scalabrini Village Nursing Home (Bexley),NSW,Not for Profit,Large,3.0,-0.1653843436225733,-0.1719882124381784,0.006603868815605124,Aligned,False,2.0,5.0,False,True,False,False,False,False
Regis Rose Bay | Regis Aged Care Pty Ltd,Regis Rose Bay,NSW,Private for Profit,Small,5.0,0.3268636478842567,0.2591403770756181,0.0677232708086386,Aligned,False,5.0,5.0,False,False,False,False,False,False
Southern Cross Care Ozanam Residential Aged Care | Southern Cross Care (NSW & ACT) Limited,Southern Cross Care Ozanam Residential Aged Care,ACT,Not for Profit,Medium,3.0,0.11587539276594339,-0.1719882124381784,0.2878636052041218,Aligned,False,3.0,5.0,True,True,False,False,False,False
Uniting Mirinjani Weston ACT | The Uniting Church in Australia Property Trust (NSW),Uniting Mirinjani Weston ACT,ACT,Not for Profit,Medium,4.0,0.3642327114967853,0.0435760823187199,0.3206566291780654,Aligned,False,5.0,5.0,True,True,False,False,False,False
Uniting Mirinjani Weston ACT | The Uniting Church in Australia Property Trust (NSW),Uniting Mirinjani Weston ACT,ACT,Not for Profit,Medium,4.0,0.3642327114967853,0.0435760823187199,0.3206566291780654,Aligned,False,3.0,5.0,True,True,False,False,False,False
Sir Leslie Morshead Manor | Morshead Home For Veterans and Other Aged Persons Limited,Sir Leslie Morshead Manor,ACT,Not for Profit,Medium,4.0,0.28850234012885584,0.0435760823187199,0.24492625781013594,Aligned,False,4.0,5.0,False,False,False,False,False,False
RFBI Holt Masonic Village | Royal Freemasons' Benevolent Institution,RFBI Holt Masonic Village,ACT,Not for Profit,Small,4.0,-0.094187026423366,0.0435760823187199,-0.13776310874208592,Aligned,False,2.0,5.0,False,False,True,False,False,False
Goodwin Ainslie (Goodwin House) | Goodwin Aged Care Services Limited,Goodwin Ainslie (Goodwin House),ACT,Not for Profit,Medium,4.0,0.4998964443112945,0.0435760823187199,0.4563203619925746,Aligned,False,4.0,5.0,False,False,False,False,False,False
Goodwin Farrer (George Sautelle House) | Goodwin Aged Care Services Limited,Goodwin Farrer (George Sautelle House),ACT,Not for Profit,Medium,4.0,0.08269218470601077,0.0435760823187199,0.039116102387290866,Aligned,False,4.0,5.0,False,False,False,False,False,False
Adria Village Ltd | Adria Village Limited,Adria Village Ltd,ACT,Not for Profit,Small,4.0,0.09077792492358543,0.0435760823187199,0.047201842604865527,Aligned,False,3.0,5.0,False,False,False,False,False,False
Villaggio Sant Antonio Hostel | Villaggio Italiano Ltd,Villaggio Sant Antonio Hostel,ACT,Not for Profit,Medium,4.0,-0.2013803076458386,0.0435760823187199,-0.2449563899645585,Aligned,False,2.0,5.0,False,True,True,False,False,False
BaptistCare Carey Gardens Centre | BaptistCare,BaptistCare Carey Gardens Centre,ACT,Not for Profit,Small,4.0,0.6607707236769789,0.0435760823187199,0.617194641358259,Potentially under-rated,False,5.0,5.0,False,False,False,True,False,False
Mountain View Aged Care Plus Centre | The Salvation Army (NSW) Property Trust,Mountain View Aged Care Plus Centre,ACT,Not for Profit,Medium,4.0,-0.029156340990949842,0.0435760823187199,-0.07273242330966974,Aligned,False,3.0,5.0,False,True,False,False,False,False
Warrigal Hughes | Warrigal Care Limited,Warrigal Hughes,ACT,Not for Profit,Large,3.0,-0.02336216925071834,-0.1719882124381784,0.14862604318746006,Aligned,False,3.0,4.0,False,False,False,False,False,False
Bill McKenzie Gardens | RSL LifeCare Limited,Bill McKenzie Gardens,ACT,Not for Profit,Large,4.0,0.3015078576035496,0.0435760823187199,0.2579317752848297,Aligned,False,4.0,5.0,False,False,False,False,False,False
Uniting Eabrai Weston ACT | The Uniting Church in Australia Property Trust (NSW),Uniting Eabrai Weston ACT,ACT,Not for Profit,Small,4.0,-1.2215365464581585,0.0435760823187199,-1.2651126287768784,Potentially over-rated,False,3.0,5.0,False,False,False,False,False,False
Goodwin Monash | Goodwin Aged Care Services Limited,Goodwin Monash,ACT,Not for Profit,Large,4.0,0.13836782761034236,0.0435760823187199,0.09479174529162246,Aligned,False,4.0,5.0,True,True,False,False,False,False
BaptistCare Griffith | BaptistCare,BaptistCare Griffith,ACT,Not for Profit,Large,4.0,0.01612519445103361,0.0435760823187199,-0.02745088786768629,Aligned,False,4.0,5.0,False,False,False,True,False,False
Uniting Mirinjani Weston ACT | The Uniting Church in Australia Property Trust (NSW),Uniting Mirinjani Weston ACT,ACT,Not for Profit,Large,4.0,0.3861981613409813,0.0435760823187199,0.3426220790222614,Aligned,False,5.0,5.0,True,True,False,False,False,False
Uniting Mirinjani Weston ACT | The Uniting Church in Australia Property Trust (NSW),Uniting Mirinjani Weston ACT,ACT,Not for Profit,Large,4.0,0.3861981613409813,0.0435760823187199,0.3426220790222614,Aligned,False,3.0,5.0,True,True,False,False,False,False
Fred Ward Gardens | RSL LifeCare Limited,Fred Ward Gardens,ACT,Not for Profit,Large,4.0,-0.4653991910199778,0.0435760823187199,-0.5089752733386976,Potentially over-rated,False,1.0,5.0,True,False,True,False,False,False
Jindalee Aged Care Residence | Johnson Village Services Pty Ltd,Jindalee Aged Care Residence,ACT,Private for Profit,Large,4.0,0.26736404704811206,0.0435760823187199,0.22378796472939216,Aligned,False,3.0,5.0,False,False,False,False,False,False
Avonlea | Respect Group Limited,Avonlea,VIC,Not for Profit,Small,4.0,-0.351532564051467,0.0435760823187199,-0.3951086463701869,Aligned,False,3.0,5.0,True,False,False,False,False,False
Margery Cole Residential Care Service | Yallambee Traralgon Village For The Aged Inc,Margery Cole Residential Care Service,VIC,Not for Profit,Large,4.0,-0.14213169103207382,0.0435760823187199,-0.18570777335079372,Aligned,False,3.0,5.0,False,False,False,False,False,False
Manor Court Werribee Aged Care Ltd | MANOR COURT WERRIBEE AGED CARE LIMITED,Manor Court Werribee Aged Care Ltd,VIC,Not for Profit,Medium,3.0,-0.10716037262510873,-0.1719882124381784,0.06482783981306968,Aligned,False,3.0,5.0,False,False,False,False,False,False
Woorayl Lodge Hostel | Woorayl Lodge Inc,Woorayl Lodge Hostel,VIC,Not for Profit,Small,4.0,-0.4376915864557989,0.0435760823187199,-0.4812676687745188,Potentially over-rated,False,3.0,5.0,False,False,False,False,False,False
Dorothy Impey Home | Coburg Home for the Aged Inc,Dorothy Impey Home,VIC,Not for Profit,Medium,4.0,-0.4912302640774699,0.0435760823187199,-0.5348063463961898,Potentially over-rated,False,3.0,5.0,True,False,False,False,False,False
Mercy Place Colac | Mercy Aged and Community Care Ltd,Mercy Place Colac,VIC,Not for Profit,Large,4.0,-0.266726345492134,0.0435760823187199,-0.3103024278108539,Aligned,False,3.0,5.0,False,False,False,False,False,False
Eva Tilley Memorial Hostel | EVA TILLEY MEMORIAL HOME INCORPORATED,Eva Tilley Memorial Hostel,VIC,Not for Profit,Large,3.0,-0.0123193620620905,-0.1719882124381784,0.1596688503760879,Aligned,False,3.0,5.0,False,True,False,False,False,False
Sunnyside House | Sunnyside House Inc,Sunnyside House,VIC,Not for Profit,Small,4.0,-0.3302434374073677,0.0435760823187199,-0.3738195197260876,Aligned,False,3.0,5.0,False,False,False,False,False,False
Rose Lodge | Wonthaggi & District Elderly Citizens Homes Inc,Rose Lodge,VIC,Not for Profit,Medium,3.0,-0.7033635243959906,-0.1719882124381784,-0.5313753119578122,Potentially over-rated,False,1.0,5.0,False,False,False,False,False,False
Carinya Lodge Hostel | CARINYA LODGE HOMES INC.,Carinya Lodge Hostel,VIC,Not for Profit,Small,4.0,-0.042815459972973556,0.0435760823187199,-0.08639154229169346,Aligned,False,3.0,5.0,False,False,False,False,False,False
mecwacare Noel Miller Centre | MECWA Limited,mecwacare Noel Miller Centre,VIC,Not for Profit,Large,4.0,0.034900365627913654,0.0435760823187199,-0.008675716690806246,Aligned,False,3.0,5.0,False,True,False,False,False,False
"Jewish Care (Vic) Inc. Residential Homes, Windsor | Jewish Care (Victoria) Inc","Jewish Care (Vic) Inc. Residential Homes, Windsor",VIC,Not for Profit,Large,4.0,-0.20086522559169964,0.0435760823187199,-0.24444130791041954,Aligned,False,3.0,5.0,False,True,False,False,False,False
Nazareth House Camberwell | Nazareth Care,Nazareth House Camberwell,VIC,Not for Profit,Medium,4.0,0.7228012376159669,0.0435760823187199,0.679225155297247,Potentially under-rated,False,5.0,5.0,False,True,False,False,False,False
Ashleigh House Hostel | Ashleigh House Ltd,Ashleigh House Hostel,VIC,Not for Profit,Medium,4.0,-0.4733171527119713,0.0435760823187199,-0.5168932350306912,Potentially over-rated,False,3.0,4.0,False,False,False,False,False,False
Alcheringa | Respect Group Limited,Alcheringa,VIC,Not for Profit,Medium,4.0,-0.3038784401944748,0.0435760823187199,-0.3474545225131947,Aligned,False,2.0,5.0,False,False,True,False,False,False
Benetas Broughton Hall | Anglican Aged Care Services Group,Benetas Broughton Hall,VIC,Not for Profit,Small,4.0,0.12110377825258152,0.0435760823187199,0.07752769593386162,Aligned,False,3.0,5.0,True,True,False,False,False,False
Cohuna Village | Respect Group Limited,Cohuna Village,VIC,Not for Profit,Small,4.0,-0.23396121906320957,0.0435760823187199,-0.27753730138192945,Aligned,False,3.0,5.0,False,False,False,False,False,False
Benetas Gladswood Lodge | Anglican Aged Care Services Group,Benetas Gladswood Lodge,VIC,Not for Profit,Small,4.0,0.005174766642662994,0.0435760823187199,-0.0384013156760569,Aligned,False,3.0,5.0,False,False,False,False,False,False
Benetas Dalkeith Gardens | Anglican Aged Care Services Group,Benetas Dalkeith Gardens,VIC,Not for Profit,Medium,4.0,0.2626317120220435,0.0435760823187199,0.2190556297033236,Aligned,False,2.0,5.0,False,False,True,False,False,False
Campbell Place | Australian Unity Care Services Pty Ltd,Campbell Place,VIC,Private for Profit,Medium,4.0,0.2980469277762745,0.0435760823187199,0.2544708454575546,Aligned,False,3.0,5.0,False,False,False,False,False,False
Emmy Monash Aged Care | EMMY MONASH AGED CARE INC.,Emmy Monash Aged Care,VIC,Not for Profit,Large,4.0,-0.16582813886499118,0.0435760823187199,-0.20940422118371108,Aligned,False,3.0,5.0,False,False,False,False,False,False
Vasey RSL Care Frankston South | VASEY RSL CARE LIMITED,Vasey RSL Care Frankston South,VIC,Not for Profit,Large,4.0,0.22645684118674492,0.0435760823187199,0.18288075886802502,Aligned,False,3.0,5.0,False,False,False,False,False,False
AdventCare Whitehorse | Seventh-Day Adventist Aged Care (Victoria) Ltd,AdventCare Whitehorse,VIC,Not for Profit,Large,3.0,0.10147353592220247,-0.1719882124381784,0.2734617483603809,Aligned,False,3.0,5.0,False,True,False,False,False,False
AdventCare Yarra Ranges | Seventh-Day Adventist Aged Care (Victoria) Ltd,AdventCare Yarra Ranges,VIC,Not for Profit,Small,4.0,0.2925082449829391,0.0435760823187199,0.2489321626642192,Aligned,False,3.0,5.0,True,False,False,False,False,False
Dunmunkle Lodge Hostel | DUNMUNKLE LODGE INC.,Dunmunkle Lodge Hostel,VIC,Not for Profit,Small,3.0,-0.6031717397809933,-0.1719882124381784,-0.43118352734281484,Aligned,False,3.0,4.0,False,False,False,False,False,False
Wharparilla Lodge | Echuca Benevolent Society Inc,Wharparilla Lodge,VIC,Not for Profit,Medium,4.0,0.03835018237419361,0.0435760823187199,-0.00522589994452629,Aligned,False,3.0,5.0,False,False,False,False,False,False
Edgarley Home | Edgarley Home Inc,Edgarley Home,VIC,Not for Profit,Small,4.0,-0.44477622635496955,0.0435760823187199,-0.48835230867368945,Potentially over-rated,False,2.0,5.0,False,False,True,False,False,False
Karingal Seymour | Seymour Elderly Citizens Hostel Inc,Karingal Seymour,VIC,Not for Profit,Small,4.0,-0.0018800985232154631,0.0435760823187199,-0.04545618084193536,Aligned,False,3.0,5.0,False,False,False,False,False,False
Mercy Place Boronia | Mercy Aged and Community Care Ltd,Mercy Place Boronia,VIC,Not for Profit,Small,4.0,0.11078542102363298,0.0435760823187199,0.06720933870491308,Aligned,False,3.0,5.0,False,False,False,False,False,False
mecwacare Simon Price Centre | MECWA Limited,mecwacare Simon Price Centre,VIC,Not for Profit,Medium,4.0,-0.1664463486728089,0.0435760823187199,-0.2100224309915288,Aligned,False,3.0,5.0,False,True,False,False,False,False
Jacaranda House Hostel | Bairnsdale Regional Health Service,Jacaranda House Hostel,VIC,Government,Small,4.0,-0.5766002489783458,0.0435760823187199,-0.6201763312970657,Potentially over-rated,False,3.0,5.0,True,False,False,False,False,False
Benetas St Paul's Terrace | Anglican Aged Care Services Group,Benetas St Paul's Terrace,VIC,Not for Profit,Medium,4.0,0.2880284897328956,0.0435760823187199,0.24445240741417568,Aligned,False,3.0,5.0,False,False,False,False,False,False
Villa Maria Catholic Homes Providence Aged Care Residence | Villa Maria Catholic Homes Limited,Villa Maria Catholic Homes Providence Aged Care Residence,VIC,Not for Profit,Medium,4.0,-0.24210739105455767,0.0435760823187199,-0.2856834733732776,Aligned,False,2.0,5.0,False,False,True,False,False,False
ST CATHERINE'S WANGARATTA INC. | ST CATHERINE'S WANGARATTA INC.,ST CATHERINE'S WANGARATTA INC.,VIC,Not for Profit,Medium,4.0,-0.20584014941075382,0.0435760823187199,-0.24941623172947372,Aligned,False,3.0,5.0,False,False,False,False,False,False
Emerald Hill Residence | Claremont and Southport Aged Care Limited,Emerald Hill Residence,VIC,Not for Profit,Large,4.0,0.1696505630040851,0.0435760823187199,0.1260744806853652,Aligned,False,4.0,5.0,True,True,False,False,False,False
Gorrinn House Hostel | Ararat Retirement Village Inc,Gorrinn House Hostel,VIC,Not for Profit,Medium,4.0,0.2923155386893801,0.0435760823187199,0.2487394563706602,Aligned,False,4.0,5.0,False,False,False,True,False,False
Melaleuca Aged Care | Phillip Island Homes for the Aged Association Inc,Melaleuca Aged Care,VIC,Not for Profit,Small,4.0,0.49507815115218756,0.0435760823187199,0.45150206883346766,Aligned,False,3.0,4.0,False,False,False,False,False,False
Fairview Inc | Fairview Village Limited,Fairview Inc,VIC,Not for Profit,Medium,4.0,0.3764496770899164,0.0435760823187199,0.3328735947711965,Aligned,False,4.0,5.0,False,False,False,False,False,False
Benetas St Laurence Court - Eaglehawk | Anglican Aged Care Services Group,Benetas St Laurence Court - Eaglehawk,VIC,Not for Profit,Medium,4.0,-0.3480206796510672,0.0435760823187199,-0.3915967619697871,Aligned,False,2.0,5.0,False,False,True,False,False,False
Villa Maria Catholic Homes St Catherine's Aged Care Residence | Villa Maria Catholic Homes Limited,Villa Maria Catholic Homes St Catherine's Aged Care Residence,VIC,Not for Profit,Medium,4.0,0.7094928008733675,0.0435760823187199,0.6659167185546476,Potentially under-rated,False,5.0,5.0,False,True,False,False,False,False
Mercy Place Fernhill | Mercy Aged and Community Care Ltd,Mercy Place Fernhill,VIC,Not for Profit,Large,4.0,0.123474449949372,0.0435760823187199,0.0798983676306521,Aligned,False,3.0,5.0,False,False,False,False,False,False
Mayflower Brighton | Mayflower Brighton,Mayflower Brighton,VIC,Not for Profit,Large,4.0,-0.027235091767107752,0.0435760823187199,-0.07081117408582766,Aligned,False,3.0,5.0,False,False,False,False,False,False
Churches of Christ Oak Towers Aged Care Service | Churches of Christ in Queensland,Churches of Christ Oak Towers Aged Care Service,VIC,Not for Profit,Large,4.0,0.1690448125455646,0.0435760823187199,0.1254687302268447,Aligned,False,3.0,5.0,False,False,False,False,False,False
Uniting AgeWell Condare Court | Uniting Agewell Limited,Uniting AgeWell Condare Court,VIC,Not for Profit,Small,4.0,0.7042453640280252,0.0435760823187199,0.6606692817093053,Potentially under-rated,False,5.0,5.0,False,False,False,False,False,False
Uniting AgeWell Strath-Haven | Uniting Agewell Limited,Uniting AgeWell Strath-Haven,VIC,Not for Profit,Large,4.0,0.4973614401199982,0.0435760823187199,0.4537853578012783,Aligned,False,4.0,5.0,True,False,False,False,False,False
Uniting AgeWell Kalkee Nangatta | Uniting Agewell Limited,Uniting AgeWell Kalkee Nangatta,VIC,Not for Profit,Small,4.0,-0.4549191888482327,0.0435760823187199,-0.4984952711669526,Potentially over-rated,False,3.0,5.0,False,False,False,False,False,False
Uniting AgeWell Box Hill | Uniting Agewell Limited,Uniting AgeWell Box Hill,VIC,Not for Profit,Large,4.0,1.0360897851560404,0.0435760823187199,0.9925137028373205,Potentially under-rated,False,5.0,5.0,True,True,False,False,False,False
Uniting AgeWell Hawthorn Community | Uniting Agewell Limited,Uniting AgeWell Hawthorn Community,VIC,Not for Profit,Large,4.0,-0.045474673781170066,0.0435760823187199,-0.08905075609988997,Aligned,False,3.0,5.0,False,True,False,False,False,False
Crossley House Hostel Inc | Yarram & District Health Service,Crossley House Hostel Inc,VIC,Government,Small,4.0,-0.22450155191458643,0.0435760823187199,-0.26807763423330633,Aligned,False,2.0,5.0,True,False,True,False,False,False
Stretton Park Hostel | Stretton Park Incorporated,Stretton Park Hostel,VIC,Not for Profit,Small,4.0,-0.0634269891079137,0.0435760823187199,-0.1070030714266336,Aligned,False,3.0,5.0,False,False,False,False,False,False
Faversham House | Boroondara Aged Services Society,Faversham House,VIC,Not for Profit,Large,4.0,0.026127062945074886,0.0435760823187199,-0.017449019373645014,Aligned,False,3.0,5.0,False,True,False,False,False,False
Rosebank Hostel | Yea and District Memorial Hospital,Rosebank Hostel,VIC,Government,Small,4.0,0.8087017408289809,0.0435760823187199,0.765125658510261,Potentially under-rated,False,5.0,5.0,False,False,False,False,False,False
Hopetoun Hostel | Rural Northwest Health,Hopetoun Hostel,VIC,Government,Small,4.0,-0.39048977038540816,0.0435760823187199,-0.43406585270412806,Aligned,False,3.0,5.0,False,False,False,False,False,False
Prague House | St Vincent's Hospital (Melbourne) Limited,Prague House,VIC,Not for Profit,Small,3.0,0.18759236149501515,-0.1719882124381784,0.35958057393319354,Aligned,False,2.0,4.0,False,False,True,False,False,False
Lynden Aged Care | Lynden Aged Care Association Inc,Lynden Aged Care,VIC,Not for Profit,Medium,4.0,0.05905539118923429,0.0435760823187199,0.015479308870514387,Aligned,False,3.0,5.0,True,False,False,False,False,False
Villa Maria Catholic Homes Willowbrooke Aged Care Residence | Villa Maria Catholic Homes Limited,Villa Maria Catholic Homes Willowbrooke Aged Care Residence,VIC,Not for Profit,Small,4.0,-0.4424798631425702,0.0435760823187199,-0.4860559454612901,Potentially over-rated,False,2.0,5.0,False,False,True,False,False,False
Walmsley Aged Care | Australian Unity Care Services Pty Ltd,Walmsley Aged Care,VIC,Private for Profit,Large,4.0,-0.06652853695274845,0.0435760823187199,-0.11010461927146835,Aligned,False,3.0,5.0,False,False,False,False,False,False
Latrobe Valley Village Hostel | LATROBE VALLEY VILLAGE INC.,Latrobe Valley Village Hostel,VIC,Not for Profit,Medium,4.0,-0.24780561027021175,0.0435760823187199,-0.29138169258893165,Aligned,False,2.0,5.0,False,False,True,False,False,False
mecwacare O'Mara House | MECWA Limited,mecwacare O'Mara House,VIC,Not for Profit,Small,4.0,0.06482900955021259,0.0435760823187199,0.02125292723149269,Aligned,False,4.0,5.0,False,False,False,False,False,False
Regis East Malvern | Regis Aged Care Pty Ltd,Regis East Malvern,VIC,Private for Profit,Large,3.0,0.015181038164431079,-0.1719882124381784,0.1871692506026095,Aligned,False,2.0,5.0,True,True,False,False,False,False
Mitchell House | Respect Group Limited,Mitchell House,VIC,Not for Profit,Small,4.0,-0.3112818790792994,0.0435760823187199,-0.3548579613980193,Aligned,False,3.0,5.0,False,True,False,False,False,False
Villa Maria Catholic Homes John R Hannah Aged Care Residence | Villa Maria Catholic Homes Limited,Villa Maria Catholic Homes John R Hannah Aged Care Residence,VIC,Not for Profit,Medium,4.0,0.48636858890620566,0.0435760823187199,0.44279250658748576,Aligned,False,5.0,5.0,False,False,False,False,False,False
Coates | Respect Group Limited,Coates,VIC,Not for Profit,Small,4.0,0.6975438162275059,0.0435760823187199,0.653967733908786,Potentially under-rated,False,5.0,5.0,False,False,False,True,False,False
The Views at Heidelberg | Anglican Aged Care Services Group,The Views at Heidelberg,VIC,Not for Profit,Large,3.0,0.4287413599901862,-0.1719882124381784,0.6007295724283646,Potentially under-rated,False,4.0,4.0,False,False,False,False,False,True
Prom Country Aged Care | Prom Country Aged Care Inc,Prom Country Aged Care,VIC,Not for Profit,Medium,3.0,-0.4382536454520718,-0.1719882124381784,-0.2662654330138934,Aligned,False,3.0,5.0,False,False,False,False,False,False
Bolton Clarke Glendale (VIC) | RSL Care RDNS Limited,Bolton Clarke Glendale (VIC),VIC,Not for Profit,Large,4.0,0.29566452772172946,0.0435760823187199,0.25208844540300956,Aligned,False,3.0,5.0,False,False,False,False,False,False
Benetas Corowa Court | Anglican Aged Care Services Group,Benetas Corowa Court,VIC,Not for Profit,Large,4.0,0.6112207326986612,0.0435760823187199,0.5676446503799413,Potentially under-rated,False,5.0,5.0,False,False,False,False,False,False
Lionsbrae Hostel | Ringwood Area Lions Aged Care Inc,Lionsbrae Hostel,VIC,Not for Profit,Medium,4.0,0.10618423889789942,0.0435760823187199,0.06260815657917952,Aligned,False,3.0,5.0,False,True,False,False,False,False
Cumberland View Aged Care - Whalley Drive | Tingari Group Pty Ltd,Cumberland View Aged Care - Whalley Drive,VIC,Private for Profit,Large,3.0,0.0326338543778986,-0.1719882124381784,0.204622066816077,Aligned,False,3.0,4.0,False,False,False,False,False,False
Corpus Christi Community | Villa Maria Catholic Homes Limited,Corpus Christi Community,VIC,Not for Profit,Medium,3.0,0.20949798776748815,-0.1719882124381784,0.3814862002056666,Aligned,False,3.0,4.0,False,False,False,False,False,False
Elderly Chinese Home | ELDERLY CHINESE HOME INC.,Elderly Chinese Home,VIC,Not for Profit,Small,4.0,0.20435584466982284,0.0435760823187199,0.16077976235110295,Aligned,False,3.0,5.0,False,True,False,False,False,False
Regis Alawarra Lodge | Regis Aged Care Pty Ltd,Regis Alawarra Lodge,VIC,Private for Profit,Medium,4.0,0.1582753480711159,0.0435760823187199,0.114699265752396,Aligned,False,4.0,5.0,True,True,False,False,False,False
St Basil's Homes for the Aged in Victoria | St Basil's Homes for the Aged in Victoria,St Basil's Homes for the Aged in Victoria,VIC,Not for Profit,Medium,4.0,0.2791734571609203,0.0435760823187199,0.2355973748422004,Aligned,False,3.0,5.0,False,False,False,False,False,False
mecwacare Vincent House | MECWA Limited,mecwacare Vincent House,VIC,Not for Profit,Small,5.0,-0.20223948256118876,0.2591403770756181,-0.46137985963680683,Potentially over-rated,False,5.0,5.0,False,False,False,False,False,False
Napier Street Aged Care Services | One Hundred & Seventy Nine Napier St Hostel Assoc Inc,Napier Street Aged Care Services,VIC,Not for Profit,Small,4.0,0.7675675665121977,0.0435760823187199,0.7239914841934778,Potentially under-rated,False,5.0,5.0,False,True,False,False,False,False
Sacred Heart Community | Sacred Heart Mission Inc,Sacred Heart Community,VIC,Not for Profit,Medium,4.0,0.638389934373704,0.0435760823187199,0.594813852054984,Potentially under-rated,False,4.0,5.0,False,True,False,False,False,False
Westmont Homestead | Westmont Aged Care Services Limited,Westmont Homestead,VIC,Not for Profit,Large,1.0,0.0029707866366421865,-0.6031168019519749,0.6060875885886171,Potentially under-rated,False,3.0,1.0,False,False,False,False,False,False
Benetas St Laurence Court - Kangaroo Flat | Anglican Aged Care Services Group,Benetas St Laurence Court - Kangaroo Flat,VIC,Not for Profit,Small,3.0,-0.42391676827705876,-0.1719882124381784,-0.25192855583888035,Aligned,False,3.0,5.0,False,False,False,False,False,False
Kalyna Care | Ukrainian Elderly People's Home,Kalyna Care,VIC,Not for Profit,Large,4.0,-0.27548100274667026,0.0435760823187199,-0.31905708506539016,Aligned,False,2.0,5.0,False,False,True,False,False,False
Aberlea Inc | Aberlea Inc,Aberlea Inc,VIC,Not for Profit,Small,5.0,0.39981585052141444,0.2591403770756181,0.14067547344579634,Aligned,False,5.0,5.0,False,False,False,False,False,False
MiCare Avondrust Lodge | MiCare Ltd,MiCare Avondrust Lodge,VIC,Not for Profit,Large,4.0,0.08705513721246338,0.0435760823187199,0.043479054893743485,Aligned,False,3.0,5.0,False,True,False,False,False,False
Carshalton House Hostel | Bendigo Health Care Group,Carshalton House Hostel,VIC,Government,Small,4.0,-0.6968383975860641,0.0435760823187199,-0.740414479904784,Potentially over-rated,False,3.0,5.0,False,False,False,False,False,False
Wintringham Williamstown Hostel | WINTRINGHAM LIMITED,Wintringham Williamstown Hostel,VIC,Not for Profit,Small,4.0,-0.5013489576923048,0.0435760823187199,-0.5449250400110247,Potentially over-rated,False,4.0,5.0,False,False,False,True,False,False
Arpad Aged Care | Arpad Elderly Welfare Society Inc,Arpad Aged Care,VIC,Not for Profit,Small,4.0,-0.4257484825833735,0.0435760823187199,-0.4693245649020934,Potentially over-rated,False,2.0,5.0,False,False,True,False,False,False
Bolton Clarke Tannoch Brae | RSL Care RDNS Limited,Bolton Clarke Tannoch Brae,VIC,Not for Profit,Small,5.0,0.35410309248454125,0.2591403770756181,0.09496271540892315,Aligned,False,4.0,5.0,False,False,False,False,False,False
The Bays Aged Care Facility | APOLLO CARE OPERATIONS PTY LIMITED,The Bays Aged Care Facility,VIC,Private for Profit,Medium,4.0,0.017921483487250617,0.0435760823187199,-0.025654598831469283,Aligned,False,3.0,4.0,False,False,False,False,False,False
Outlook Gardens Aged Care | Association for Christian Senior Citizens Homes Inc,Outlook Gardens Aged Care,VIC,Not for Profit,Medium,4.0,-0.059040504985938075,0.0435760823187199,-0.10261658730465797,Aligned,False,4.0,5.0,False,False,False,False,False,False
Garden View Court Hostel | East Grampians Health Service,Garden View Court Hostel,VIC,Government,Small,4.0,-0.343545724077226,0.0435760823187199,-0.3871218063959459,Aligned,False,3.0,5.0,False,False,False,False,False,False
Mekong Vietnamese Aged Care | Indochinese Elderly Refugees Association Victoria Inc,Mekong Vietnamese Aged Care,VIC,Not for Profit,Medium,4.0,0.7362617566450543,0.0435760823187199,0.6926856743263344,Potentially under-rated,False,5.0,5.0,False,False,False,False,False,False
Havilah Hostel | Havilah Hostel Inc,Havilah Hostel,VIC,Not for Profit,Medium,3.0,-0.3164355590154491,-0.1719882124381784,-0.1444473465772707,Aligned,False,1.0,4.0,False,False,False,False,False,False
Mercy Place Dandenong | Mercy Aged and Community Care Ltd,Mercy Place Dandenong,VIC,Not for Profit,Large,4.0,0.1466184610398455,0.0435760823187199,0.1030423787211256,Aligned,False,3.0,5.0,True,True,False,False,False,False
MiCare Overbeek Lodge | MiCare Ltd,MiCare Overbeek Lodge,VIC,Not for Profit,Small,4.0,0.9481807630929202,0.0435760823187199,0.9046046807742003,Potentially under-rated,False,5.0,5.0,True,True,False,False,False,False
Polish Retirement Home | Australian-Polish Benevolent Association of Victoria Inc,Polish Retirement Home,VIC,Not for Profit,Small,5.0,0.9424302677954323,0.2591403770756181,0.6832898907198142,Potentially under-rated,False,5.0,5.0,False,False,False,False,False,False
Riverside Hostel | Robinvale District Health Services,Riverside Hostel,VIC,Government,Small,4.0,-1.5247377220775966,0.0435760823187199,-1.5683138043963165,Potentially over-rated,True,1.0,5.0,False,False,True,False,False,False
Martin Luther Homes | MARTIN LUTHER HOMES BORONIA INC.,Martin Luther Homes,VIC,Not for Profit,Medium,4.0,0.11414316581922461,0.0435760823187199,0.07056708350050471,Aligned,False,3.0,5.0,False,True,False,False,False,False
Samarinda Lodge | Boroondara Aged Services Society,Samarinda Lodge,VIC,Not for Profit,Medium,3.0,0.04279936042491573,-0.1719882124381784,0.21478757286309413,Aligned,False,3.0,4.0,False,False,False,False,False,False
Estia Health Knoxfield | Estia Investments Pty Ltd,Estia Health Knoxfield,VIC,Private for Profit,Small,4.0,0.5353812767161404,0.0435760823187199,0.49180519439742054,Potentially under-rated,False,5.0,5.0,True,False,False,False,False,False
Isomer Aged Care Facility | Islamic Society of Melbourne Eastern Regions Inc,Isomer Aged Care Facility,VIC,Not for Profit,Small,3.0,-0.7434592923057175,-0.1719882124381784,-0.5714710798675391,Potentially over-rated,False,1.0,5.0,False,False,True,False,False,False
Willaura Aged Care | East Grampians Health Service,Willaura Aged Care,VIC,Government,Small,5.0,-0.5940084321338867,0.2591403770756181,-0.8531488092095048,Potentially over-rated,False,5.0,5.0,False,False,False,False,False,False
Willowbrae - Melton | Norsan Pty Ltd,Willowbrae - Melton,VIC,Private for Profit,Small,4.0,-0.23574475348676446,0.0435760823187199,-0.2793208358054844,Aligned,False,3.0,5.0,True,False,False,False,False,False
Laurina Lodge Hostel | Heyfield Hospital Incorporated,Laurina Lodge Hostel,VIC,Not for Profit,Small,4.0,0.12107413049989334,0.0435760823187199,0.07749804818117344,Aligned,False,3.0,5.0,False,False,False,False,False,False
Yackandandah Health Residential Aged Care | APOLLO CARE OPERATIONS PTY LIMITED,Yackandandah Health Residential Aged Care,VIC,Private for Profit,Medium,4.0,-1.1074507519248222,0.0435760823187199,-1.1510268342435421,Potentially over-rated,False,1.0,4.0,False,False,True,False,False,False
Arcare Portarlington | Arcare Pty Ltd,Arcare Portarlington,VIC,Private for Profit,Medium,4.0,-0.3366379247814231,0.0435760823187199,-0.380214007100143,Aligned,False,1.0,5.0,False,False,True,False,False,False
Hillview Bunyip Aged Care Inc | Hillview Bunyip Aged Care Inc,Hillview Bunyip Aged Care Inc,VIC,Not for Profit,Small,4.0,-0.549121545882242,0.0435760823187199,-0.592697628200962,Potentially over-rated,False,3.0,5.0,False,False,False,False,False,False
Oaklea Hall | Aged Care Group Pty Ltd,Oaklea Hall,VIC,Private for Profit,Small,4.0,-0.36679145443392525,0.0435760823187199,-0.41036753675264515,Aligned,False,3.0,5.0,False,False,False,False,False,False
mecwacare Rositano House | MECWA Limited,mecwacare Rositano House,VIC,Not for Profit,Small,4.0,0.4426838560962658,0.0435760823187199,0.3991077737775459,Aligned,False,4.0,5.0,False,True,False,False,False,False
Monda Lodge Hostel | Eastern Health,Monda Lodge Hostel,VIC,Government,Small,5.0,1.1172881439955722,0.2591403770756181,0.8581477669199541,Potentially under-rated,False,5.0,5.0,False,False,False,False,False,False
Fairway Bayside Aged Care | Fairway Bayside Aged Care,Fairway Bayside Aged Care,VIC,Not for Profit,Medium,4.0,0.024297084808985032,0.0435760823187199,-0.019278997509734868,Aligned,False,3.0,5.0,False,False,False,False,False,False
Mercy Place Templestowe | Mercy Aged and Community Care Ltd,Mercy Place Templestowe,VIC,Not for Profit,Small,4.0,0.08952529347082945,0.0435760823187199,0.04594921115210955,Aligned,False,3.0,5.0,False,False,False,False,False,False
Oxa Care | Oxha Health Pty Ltd,Oxa Care,VIC,Private for Profit,Large,4.0,0.38677986720758284,0.0435760823187199,0.34320378488886294,Aligned,False,3.0,5.0,False,True,False,False,False,False
Cobden District Health Services | Cobden District Health Services Inc,Cobden District Health Services,VIC,Not for Profit,Small,4.0,0.18211521876795808,0.0435760823187199,0.13853913644923818,Aligned,False,4.0,5.0,False,False,False,False,False,False
Clarendon Grange Hostel | Wickro Pty Ltd,Clarendon Grange Hostel,VIC,Private for Profit,Small,5.0,0.4942115201725223,0.2591403770756181,0.2350711430969042,Aligned,False,5.0,5.0,False,False,False,False,False,False
Queen Elizabeth Village Hostel | Grampians Health,Queen Elizabeth Village Hostel,VIC,Government,Small,4.0,-0.9306026187858327,0.0435760823187199,-0.9741787011045526,Potentially over-rated,False,1.0,5.0,False,False,True,False,False,False
Doutta Galla Grantham Green Aged Care Facility | Doutta Galla Aged Services Ltd,Doutta Galla Grantham Green Aged Care Facility,VIC,Not for Profit,Small,4.0,0.2994722104023438,0.0435760823187199,0.2558961280836239,Aligned,False,3.0,5.0,False,False,False,False,False,False
Villa Maria Catholic Homes Justin Villa Aged Care Residence | Villa Maria Catholic Homes Limited,Villa Maria Catholic Homes Justin Villa Aged Care Residence,VIC,Not for Profit,Small,5.0,-0.45027621596701833,0.2591403770756181,-0.7094165930426364,Potentially over-rated,False,4.0,5.0,False,False,False,False,False,False
Arcare Cheltenham | Arcare Pty Ltd,Arcare Cheltenham,VIC,Private for Profit,Medium,4.0,0.45460024874137667,0.0435760823187199,0.41102416642265677,Aligned,False,3.0,5.0,False,False,False,False,False,False
Regis Rosebud | Regis Aged Care Pty Ltd,Regis Rosebud,VIC,Private for Profit,Medium,4.0,-0.0680812657833987,0.0435760823187199,-0.1116573481021186,Aligned,False,3.0,5.0,False,True,False,False,False,False
Sutherland Lodge | Bairnsdale Regional Health Service,Sutherland Lodge,VIC,Government,Small,4.0,-0.7552754461148177,0.0435760823187199,-0.7988515284335376,Potentially over-rated,False,3.0,5.0,False,False,False,False,False,False
The Lakes Hostel | Grampians Health,The Lakes Hostel,VIC,Government,Small,5.0,0.37126845282049836,0.2591403770756181,0.11212807574488026,Aligned,False,4.0,5.0,False,False,False,False,False,False
Willowbrae-Templestowe Hostel | Menarock Aged Care Services (Victoria) Pty Ltd,Willowbrae-Templestowe Hostel,VIC,Private for Profit,Small,3.0,0.08106711185021444,-0.1719882124381784,0.25305532428839284,Aligned,False,3.0,5.0,True,True,False,False,False,False
Arcare Reservoir | Arcare Pty Ltd,Arcare Reservoir,VIC,Private for Profit,Medium,4.0,-0.10686911548373283,0.0435760823187199,-0.15044519780245275,Aligned,False,3.0,5.0,True,True,False,False,False,False
Liscombe House | The Old Colonists' Association of Victoria,Liscombe House,VIC,Not for Profit,Medium,4.0,0.5537533328371312,0.0435760823187199,0.5101772505184113,Potentially under-rated,False,5.0,4.0,False,False,False,False,False,False
Lyrebird Village | Respect Group Limited,Lyrebird Village,VIC,Not for Profit,Large,3.0,-0.3071772032286898,-0.1719882124381784,-0.1351889907905114,Aligned,False,3.0,5.0,False,False,False,False,False,False
Hailey House Hostel | Grampians Health,Hailey House Hostel,VIC,Government,Small,4.0,0.0780293354007542,0.0435760823187199,0.0344532530820343,Aligned,False,3.0,5.0,False,False,False,False,False,False
mecwacare Ballan Aged Care Facility | MECWA Limited,mecwacare Ballan Aged Care Facility,VIC,Not for Profit,Small,4.0,-0.4742747625552765,0.0435760823187199,-0.5178508448739965,Potentially over-rated,False,3.0,5.0,False,False,False,False,False,False
Coptic Hostel | Coptic Village Hostel Inc,Coptic Hostel,VIC,Not for Profit,Small,4.0,-0.31990979912506284,0.0435760823187199,-0.36348588144378274,Aligned,False,3.0,4.0,False,False,False,False,False,False
Mercy Place Ave Maria | Mercy Aged and Community Care Ltd,Mercy Place Ave Maria,VIC,Not for Profit,Medium,3.0,-0.31516096400342847,-0.1719882124381784,-0.14317275156525006,Aligned,False,3.0,4.0,False,False,False,False,False,False
Bolga Court Hostel | Tallangatta Health Service,Bolga Court Hostel,VIC,Government,Small,5.0,0.20122865266735013,0.2591403770756181,-0.05791172440826797,Aligned,False,5.0,5.0,False,False,False,False,False,False
James Thomas Court | Grampians Health,James Thomas Court,VIC,Government,Small,4.0,-1.6414057781086668,0.0435760823187199,-1.6849818604273867,Potentially over-rated,True,3.0,5.0,False,False,False,False,False,False
RM Begg | Respect Group Limited,RM Begg,VIC,Not for Profit,Medium,3.0,-0.4972481738310732,-0.1719882124381784,-0.3252599613928948,Aligned,False,2.0,4.0,False,False,False,False,False,False
Warrina Hostel | Yarrawonga Health,Warrina Hostel,VIC,Government,Small,4.0,0.27708041012292167,0.0435760823187199,0.23350432780420177,Aligned,False,4.0,5.0,False,False,False,False,False,False
Princes Court Homes Hostel | PRINCES COURT LTD.,Princes Court Homes Hostel,VIC,Not for Profit,Medium,3.0,0.09821551153042073,-0.1719882124381784,0.27020372396859915,Aligned,False,3.0,5.0,False,False,False,False,False,False
Warramunda Village Hostel | WARRAMUNDA VILLAGE LIMITED,Warramunda Village Hostel,VIC,Not for Profit,Medium,4.0,0.025633206815390164,0.0435760823187199,-0.017942875503329736,Aligned,False,3.0,4.0,False,False,False,False,False,False
Bindaree Retirement Centre | Mansfield District Hospital,Bindaree Retirement Centre,VIC,Government,Small,4.0,0.059220626429418034,0.0435760823187199,0.015644544110698134,Aligned,False,3.0,5.0,False,False,False,False,False,False
Cooinda Village Inc | Cooinda Village Inc,Cooinda Village Inc,VIC,Not for Profit,Medium,4.0,-0.26597648957271997,0.0435760823187199,-0.30955257189143986,Aligned,False,3.0,5.0,False,False,False,False,False,False
Mercy Place Lynbrook | Mercy Aged and Community Care Ltd,Mercy Place Lynbrook,VIC,Not for Profit,Medium,4.0,-0.15365169255245256,0.0435760823187199,-0.19722777487117246,Aligned,False,3.0,5.0,False,True,False,False,False,False
Numurkah Pioneers Memorial Lodge | NCN Health,Numurkah Pioneers Memorial Lodge,VIC,Government,Small,4.0,-0.5135192072300866,0.0435760823187199,-0.5570952895488065,Potentially over-rated,False,2.0,5.0,False,False,True,False,False,False
Johnson-Goodwin Memorial Homes | JOHNSON GOODWIN MEMORIAL HOMES,Johnson-Goodwin Memorial Homes,VIC,Not for Profit,Small,4.0,0.1704964174260982,0.0435760823187199,0.1269203351073783,Aligned,False,3.0,5.0,False,False,False,False,False,False
Aeralife Twin Parks | Aeralife Pty Ltd,Aeralife Twin Parks,VIC,Private for Profit,Large,4.0,0.18269957496595154,0.0435760823187199,0.13912349264723164,Aligned,False,3.0,5.0,False,True,False,False,False,False
Boort District Health Loddon Place | Boort District Health,Boort District Health Loddon Place,VIC,Government,Small,5.0,0.6313981558726689,0.2591403770756181,0.3722577787970508,Aligned,False,5.0,5.0,False,False,False,False,False,False
Baptcare - Northaven Community | Baptcare Ltd,Baptcare - Northaven Community,VIC,Not for Profit,Small,4.0,-0.02245685445794991,0.0435760823187199,-0.06603293677666981,Aligned,False,3.0,5.0,False,False,False,False,False,False
Moyola Lodge Hostel | MOYOLA AGED CARE INC.,Moyola Lodge Hostel,VIC,Not for Profit,Small,5.0,0.06344563735316937,0.2591403770756181,-0.19569473972244872,Aligned,False,4.0,5.0,False,False,False,False,False,False
Lumeah Lodge Hostel | Central Highlands Rural Health,Lumeah Lodge Hostel,VIC,Government,Small,5.0,0.5316232776313935,0.2591403770756181,0.2724829005557754,Aligned,False,5.0,5.0,False,False,False,False,False,False
St Vincent's Care Services Eltham - Willandra Lodge | St Vincent's Care Services Ltd,St Vincent's Care Services Eltham - Willandra Lodge,VIC,Not for Profit,Medium,4.0,-0.47455708702558547,0.0435760823187199,-0.5181331693443054,Potentially over-rated,False,1.0,5.0,False,True,True,False,False,False
BSL Aged Care - Clifton Hill | Brotherhood of St Laurence,BSL Aged Care - Clifton Hill,VIC,Not for Profit,Large,4.0,0.09355414185894746,0.0435760823187199,0.04997805954022756,Aligned,False,2.0,5.0,False,False,True,False,False,False
John Curtin Aged Care | John Curtin Aged Care Inc,John Curtin Aged Care,VIC,Not for Profit,Small,4.0,-0.2184411849628696,0.0435760823187199,-0.26201726728158947,Aligned,False,4.0,5.0,False,False,False,False,False,False
Kellock Lodge | Kellock Lodge Alexandra Inc,Kellock Lodge,VIC,Not for Profit,Small,3.0,-0.4595651288954117,-0.1719882124381784,-0.28757691645723327,Aligned,False,3.0,5.0,False,True,False,False,False,False
Wintringham Hostel - Port Melbourne | WINTRINGHAM LIMITED,Wintringham Hostel - Port Melbourne,VIC,Not for Profit,Small,4.0,0.5292604771846555,0.0435760823187199,0.4856843948659356,Potentially under-rated,False,4.0,5.0,False,False,False,True,False,False
Wintringham McLean Lodge Hostel | WINTRINGHAM LIMITED,Wintringham McLean Lodge Hostel,VIC,Not for Profit,Small,3.0,-0.12149275494142049,-0.1719882124381784,0.05049545749675792,Aligned,False,3.0,5.0,False,True,False,False,False,False
Villa Maria Catholic Homes St Bernadette's Aged Care Residence | Villa Maria Catholic Homes Limited,Villa Maria Catholic Homes St Bernadette's Aged Care Residence,VIC,Not for Profit,Medium,4.0,0.09312571153268268,0.0435760823187199,0.049549629213962776,Aligned,False,3.0,5.0,False,True,False,False,False,False
Lakeview Lodge Hostel | Nagambie HealthCare Incorporated,Lakeview Lodge Hostel,VIC,Not for Profit,Small,4.0,0.44519696162239114,0.0435760823187199,0.40162087930367124,Aligned,False,5.0,5.0,False,False,False,False,False,False
Estia Health Leopold | Estia Investments Pty Ltd,Estia Health Leopold,VIC,Private for Profit,Medium,4.0,0.3016817501327335,0.0435760823187199,0.2581056678140136,Aligned,False,4.0,5.0,False,False,False,False,False,False
St Paul's Hostel for the Elderly | Antonine Sisters Aged Care Services Ltd,St Paul's Hostel for the Elderly,VIC,Not for Profit,Small,4.0,0.5299398917333001,0.0435760823187199,0.48636380941458024,Potentially under-rated,False,5.0,5.0,False,False,False,False,False,False
Trentham Hostel | Central Highlands Rural Health,Trentham Hostel,VIC,Government,Small,4.0,0.343408730511172,0.0435760823187199,0.2998326481924521,Aligned,False,5.0,4.0,False,False,False,False,False,False
Beaufort Hostel | Beaufort & Skipton Health Service,Beaufort Hostel,VIC,Government,Small,4.0,-0.5047032304660398,0.0435760823187199,-0.5482793127847597,Potentially over-rated,False,3.0,5.0,False,False,False,False,False,False
McLellan House Hostel | Northern Health,McLellan House Hostel,VIC,Government,Small,4.0,-1.293538100077445,0.0435760823187199,-1.337114182396165,Potentially over-rated,False,2.0,5.0,False,True,True,False,False,False
Ottrey Lodge | Ottrey Homes - Cobram And District Retirement Village Inc,Ottrey Lodge,VIC,Not for Profit,Medium,3.0,-0.47829809487753217,-0.1719882124381784,-0.30630988243935375,Aligned,False,3.0,5.0,False,False,False,False,False,False
Bolton Clarke The Ashley | RSL Care RDNS Limited,Bolton Clarke The Ashley,VIC,Not for Profit,Medium,4.0,-0.3156049662631258,0.0435760823187199,-0.3591810485818457,Aligned,False,3.0,4.0,False,False,False,False,False,False
Heathcote Health Low Care Service | Heathcote Health,Heathcote Health Low Care Service,VIC,Government,Small,5.0,0.0660822587058434,0.2591403770756181,-0.1930581183697747,Aligned,False,4.0,5.0,False,False,False,False,False,False
Eventide Homes (Stawell) Inc | Eventide Homes (Stawell) Inc,Eventide Homes (Stawell) Inc,VIC,Not for Profit,Medium,3.0,-0.22382078222377197,-0.1719882124381784,-0.05183256978559356,Aligned,False,3.0,5.0,False,False,False,False,False,False
Lyndoch Hostel | Respect Group Limited,Lyndoch Hostel,VIC,Not for Profit,Large,3.0,-0.3872034659136217,-0.1719882124381784,-0.2152152534754433,Aligned,False,2.0,4.0,False,False,True,False,False,False
Maculata Place | Shepparton Retirement Villages Inc,Maculata Place,VIC,Not for Profit,Large,4.0,-0.26487072360646485,0.0435760823187199,-0.30844680592518475,Aligned,False,2.0,5.0,False,False,True,False,False,False
mecwacare Elstoft House | MECWA Limited,mecwacare Elstoft House,VIC,Not for Profit,Medium,4.0,0.1364727897688491,0.0435760823187199,0.0928967074501292,Aligned,False,3.0,5.0,False,False,False,False,False,False
Uniting AgeWell Kingsville | Uniting Agewell Limited,Uniting AgeWell Kingsville,VIC,Not for Profit,Medium,4.0,0.5991300761830882,0.0435760823187199,0.5555539938643683,Potentially under-rated,False,4.0,5.0,False,False,False,False,False,False
The Sydney-Lynne Quayle & Fitzroy Lodge Hostels | Heywood Rural Health,The Sydney-Lynne Quayle & Fitzroy Lodge Hostels,VIC,Government,Small,4.0,-1.2924848705555865,0.0435760823187199,-1.3360609528743064,Potentially over-rated,False,1.0,5.0,False,False,True,False,False,False
Moyne Health Services-Moyneyana House | Moyne Health Services,Moyne Health Services-Moyneyana House,VIC,Government,Small,3.0,-0.07524743908469896,-0.1719882124381784,0.09674077335347946,Aligned,False,2.0,5.0,False,True,True,False,False,False
Uniting AgeWell Kalkee Murray | Uniting Agewell Limited,Uniting AgeWell Kalkee Murray,VIC,Not for Profit,Small,4.0,1.087393246832619,0.0435760823187199,1.0438171645138992,Potentially under-rated,False,5.0,5.0,False,False,False,False,False,False
Holloway Aged Care Services | Holloway Aged Care Services Incorporated,Holloway Aged Care Services,VIC,Not for Profit,Medium,5.0,-0.4665776940058666,0.2591403770756181,-0.7257180710814847,Potentially over-rated,False,2.0,5.0,False,False,True,False,True,False
Mooroopna Place Residential Aged Care Service | Shepparton Retirement Villages Inc,Mooroopna Place Residential Aged Care Service,VIC,Not for Profit,Medium,4.0,0.03141256188857163,0.0435760823187199,-0.012163520430148268,Aligned,False,4.0,5.0,True,False,False,False,False,False
Allawah Special Care Hostel | Yarrawonga Health,Allawah Special Care Hostel,VIC,Government,Small,5.0,-1.1616910566280672,0.2591403770756181,-1.4208314337036851,Potentially over-rated,True,2.0,5.0,False,False,True,False,True,False
Kaniva Hostel | West Wimmera Health Service,Kaniva Hostel,VIC,Government,Small,4.0,0.567246000344345,0.0435760823187199,0.5236699180256251,Potentially under-rated,False,5.0,5.0,True,False,False,False,False,False
Assisi Centre Aged Care | Assisi Centre Limited,Assisi Centre Aged Care,VIC,Not for Profit,Large,3.0,-0.21234943785840074,-0.1719882124381784,-0.04036122542022233,Aligned,False,3.0,5.0,False,True,False,False,False,False
Inglewood & Districts Health Service Hostel | Inglewood & Districts Health Service,Inglewood & Districts Health Service Hostel,VIC,Government,Small,5.0,0.4087870242896467,0.2591403770756181,0.1496466472140286,Aligned,False,4.0,5.0,False,False,False,False,False,False
Doutta Galla Lynch's Bridge Aged Care Facility | Doutta Galla Aged Services Ltd,Doutta Galla Lynch's Bridge Aged Care Facility,VIC,Not for Profit,Small,4.0,0.18125571060118317,0.0435760823187199,0.13767962828246327,Aligned,False,3.0,5.0,False,False,False,False,False,False
Eureka Village Hostel | Grampians Health,Eureka Village Hostel,VIC,Government,Small,4.0,-0.9679182291807299,0.0435760823187199,-1.0114943114994497,Potentially over-rated,False,1.0,5.0,False,True,True,False,False,False
Vasey RSL Care Bundoora | VASEY RSL CARE LIMITED,Vasey RSL Care Bundoora,VIC,Not for Profit,Medium,4.0,-0.11589083592035652,0.0435760823187199,-0.15946691823907644,Aligned,False,3.0,5.0,False,False,False,False,False,False
Coppin Centre | Royal Freemasons Ltd,Coppin Centre,VIC,Not for Profit,Large,4.0,0.2864181667120085,0.0435760823187199,0.24284208439328858,Aligned,False,3.0,5.0,False,True,False,False,False,False
Victorian Elderly Chinese Hostel | Victorian Elderly Chinese Welfare Society Inc,Victorian Elderly Chinese Hostel,VIC,Not for Profit,Small,4.0,1.0551354509442012,0.0435760823187199,1.0115593686254813,Potentially under-rated,False,5.0,5.0,False,False,False,False,False,False
Yarriambiack Lodge Hostel | Rural Northwest Health,Yarriambiack Lodge Hostel,VIC,Government,Small,4.0,-1.1548243694399756,0.0435760823187199,-1.1984004517586955,Potentially over-rated,False,1.0,5.0,False,False,True,False,False,False
Doutta Galla Woornack Aged Care Facility | Doutta Galla Aged Services Ltd,Doutta Galla Woornack Aged Care Facility,VIC,Not for Profit,Medium,4.0,0.24202212228463993,0.0435760823187199,0.19844603996592003,Aligned,False,3.0,5.0,False,False,False,False,False,False
Kurrajong Lodge | Grampians Health,Kurrajong Lodge,VIC,Government,Small,4.0,0.3764047549771126,0.0435760823187199,0.3328286726583927,Aligned,False,3.0,5.0,False,False,False,False,False,False
Doutta Galla Yarraville Village Aged Care Facility | Doutta Galla Aged Services Ltd,Doutta Galla Yarraville Village Aged Care Facility,VIC,Not for Profit,Small,3.0,-0.32438537433982606,-0.1719882124381784,-0.15239716190164765,Aligned,False,2.0,5.0,False,False,True,False,False,False
Andrews House | West Gippsland Healthcare Group,Andrews House,VIC,Government,Small,5.0,-0.1461434282554561,0.2591403770756181,-0.4052838053310742,Aligned,False,4.0,5.0,False,False,False,False,False,False
Bupa Windsor | Bupa Aged Care Australia Pty Ltd,Bupa Windsor,VIC,Private for Profit,Small,4.0,0.02657264445441332,0.0435760823187199,-0.01700343786430658,Aligned,False,3.0,5.0,False,False,False,False,False,False
Harmony Village Inc | Doutta Galla Aged Services Ltd,Harmony Village Inc,VIC,Not for Profit,Medium,3.0,-0.27671468111944875,-0.1719882124381784,-0.10472646868127033,Aligned,False,2.0,5.0,False,False,True,False,False,False
Grange Residential Care Services | Western District Health Service,Grange Residential Care Services,VIC,Government,Small,4.0,0.39083709911768466,0.0435760823187199,0.34726101679896476,Aligned,False,4.0,5.0,False,False,False,False,False,False
Homewood Residential Aged Care | Bridgeast Pty Ltd,Homewood Residential Aged Care,VIC,Private for Profit,Large,3.0,-0.29723075435913526,-0.1719882124381784,-0.12524254192095685,Aligned,False,2.0,5.0,False,False,False,False,False,False
Jacaranda Lodge | Swan Hill District Health,Jacaranda Lodge,VIC,Government,Small,4.0,-0.12611527173016115,0.0435760823187199,-0.16969135404888105,Aligned,False,1.0,5.0,False,False,True,False,False,False
Castlemaine Health | Dhelkaya Health,Castlemaine Health,VIC,Government,Large,4.0,-0.33613096296056394,0.0435760823187199,-0.37970704527928384,Aligned,False,3.0,5.0,False,False,False,False,False,False
Waranga Nursing Home | Goulburn Valley Health,Waranga Nursing Home,VIC,Government,Small,5.0,-1.2526547482902368,0.2591403770756181,-1.5117951253658548,Potentially over-rated,True,3.0,5.0,False,False,False,False,False,False
Rochester and Elmore District Health Service - Yalukang Aged Care | Rochester & Elmore District Health Service,Rochester and Elmore District Health Service - Yalukang Aged Care,VIC,Government,Small,5.0,-0.4293517217483697,0.2591403770756181,-0.6884920988239878,Potentially over-rated,False,3.0,5.0,False,False,False,False,False,False
Bairnsdale Regional Health Service | Bairnsdale Regional Health Service,Bairnsdale Regional Health Service,VIC,Government,Small,4.0,0.29869239304843614,0.0435760823187199,0.25511631072971624,Aligned,False,3.0,5.0,False,False,False,False,False,False
McKellar Centre | Barwon Health,McKellar Centre,VIC,Government,Large,4.0,-0.8892893668948284,0.0435760823187199,-0.9328654492135483,Potentially over-rated,False,1.0,5.0,False,False,True,False,False,False
Banawah | NCN Health,Banawah,VIC,Government,Small,4.0,-1.0070116252971644,0.0435760823187199,-1.0505877076158843,Potentially over-rated,False,1.0,5.0,False,False,True,False,False,False
St Vincent's Care Services Eltham - Eltham Lodge | St Vincent's Care Services Ltd,St Vincent's Care Services Eltham - Eltham Lodge,VIC,Not for Profit,Small,4.0,-0.06459842986081604,0.0435760823187199,-0.10817451217953594,Aligned,False,3.0,5.0,True,True,False,False,False,False
Little Sisters of the Poor St Joseph's Home | Little Sisters of the Poor Aged Care Ltd,Little Sisters of the Poor St Joseph's Home,VIC,Not for Profit,Small,4.0,0.3518840836309385,0.0435760823187199,0.3083080013122186,Aligned,False,5.0,5.0,False,False,False,False,False,False
Queen Elizabeth Centre (Steele Haughton Unit) | Grampians Health,Queen Elizabeth Centre (Steele Haughton Unit),VIC,Government,Small,4.0,-1.4993112172309278,0.0435760823187199,-1.5428872995496477,Potentially over-rated,True,3.0,5.0,False,False,False,False,False,False
Regis Inala Lodge | Regis Aged Care Pty Ltd,Regis Inala Lodge,VIC,Private for Profit,Small,3.0,0.1705906090906472,-0.1719882124381784,0.3425788215288256,Aligned,False,3.0,5.0,False,False,False,False,False,False
HammondCare - The Glens | HammondCare,HammondCare - The Glens,VIC,Not for Profit,Small,4.0,-1.0292327704315147,0.0435760823187199,-1.0728088527502346,Potentially over-rated,False,1.0,5.0,False,False,True,False,False,False
Grant Lodge Aged Care Facility | Western Health,Grant Lodge Aged Care Facility,VIC,Government,Small,5.0,0.46762582376243156,0.2591403770756181,0.20848544668681346,Aligned,False,4.0,5.0,False,True,False,False,False,False
Vasey RSL Care Brighton East | VASEY RSL CARE LIMITED,Vasey RSL Care Brighton East,VIC,Not for Profit,Large,4.0,0.09989354325097204,0.0435760823187199,0.056317460932252136,Aligned,False,2.0,5.0,False,False,True,False,False,False
Jacaranda Village | Red Cliffs and Community Aged Care Services Inc,Jacaranda Village,VIC,Not for Profit,Medium,4.0,-1.1305216805589076,0.0435760823187199,-1.1740977628776275,Potentially over-rated,False,2.0,4.0,False,False,True,False,False,False
Regis Shenley Manor | Regis Aged Care Pty Ltd,Regis Shenley Manor,VIC,Private for Profit,Small,4.0,0.36863724693544464,0.0435760823187199,0.32506116461672474,Aligned,False,5.0,5.0,False,True,False,False,False,False
Sheridan Aged Care | Kyabram and District Health Services,Sheridan Aged Care,VIC,Government,Small,4.0,-0.7841152634814618,0.0435760823187199,-0.8276913458001817,Potentially over-rated,False,2.0,5.0,False,False,True,False,False,False
Grutzner House | Goulburn Valley Health,Grutzner House,VIC,Government,Small,4.0,-2.2484996124964667,0.0435760823187199,-2.2920756948151864,Potentially over-rated,True,1.0,5.0,False,True,True,False,False,False
Lyndoch Nursing Home | Respect Group Limited,Lyndoch Nursing Home,VIC,Not for Profit,Medium,3.0,-1.0158873357400064,-0.1719882124381784,-0.843899123301828,Potentially over-rated,False,2.0,4.0,False,False,True,False,False,False
Leura Aged Care | South West Healthcare,Leura Aged Care,VIC,Government,Small,5.0,0.13839276637618722,0.2591403770756181,-0.12074761069943088,Aligned,False,3.0,5.0,False,False,False,False,False,False
Parkvilla Aged Care Facility | Goulburn Valley Health,Parkvilla Aged Care Facility,VIC,Government,Small,4.0,-0.4066012026635246,0.0435760823187199,-0.4501772849822445,Aligned,False,2.0,5.0,True,False,True,False,False,False
Wimmera Nursing Home | Grampians Health,Wimmera Nursing Home,VIC,Government,Small,3.0,-1.0362892835672495,-0.1719882124381784,-0.8643010711290711,Potentially over-rated,False,1.0,5.0,False,False,True,False,False,False
Corangamarah | Colac Area Health,Corangamarah,VIC,Government,Small,4.0,0.2961658799436299,0.0435760823187199,0.25258979762491,Aligned,False,3.0,5.0,False,False,False,False,False,False
Harbourside Lodge | Portland District Health,Harbourside Lodge,VIC,Government,Small,4.0,-0.8436936706002564,0.0435760823187199,-0.8872697529189763,Potentially over-rated,False,1.0,5.0,False,False,True,False,False,False
Wattle Rise | Maryborough District Health Service,Wattle Rise,VIC,Government,Small,4.0,-0.09985773262925986,0.0435760823187199,-0.14343381494797974,Aligned,False,3.0,5.0,False,False,False,False,False,False
Morrie Evans Wing Nursing Home | Benalla Health,Morrie Evans Wing Nursing Home,VIC,Government,Small,4.0,-1.216430374858979,0.0435760823187199,-1.260006457177699,Potentially over-rated,False,2.0,4.0,False,False,True,False,False,False
Cooinda Lodge Nursing Home | West Gippsland Healthcare Group,Cooinda Lodge Nursing Home,VIC,Government,Small,5.0,0.38853068628995185,0.2591403770756181,0.12939030921433375,Aligned,False,5.0,5.0,False,False,False,False,False,False
Iona Digby Harris Home | West Wimmera Health Service,Iona Digby Harris Home,VIC,Government,Small,4.0,-1.0706914154194207,0.0435760823187199,-1.1142674977381406,Potentially over-rated,False,2.0,5.0,False,False,True,False,False,False
70 Lowe Street | East Grampians Health Service,70 Lowe Street,VIC,Government,Small,4.0,-0.1560166851965127,0.0435760823187199,-0.1995927675152326,Aligned,False,3.0,5.0,False,False,False,False,False,False
Kara Court Nursing Home | East Wimmera Health Service,Kara Court Nursing Home,VIC,Government,Small,5.0,-0.11367217913721366,0.2591403770756181,-0.37281255621283177,Aligned,False,4.0,5.0,False,False,False,False,False,False
Buckland House Nursing Home | Mansfield District Hospital,Buckland House Nursing Home,VIC,Government,Small,4.0,-0.25092981660627806,0.0435760823187199,-0.29450589892499796,Aligned,False,3.0,5.0,False,False,False,False,False,False
Macpherson Smith Residential Care | Grampians Health,Macpherson Smith Residential Care,VIC,Government,Small,4.0,-0.8609217663899038,0.0435760823187199,-0.9044978487086237,Potentially over-rated,False,2.0,5.0,False,False,True,False,False,False
Dimboola District Hospital Nursing Home Unit | Grampians Health,Dimboola District Hospital Nursing Home Unit,VIC,Government,Small,4.0,0.052716029815547495,0.0435760823187199,0.009139947496827595,Aligned,False,3.0,5.0,False,False,False,False,False,False
Karana | Yarrawonga Health,Karana,VIC,Government,Small,4.0,-0.18500184898142535,0.0435760823187199,-0.22857793130014525,Aligned,False,3.0,5.0,False,False,False,False,False,False
Swan Hill District Nursing Home | Swan Hill District Health,Swan Hill District Nursing Home,VIC,Government,Small,4.0,-0.9947825636090153,0.0435760823187199,-1.0383586459277352,Potentially over-rated,False,1.0,5.0,False,False,True,False,False,False
Maldon Hospital - Mountview Nursing Home | Dhelkaya Health,Maldon Hospital - Mountview Nursing Home,VIC,Government,Small,4.0,0.180482587547483,0.0435760823187199,0.1369065052287631,Aligned,False,3.0,5.0,False,False,False,False,False,False
Glenarm Nursing Home | Kerang District Health,Glenarm Nursing Home,VIC,Government,Small,5.0,0.34577345198075465,0.2591403770756181,0.08663307490513655,Aligned,False,4.0,5.0,False,False,False,False,False,False
Irvin House | NCN Health,Irvin House,VIC,Government,Small,4.0,-1.5837730733672284,0.0435760823187199,-1.6273491556859483,Potentially over-rated,True,1.0,5.0,False,False,True,False,False,False
Yarriambiack Lodge Nursing Home | Rural Northwest Health,Yarriambiack Lodge Nursing Home,VIC,Government,Small,4.0,-0.675602748052968,0.0435760823187199,-0.719178830371688,Potentially over-rated,False,2.0,5.0,False,False,True,False,False,False
Seymour District Nursing Home | Seymour Health,Seymour District Nursing Home,VIC,Government,Small,4.0,0.5874933191816404,0.0435760823187199,0.5439172368629205,Potentially under-rated,False,5.0,5.0,False,True,False,False,False,False
Grandview Lodge | East Wimmera Health Service,Grandview Lodge,VIC,Government,Small,5.0,1.0392365615608636,0.2591403770756181,0.7800961844852455,Potentially under-rated,False,5.0,5.0,False,False,False,False,False,False
Inglewood & Districts Health Service (Nursing Home) | Inglewood & Districts Health Service,Inglewood & Districts Health Service (Nursing Home),VIC,Government,Small,4.0,-0.4054338127586314,0.0435760823187199,-0.4490098950773513,Aligned,False,2.0,5.0,False,False,True,False,False,False
Kowree Nursing Home Unit | Grampians Health,Kowree Nursing Home Unit,VIC,Government,Small,4.0,-0.2789755865966267,0.0435760823187199,-0.3225516689153466,Aligned,False,3.0,5.0,False,True,False,False,False,False
Karinya | NCN Health,Karinya,VIC,Government,Small,5.0,-0.4533082096292165,0.2591403770756181,-0.7124485867048346,Potentially over-rated,False,4.0,5.0,False,False,False,False,False,False
mecwacare Trescowthick Centre | MECWA Limited,mecwacare Trescowthick Centre,VIC,Not for Profit,Small,4.0,0.08745656105761168,0.0435760823187199,0.04388047873889178,Aligned,False,3.0,5.0,False,False,False,False,False,False
Dianella Hostel | Northern Health,Dianella Hostel,VIC,Government,Small,4.0,-0.4954501153630759,0.0435760823187199,-0.5390261976817958,Potentially over-rated,False,3.0,4.0,False,False,False,False,False,False
Villa Maria Catholic Homes Berwick Aged Care Residence | Villa Maria Catholic Homes Limited,Villa Maria Catholic Homes Berwick Aged Care Residence,VIC,Not for Profit,Medium,4.0,0.01702527292416901,0.0435760823187199,-0.02655080939455089,Aligned,False,3.0,5.0,False,True,False,False,False,False
Villa Maria Catholic Homes Bundoora Aged Care Residence | Villa Maria Catholic Homes Limited,Villa Maria Catholic Homes Bundoora Aged Care Residence,VIC,Not for Profit,Medium,4.0,0.5759972628328384,0.0435760823187199,0.5324211805141185,Potentially under-rated,False,4.0,5.0,False,True,False,False,False,False
Trentham Nursing Home | Central Highlands Rural Health,Trentham Nursing Home,VIC,Government,Small,4.0,-0.6639738908339751,0.0435760823187199,-0.707549973152695,Potentially over-rated,False,3.0,4.0,False,False,False,False,False,False
Geoffrey Cutter Centre | Grampians Health,Geoffrey Cutter Centre,VIC,Government,Small,4.0,-0.7872110622257832,0.0435760823187199,-0.8307871445445031,Potentially over-rated,False,2.0,5.0,False,True,True,False,False,False
The Alexander Aged Care Centre | Premier Aged Care Pty Ltd,The Alexander Aged Care Centre,VIC,Private for Profit,Medium,4.0,-0.3096100634671985,0.0435760823187199,-0.3531861457859184,Aligned,False,2.0,5.0,True,True,True,False,False,False
Talbot Place Aged Care Facility | Grampians Health,Talbot Place Aged Care Facility,VIC,Government,Small,5.0,0.33255571588555405,0.2591403770756181,0.07341533880993595,Aligned,False,4.0,5.0,False,False,False,False,False,False
Estia Health Ringwood | Estia Investments Pty Ltd,Estia Health Ringwood,VIC,Private for Profit,Large,4.0,0.04286918524398856,0.0435760823187199,-0.0007068970747313372,Aligned,False,3.0,5.0,False,False,False,False,False,False
Simpkin House Nursing Home | Bendigo Health Care Group,Simpkin House Nursing Home,VIC,Government,Small,4.0,-1.94192097553523,0.0435760823187199,-1.98549705785395,Potentially over-rated,True,1.0,5.0,False,True,True,False,False,False
Latrobe Regional Hospital Nursing Home | Latrobe Regional Health,Latrobe Regional Hospital Nursing Home,VIC,Government,Small,4.0,-1.3092599086414551,0.0435760823187199,-1.352835990960175,Potentially over-rated,False,4.0,5.0,True,True,False,False,False,False
Regis Ontario | Regis Aged Care Pty Ltd,Regis Ontario,VIC,Private for Profit,Medium,4.0,0.4570787782283238,0.0435760823187199,0.4135026959096039,Aligned,False,3.0,5.0,False,False,False,False,False,False
Vasey RSL Care Brighton | VASEY RSL CARE LIMITED,Vasey RSL Care Brighton,VIC,Not for Profit,Small,4.0,-0.4234369135355582,0.0435760823187199,-0.4670129958542781,Potentially over-rated,False,3.0,5.0,False,False,False,False,False,False
Grace Of Mary Greek Cypriot Elderly Hostel | The Community of Cypriots of the Northern Suburbs of Melbourne Inc,Grace Of Mary Greek Cypriot Elderly Hostel,VIC,Not for Profit,Small,4.0,-0.8696789037017121,0.0435760823187199,-0.913254986020432,Potentially over-rated,False,1.0,5.0,False,False,True,False,False,False
Ottoman Village Aged Care | BROADMEADOWS TURKISH ISLAMIC AND CULTURAL CENTRE INC.,Ottoman Village Aged Care,VIC,Not for Profit,Small,4.0,0.13798573506564318,0.0435760823187199,0.09440965274692328,Aligned,False,3.0,5.0,False,True,False,False,False,False
Uniting AgeWell Andrew Kerr Care | Uniting Agewell Limited,Uniting AgeWell Andrew Kerr Care,VIC,Not for Profit,Large,4.0,0.5682350875110189,0.0435760823187199,0.524659005192299,Potentially under-rated,False,3.0,5.0,False,False,False,False,False,False
MannaCare - Doncaster Melaleuca Lodge | MannaCare Inc,MannaCare - Doncaster Melaleuca Lodge,VIC,Not for Profit,Small,3.0,-0.7665717324070856,-0.1719882124381784,-0.5945835199689072,Potentially over-rated,False,2.0,5.0,False,False,True,False,False,False
Bolton Clarke Bayside (VIC) | RSL Care RDNS Limited,Bolton Clarke Bayside (VIC),VIC,Not for Profit,Small,4.0,-0.7411608177556936,0.0435760823187199,-0.7847369000744135,Potentially over-rated,False,1.0,5.0,False,True,True,False,False,False
Gibson Street Complex | Bendigo Health Care Group,Gibson Street Complex,VIC,Government,Large,4.0,-0.10674353759323292,0.0435760823187199,-0.1503196199119528,Aligned,False,3.0,5.0,False,False,False,False,False,False
mecwacare Park Hill | MECWA Limited,mecwacare Park Hill,VIC,Not for Profit,Medium,3.0,-0.2309327064122414,-0.1719882124381784,-0.058944493974062984,Aligned,False,1.0,4.0,False,False,True,False,False,False
Villa Del Sole | Comficare Pty Limited,Villa Del Sole,VIC,Private for Profit,Small,3.0,-0.7967419160822016,-0.1719882124381784,-0.6247537036440232,Potentially over-rated,False,3.0,4.0,False,False,False,False,False,False
Marina Residential Aged Care Service | Jimroy Pty Ltd,Marina Residential Aged Care Service,VIC,Private for Profit,Large,3.0,-0.1814744110755969,-0.1719882124381784,-0.00948619863741848,Aligned,False,3.0,5.0,False,True,False,False,False,False
Emmavale Gardens | Menarock Aged Care Services (Templestowe) Pty Ltd,Emmavale Gardens,VIC,Private for Profit,Small,4.0,0.026638868091079626,0.0435760823187199,-0.016937214227640274,Aligned,False,3.0,5.0,False,False,False,False,False,False
Estia Health Coolaroo | Estia Investments Pty Ltd,Estia Health Coolaroo,VIC,Private for Profit,Small,4.0,0.5062792155129255,0.0435760823187199,0.46270313319420564,Potentially under-rated,False,4.0,5.0,False,False,False,False,False,False
Bolton Clarke Avonlea | RSL Care RDNS Limited,Bolton Clarke Avonlea,VIC,Not for Profit,Medium,4.0,0.41987773999104133,0.0435760823187199,0.37630165767232143,Aligned,False,4.0,5.0,False,True,False,False,False,False
Doutta Galla Queens Park Aged Care Facility | Doutta Galla Aged Services Ltd,Doutta Galla Queens Park Aged Care Facility,VIC,Not for Profit,Small,4.0,0.5112650408360172,0.0435760823187199,0.4676889585172973,Potentially under-rated,False,4.0,5.0,True,True,False,False,False,False
The Birches | Western District Health Service,The Birches,VIC,Government,Small,4.0,-0.19140640536404394,0.0435760823187199,-0.23498248768276384,Aligned,False,3.0,5.0,False,False,False,False,False,False
Estia Health Dandenong | Estia Investments Pty Ltd,Estia Health Dandenong,VIC,Private for Profit,Small,4.0,0.23955733978299806,0.0435760823187199,0.19598125746427816,Aligned,False,5.0,5.0,False,True,False,False,False,False
Melville Grange Hostel | Wickro Pty Ltd,Melville Grange Hostel,VIC,Private for Profit,Large,4.0,0.041740728135425675,0.0435760823187199,-0.0018353541832942244,Aligned,False,3.0,5.0,False,False,False,False,False,False
Embracia in Reservoir | Embracia Victoria Pty Ltd,Embracia in Reservoir,VIC,Private for Profit,Medium,4.0,0.15265777150172802,0.0435760823187199,0.10908168918300812,Aligned,False,3.0,5.0,False,False,False,False,False,False
Noble Gardens Residential Aged Care | Great Oaks Pty Ltd,Noble Gardens Residential Aged Care,VIC,Private for Profit,Large,3.0,0.05124854655439675,-0.1719882124381784,0.22323675899257517,Aligned,False,3.0,5.0,False,False,False,False,False,False
Estia Health Heidelberg West | Estia Investments Pty Ltd,Estia Health Heidelberg West,VIC,Private for Profit,Small,4.0,0.527600310202664,0.0435760823187199,0.48402422788394406,Potentially under-rated,False,3.0,5.0,False,False,False,False,False,False
Belmont Grange | Wickro Pty Ltd,Belmont Grange,VIC,Private for Profit,Medium,4.0,0.3080468036601366,0.0435760823187199,0.2644707213414167,Aligned,False,3.0,5.0,False,False,False,False,False,False
Arcare Hillside | Arcare Pty Ltd,Arcare Hillside,VIC,Private for Profit,Medium,4.0,0.11966072078087986,0.0435760823187199,0.07608463846215996,Aligned,False,3.0,5.0,False,False,False,False,False,False
Rangeview Private Nursing Home | Merakis Enterprises Pty Ltd,Rangeview Private Nursing Home,VIC,Private for Profit,Small,3.0,-0.020843629696328247,-0.1719882124381784,0.15114458274185016,Aligned,False,3.0,4.0,False,False,False,False,False,False
Arcare Sydenham | Arcare Pty Ltd,Arcare Sydenham,VIC,Private for Profit,Large,4.0,0.15457275359135156,0.0435760823187199,0.11099667127263166,Aligned,False,3.0,5.0,False,False,False,False,False,False
Wintringham Gilgunya Village | WINTRINGHAM LIMITED,Wintringham Gilgunya Village,VIC,Not for Profit,Small,3.0,-0.15362450574544873,-0.1719882124381784,0.018363706692729687,Aligned,False,3.0,5.0,False,False,False,False,False,False
Villa Maria Catholic Homes Ashwood Aged Care Residence | Villa Maria Catholic Homes Limited,Villa Maria Catholic Homes Ashwood Aged Care Residence,VIC,Not for Profit,Medium,4.0,0.08610600403971824,0.0435760823187199,0.04252992172099834,Aligned,False,4.0,5.0,False,True,False,False,False,False
Estia Health Keysborough | Estia Investments Pty Ltd,Estia Health Keysborough,VIC,Private for Profit,Medium,4.0,0.2658741532870098,0.0435760823187199,0.2222980709682899,Aligned,False,5.0,5.0,False,False,False,False,False,False
Bolton Clarke Charlesbrook | RSL Care RDNS Limited,Bolton Clarke Charlesbrook,VIC,Not for Profit,Medium,4.0,0.03127148552092182,0.0435760823187199,-0.012304596797798079,Aligned,False,3.0,4.0,False,False,False,False,False,False
Regis Sandringham | Regis Aged Care Pty Ltd,Regis Sandringham,VIC,Private for Profit,Small,3.0,-0.3542080481431255,-0.1719882124381784,-0.1822198357049471,Aligned,False,2.0,5.0,False,False,True,False,False,False
MiCare Margriet Manor | MiCare Ltd,MiCare Margriet Manor,VIC,Not for Profit,Small,4.0,0.5925182974497721,0.0435760823187199,0.5489422151310522,Potentially under-rated,False,3.0,5.0,True,True,False,False,False,False
HammondCare - Caulfield Village | HammondCare,HammondCare - Caulfield Village,VIC,Not for Profit,Medium,4.0,-1.9669060994864342,0.0435760823187199,-2.010482181805154,Potentially over-rated,True,1.0,5.0,False,False,True,False,False,False
Bolton Clarke Trevi Court | RSL Care RDNS Limited,Bolton Clarke Trevi Court,VIC,Not for Profit,Small,4.0,-0.18966733341261707,0.0435760823187199,-0.23324341573133697,Aligned,False,3.0,5.0,False,True,False,False,False,False
Bolton Clarke Claremont Terrace | RSL Care RDNS Limited,Bolton Clarke Claremont Terrace,VIC,Not for Profit,Large,4.0,0.007577735095965506,0.0435760823187199,-0.03599834722275439,Aligned,False,3.0,5.0,False,True,False,False,False,False
Bolton Clarke Highwood Court | RSL Care RDNS Limited,Bolton Clarke Highwood Court,VIC,Not for Profit,Medium,3.0,-0.6682969806394324,-0.1719882124381784,-0.496308768201254,Potentially over-rated,False,2.0,5.0,False,False,True,False,False,False
Homestead Estate Residential Aged Care | THE LEAPER CORPORATION PTY. LTD.,Homestead Estate Residential Aged Care,VIC,Private for Profit,Large,3.0,0.22795541656166016,-0.1719882124381784,0.3999436289998386,Aligned,False,3.0,5.0,False,False,False,False,False,False
Bolton Clarke Medina Manor | RSL Care RDNS Limited,Bolton Clarke Medina Manor,VIC,Not for Profit,Small,3.0,-1.3273309645958056,-0.1719882124381784,-1.1553427521576272,Potentially over-rated,False,2.0,5.0,False,True,True,False,False,False
Estia Health Melton South | Estia Investments Pty Ltd,Estia Health Melton South,VIC,Private for Profit,Medium,4.0,0.21125983169432996,0.0435760823187199,0.16768374937561006,Aligned,False,3.0,5.0,True,False,False,False,False,False
Belvedere Aged Care | Belvedere Aged Care Pty Ltd,Belvedere Aged Care,VIC,Private for Profit,Small,4.0,0.9901535909933021,0.0435760823187199,0.9465775086745822,Potentially under-rated,False,5.0,5.0,False,False,False,False,False,False
Baptcare - Westhaven Community | Baptcare Ltd,Baptcare - Westhaven Community,VIC,Not for Profit,Medium,4.0,0.14157503792250156,0.0435760823187199,0.09799895560378166,Aligned,False,4.0,5.0,False,False,False,False,False,False
Abberfield Aged Care Facility | Sandra Pty Ltd,Abberfield Aged Care Facility,VIC,Private for Profit,Large,3.0,-0.267599620897417,-0.1719882124381784,-0.0956114084592386,Aligned,False,2.0,5.0,False,True,False,False,False,False
Traralgon Aged Care | Aged Care Group Pty Ltd,Traralgon Aged Care,VIC,Private for Profit,Small,3.0,-0.24901803631969635,-0.1719882124381784,-0.07702982388151794,Aligned,False,1.0,5.0,False,False,False,False,False,False
Glen Waverley Nursing Home | Menarock Aged Care Services (Victoria) Pty Ltd,Glen Waverley Nursing Home,VIC,Private for Profit,Small,4.0,0.5147031414098727,0.0435760823187199,0.4711270590911528,Potentially under-rated,False,4.0,5.0,False,False,False,False,False,False
Grace Villa Aged Care | Samkay Health Pty Ltd,Grace Villa Aged Care,VIC,Private for Profit,Small,4.0,-0.1511541785389421,0.0435760823187199,-0.194730260857662,Aligned,False,3.0,5.0,False,True,False,False,False,False
Baptcare Peninsula View Community | Baptcare Ltd,Baptcare Peninsula View Community,VIC,Not for Profit,Large,4.0,0.18527371233715292,0.0435760823187199,0.14169763001843302,Aligned,False,3.0,5.0,False,False,False,False,False,False
Deloraine Private Nursing Home | Ejaz Nominees Pty Ltd,Deloraine Private Nursing Home,VIC,Private for Profit,Small,3.0,-0.008303843339977598,-0.1719882124381784,0.1636843690982008,Aligned,False,3.0,5.0,False,True,False,False,False,False
Arcare Knox | Arcare Pty Ltd,Arcare Knox,VIC,Private for Profit,Large,4.0,-0.06371195029011618,0.0435760823187199,-0.10728803260883608,Aligned,False,3.0,5.0,False,True,False,False,False,False
Estia Health Victoria Heights | Estia Investments Pty Ltd,Estia Health Victoria Heights,VIC,Private for Profit,Medium,3.0,-0.1528373776729589,-0.1719882124381784,0.019150834765219504,Aligned,False,3.0,5.0,False,True,False,False,False,False
Ferndale Gardens Aged Care Services | Wickro Pty Ltd,Ferndale Gardens Aged Care Services,VIC,Private for Profit,Large,3.0,-0.21470529744781927,-0.1719882124381784,-0.04271708500964086,Aligned,False,3.0,5.0,False,True,False,False,False,False
Macleod Roshana Care | Burswood Care Pty Ltd,Macleod Roshana Care,VIC,Private for Profit,Small,3.0,-0.47378744740923073,-0.1719882124381784,-0.3017992349710523,Aligned,False,1.0,4.0,False,False,True,False,False,False
Hope Aged Care Brunswick | Sixth Eastway Pty Ltd,Hope Aged Care Brunswick,VIC,Private for Profit,Medium,4.0,0.28876279992220094,0.0435760823187199,0.24518671760348104,Aligned,False,3.0,5.0,True,True,False,False,False,False
Estia Health Oakleigh East | Estia Investments Pty Ltd,Estia Health Oakleigh East,VIC,Private for Profit,Large,4.0,0.35627066098389454,0.0435760823187199,0.31269457866517464,Aligned,False,3.0,5.0,True,True,False,False,False,False
Jewish Care (VIC) Inc Residential Homes Carnegie | Jewish Care (Victoria) Inc,Jewish Care (VIC) Inc Residential Homes Carnegie,VIC,Not for Profit,Large,4.0,0.1779890725693448,0.0435760823187199,0.1344129902506249,Aligned,False,3.0,5.0,True,True,False,False,False,False
Rosehill Aged Care Facility | Menarock Aged Care Services (Victoria) Pty Ltd,Rosehill Aged Care Facility,VIC,Private for Profit,Small,4.0,0.6727626399590276,0.0435760823187199,0.6291865576403077,Potentially under-rated,False,3.0,5.0,False,False,False,False,False,False
Arcare Brighton | Arcare Pty Ltd,Arcare Brighton,VIC,Private for Profit,Small,4.0,0.5311536554793351,0.0435760823187199,0.48757757316061523,Potentially under-rated,False,4.0,5.0,False,False,False,False,False,False
Carrum Downs Private Nursing Home | Merakis Enterprises Pty Ltd,Carrum Downs Private Nursing Home,VIC,Private for Profit,Small,4.0,-0.31213825033712617,0.0435760823187199,-0.35571433265584607,Aligned,False,2.0,5.0,False,False,True,False,False,False
Luson Eden Park | Luson Aged Care Pty Ltd,Luson Eden Park,VIC,Not for Profit,Medium,4.0,0.5471386373435765,0.0435760823187199,0.5035625550248566,Potentially under-rated,False,4.0,5.0,True,False,False,False,False,False
Bupa Coburg | Bupa Aged Care Australia Pty Ltd,Bupa Coburg,VIC,Private for Profit,Small,3.0,-0.09202980018107997,-0.1719882124381784,0.07995841225709845,Aligned,False,3.0,5.0,False,True,False,False,False,False
Trinity Manor | Trinity Care Pty Ltd,Trinity Manor,VIC,Private for Profit,Medium,4.0,0.365804308934137,0.0435760823187199,0.3222282266154171,Aligned,False,3.0,5.0,False,False,False,False,False,False
Centennial Lodge | Royal Freemasons Ltd,Centennial Lodge,VIC,Not for Profit,Medium,4.0,0.1457879054982764,0.0435760823187199,0.10221182317955649,Aligned,False,3.0,5.0,False,True,False,False,False,False
Craigcare Pascoe Vale | Glenn-Craig Villages Pty Ltd,Craigcare Pascoe Vale,VIC,Private for Profit,Large,4.0,-0.04202350833090961,0.0435760823187199,-0.08559959064962952,Aligned,False,3.0,5.0,False,True,False,False,False,False
Uniting AgeWell Manor Lakes | Uniting Agewell Limited,Uniting AgeWell Manor Lakes,VIC,Not for Profit,Small,4.0,0.7835694153131413,0.0435760823187199,0.7399933329944214,Potentially under-rated,False,5.0,5.0,False,False,False,False,False,False
Mercy Place Rice Village | Rice Village Ltd,Mercy Place Rice Village,VIC,Not for Profit,Medium,4.0,-0.30178184482503695,0.0435760823187199,-0.34535792714375685,Aligned,False,2.0,5.0,False,False,True,False,False,False
Bupa Woodend | Bupa Aged Care Australia Pty Ltd,Bupa Woodend,VIC,Private for Profit,Medium,4.0,0.5452319846380751,0.0435760823187199,0.5016559023193552,Potentially under-rated,False,5.0,5.0,False,False,False,False,False,False
Arcare Malvern East | Arcare Pty Ltd,Arcare Malvern East,VIC,Private for Profit,Medium,4.0,0.2957329862052497,0.0435760823187199,0.2521569038865298,Aligned,False,3.0,5.0,False,False,False,False,False,False
Estia Health Grovedale | Estia Investments Pty Ltd,Estia Health Grovedale,VIC,Private for Profit,Large,4.0,0.40607243470142257,0.0435760823187199,0.36249635238270267,Aligned,False,4.0,5.0,False,False,False,False,False,False
Uniting AgeWell Preston | Uniting Agewell Limited,Uniting AgeWell Preston,VIC,Not for Profit,Medium,4.0,-0.3495871903221081,0.0435760823187199,-0.393163272640828,Aligned,False,3.0,5.0,False,False,False,False,False,False
Royal Freemasons Springtime | Royal Freemasons Ltd,Royal Freemasons Springtime,VIC,Not for Profit,Small,4.0,-0.5873979879907368,0.0435760823187199,-0.6309740703094567,Potentially over-rated,False,2.0,5.0,False,False,True,False,False,False
Estia Health Epping VIC | Estia Investments Pty Ltd,Estia Health Epping VIC,VIC,Private for Profit,Medium,5.0,0.5924962334782179,0.2591403770756181,0.3333558564025998,Aligned,False,5.0,5.0,False,False,False,False,False,False
Estia Health Wattle Glen | Estia Investments Pty Ltd,Estia Health Wattle Glen,VIC,Private for Profit,Medium,4.0,0.339892555833672,0.0435760823187199,0.2963164735149521,Aligned,False,4.0,5.0,False,False,False,False,False,False
Craigcare Berwick | Glenn-Craig Villages Pty Ltd,Craigcare Berwick,VIC,Private for Profit,Large,4.0,0.03592628404667031,0.0435760823187199,-0.0076497982720495905,Aligned,False,3.0,5.0,False,False,False,False,False,False
Uniting AgeWell Noble Park | Uniting Agewell Limited,Uniting AgeWell Noble Park,VIC,Not for Profit,Medium,4.0,0.17659586896763044,0.0435760823187199,0.13301978664891054,Aligned,False,4.0,5.0,False,False,False,False,False,False
mecwacare Annie's Court | MECWA Limited,mecwacare Annie's Court,VIC,Not for Profit,Small,4.0,0.36365872375918323,0.0435760823187199,0.32008264144046333,Aligned,False,3.0,5.0,False,True,False,False,False,False
Boronia Residential Aged Care | Aged Care Group Pty Ltd,Boronia Residential Aged Care,VIC,Private for Profit,Small,3.0,-0.14377915200105604,-0.1719882124381784,0.028209060437122374,Aligned,False,3.0,5.0,True,True,False,False,False,False
Arcare Surrey Hills | Arcare Pty Ltd,Arcare Surrey Hills,VIC,Private for Profit,Small,4.0,0.3024140016761504,0.0435760823187199,0.2588379193574305,Aligned,False,4.0,5.0,False,True,False,False,False,False
Villa Maria Catholic Homes O'Neill Aged Care Residence | Villa Maria Catholic Homes Limited,Villa Maria Catholic Homes O'Neill Aged Care Residence,VIC,Not for Profit,Small,4.0,0.660112827880475,0.0435760823187199,0.6165367455617551,Potentially under-rated,False,5.0,5.0,True,False,False,False,False,False
Village Baxter - Manor | Baptist Village Baxter Ltd,Village Baxter - Manor,VIC,Not for Profit,Medium,5.0,0.21535591416764902,0.2591403770756181,-0.043784462907969085,Aligned,False,5.0,5.0,False,False,False,False,False,False
Salisbury House Nursing Home | Menarock Aged Care Services (Templestowe) Pty Ltd,Salisbury House Nursing Home,VIC,Private for Profit,Medium,4.0,0.8382634665954107,0.0435760823187199,0.7946873842766908,Potentially under-rated,False,5.0,5.0,False,False,False,False,False,False
Millhaven Lodge | Pakenham & District Hospital Inc,Millhaven Lodge,VIC,Not for Profit,Medium,4.0,-0.04073496052079445,0.0435760823187199,-0.08431104283951435,Aligned,False,3.0,4.0,False,False,False,False,False,False
Bupa Croydon | Bupa Aged Care Australia Pty Ltd,Bupa Croydon,VIC,Private for Profit,Medium,4.0,0.27853916000759577,0.0435760823187199,0.23496307768887587,Aligned,False,3.0,5.0,False,False,False,False,False,False
Regis Capel Sound | Regis Aged Care Pty Ltd,Regis Capel Sound,VIC,Private for Profit,Large,3.0,0.005096392290758611,-0.1719882124381784,0.17708460472893703,Aligned,False,3.0,4.0,False,False,False,False,False,False
Villa Maria Catholic Homes Wantirna Aged Care Residence | Villa Maria Catholic Homes Limited,Villa Maria Catholic Homes Wantirna Aged Care Residence,VIC,Not for Profit,Medium,3.0,-0.43150128357193007,-0.1719882124381784,-0.25951307113375166,Aligned,False,2.0,4.0,False,False,True,False,False,False
Kensington Grange | Wickro Pty Ltd,Kensington Grange,VIC,Private for Profit,Medium,4.0,0.271934112980757,0.0435760823187199,0.22835803066203708,Aligned,False,3.0,5.0,False,False,False,False,False,False
Mercy Place Shepparton | Mercy Aged and Community Care Ltd,Mercy Place Shepparton,VIC,Not for Profit,Medium,3.0,-0.3463583157165598,-0.1719882124381784,-0.17437010327838137,Aligned,False,2.0,5.0,False,False,True,False,False,False
Regis Ringwood | Regis Aged Care Pty Ltd,Regis Ringwood,VIC,Private for Profit,Small,3.0,0.5841200851642344,-0.1719882124381784,0.7561082976024128,Potentially under-rated,False,5.0,4.0,False,False,False,False,False,False
Parkdale Aged Care | Aged Care Group Pty Ltd,Parkdale Aged Care,VIC,Private for Profit,Small,3.0,-0.22492469033577214,-0.1719882124381784,-0.05293647789759373,Aligned,False,3.0,5.0,False,False,False,False,False,False
Hope Aged Care Sunshine | Taronne Pty Ltd,Hope Aged Care Sunshine,VIC,Private for Profit,Small,4.0,0.6940594920993878,0.0435760823187199,0.6504834097806679,Potentially under-rated,False,4.0,5.0,False,False,False,False,False,False
Cumberland Manor | Primary Caring Pty Ltd,Cumberland Manor,VIC,Private for Profit,Medium,3.0,0.9558077230649541,-0.1719882124381784,1.1277959355031326,Potentially under-rated,False,5.0,4.0,False,False,False,True,False,True
Hope Aged Care Gladstone Park | Sixth Eastway Pty Ltd,Hope Aged Care Gladstone Park,VIC,Private for Profit,Medium,4.0,-0.21035513843075104,0.0435760823187199,-0.25393122074947094,Aligned,False,5.0,5.0,False,False,False,False,False,False
Bupa Wodonga | Bupa Aged Care Australia Pty Ltd,Bupa Wodonga,VIC,Private for Profit,Large,3.0,0.25596337392514984,-0.1719882124381784,0.42795158636332825,Aligned,False,3.0,4.0,False,False,False,False,False,False
Bupa Bonbeach | Bupa Aged Care Australia Pty Ltd,Bupa Bonbeach,VIC,Private for Profit,Medium,3.0,0.4399032427668817,-0.1719882124381784,0.61189145520506,Potentially under-rated,False,4.0,5.0,False,False,False,True,False,True
Estia Health Ardeer | Estia Investments Pty Ltd,Estia Health Ardeer,VIC,Private for Profit,Small,4.0,-0.28299985182664616,0.0435760823187199,-0.32657593414536606,Aligned,False,3.0,5.0,False,False,False,False,False,False
Bupa Bellarine Lakes | Bupa Aged Care Australia Pty Ltd,Bupa Bellarine Lakes,VIC,Private for Profit,Medium,3.0,0.09541237326123886,-0.1719882124381784,0.26740058569941727,Aligned,False,2.0,5.0,False,False,True,False,False,False
Estia Health Altona Meadows | Estia Investments Pty Ltd,Estia Health Altona Meadows,VIC,Private for Profit,Medium,3.0,0.37952971377197803,-0.1719882124381784,0.5515179262101564,Potentially under-rated,False,3.0,5.0,False,False,False,False,False,True
Benetas Colton Close | Anglican Aged Care Services Group,Benetas Colton Close,VIC,Not for Profit,Medium,4.0,0.4011713059022955,0.0435760823187199,0.3575952235835756,Aligned,False,3.0,5.0,False,False,False,False,False,False
Bupa South Morang | Bupa Aged Care Australia Pty Ltd,Bupa South Morang,VIC,Private for Profit,Small,4.0,-0.4367906346724196,0.0435760823187199,-0.4803667169911395,Potentially over-rated,False,2.0,5.0,True,False,True,False,False,False
Regis Sunraysia | Regis Aged Care Pty Ltd,Regis Sunraysia,VIC,Private for Profit,Small,4.0,0.3678998417935761,0.0435760823187199,0.3243237594748562,Aligned,False,4.0,5.0,False,False,False,False,False,False
South Port Community Residential Home | Claremont and Southport Aged Care Limited,South Port Community Residential Home,VIC,Not for Profit,Small,5.0,0.7821920030067003,0.2591403770756181,0.5230516259310822,Potentially under-rated,False,5.0,5.0,False,False,False,False,False,False
Mercy Place Keon Park | Mercy Aged and Community Care Ltd,Mercy Place Keon Park,VIC,Not for Profit,Medium,3.0,-0.3982843201808999,-0.1719882124381784,-0.22629610774272146,Aligned,False,2.0,5.0,False,True,True,False,False,False
Westgate Aged Care Facility | Pannavila Enterprises Pty Ltd,Westgate Aged Care Facility,VIC,Private for Profit,Small,4.0,0.7514863876998296,0.0435760823187199,0.7079103053811097,Potentially under-rated,False,5.0,5.0,False,False,False,False,False,False
Vermont Aged Care | Georjose Pty Ltd,Vermont Aged Care,VIC,Private for Profit,Medium,4.0,0.00527464400321027,0.0435760823187199,-0.03830143831550963,Aligned,False,3.0,5.0,True,False,False,False,False,False
Sherbrooke Private Nursing Home | Menarock Aged Care Services (Victoria) Pty Ltd,Sherbrooke Private Nursing Home,VIC,Private for Profit,Small,4.0,0.5740124473523901,0.0435760823187199,0.5304363650336702,Potentially under-rated,False,5.0,5.0,False,True,False,False,False,False
Mercy Place Wyndham | Mercy Aged and Community Care Ltd,Mercy Place Wyndham,VIC,Not for Profit,Medium,4.0,-0.011321529777953032,0.0435760823187199,-0.05489761209667293,Aligned,False,3.0,5.0,True,False,False,False,False,False
Royal Freemasons Footscray | Royal Freemasons Ltd,Royal Freemasons Footscray,VIC,Not for Profit,Small,4.0,0.21133635294717293,0.0435760823187199,0.16776027062845303,Aligned,False,3.0,5.0,False,False,False,False,False,False
Natimuk Aged Care Home | West Wimmera Health Service,Natimuk Aged Care Home,VIC,Government,Small,4.0,-0.0699712893420425,0.0435760823187199,-0.1135473716607624,Aligned,False,3.0,5.0,False,False,False,False,False,False
San Carlo Homes for the Aged | San Carlo Homes for the Aged Ltd,San Carlo Homes for the Aged,VIC,Not for Profit,Large,4.0,0.2676496833971466,0.0435760823187199,0.22407360107842672,Aligned,False,3.0,5.0,True,True,False,False,False,False
GraniteHill Aged Care | Euroa Health Inc,GraniteHill Aged Care,VIC,Not for Profit,Medium,3.0,-0.1299295375463148,-0.1719882124381784,0.0420586748918636,Aligned,False,3.0,5.0,False,False,False,False,False,False
McGregor Gardens Aged Care | Menarock Aged Care Services (Victoria) Pty Ltd,McGregor Gardens Aged Care,VIC,Private for Profit,Medium,4.0,0.5901885600237959,0.0435760823187199,0.546612477705076,Potentially under-rated,False,5.0,5.0,False,False,False,False,False,False
Shepparton Aged Care | Menarock Aged Care Services (Victoria) Pty Ltd,Shepparton Aged Care,VIC,Private for Profit,Medium,3.0,0.7687007274443517,-0.1719882124381784,0.9406889398825301,Potentially under-rated,False,5.0,4.0,False,False,False,False,False,True
Mercy Health Bethlehem Home For The Aged | Mercy Aged and Community Care Ltd,Mercy Health Bethlehem Home For The Aged,VIC,Not for Profit,Large,4.0,-0.11022851280885863,0.0435760823187199,-0.15380459512757855,Aligned,False,3.0,5.0,False,False,False,False,False,False
Nazareth House Ballarat | Nazareth Care,Nazareth House Ballarat,VIC,Not for Profit,Large,4.0,0.1898608894345337,0.0435760823187199,0.1462848071158138,Aligned,False,3.0,5.0,False,False,False,False,False,False
Riverview Aged Care | East Wimmera Health Service,Riverview Aged Care,VIC,Government,Small,5.0,-0.026018315594175483,0.2591403770756181,-0.2851586926697936,Aligned,False,4.0,5.0,False,False,False,False,False,False
Archie Gray Nursing Home Unit | West Wimmera Health Service,Archie Gray Nursing Home Unit,VIC,Government,Small,4.0,-0.562832791588293,0.0435760823187199,-0.6064088739070129,Potentially over-rated,False,3.0,5.0,False,False,False,False,False,False
Avoca Nursing Home | Maryborough District Health Service,Avoca Nursing Home,VIC,Government,Small,5.0,-0.36692767122573716,0.2591403770756181,-0.6260680483013552,Potentially over-rated,False,3.0,5.0,False,False,False,False,False,False
Violet Town Bush Nursing Centre | Violet Town Bush Nursing Centre Inc,Violet Town Bush Nursing Centre,VIC,Not for Profit,Medium,4.0,-1.3792805076081738,0.0435760823187199,-1.4228565899268937,Potentially over-rated,True,3.0,5.0,False,True,False,False,False,False
MannaCare - Cassia House | MannaCare Inc,MannaCare - Cassia House,VIC,Not for Profit,Medium,4.0,-0.2688309155631664,0.0435760823187199,-0.3124069978818863,Aligned,False,3.0,5.0,True,False,False,False,False,False
Kirkbrae Kilsyth Nursing Home | Presbyterian Care Victoria Ltd,Kirkbrae Kilsyth Nursing Home,VIC,Not for Profit,Medium,4.0,0.6474372151051688,0.0435760823187199,0.6038611327864489,Potentially under-rated,False,5.0,4.0,False,False,False,False,False,False
Birchip Nursing Home | East Wimmera Health Service,Birchip Nursing Home,VIC,Government,Small,5.0,0.3386176357509472,0.2591403770756181,0.07947725867532912,Aligned,False,5.0,5.0,False,False,False,False,False,False
Rupanyup District Nursing Home | West Wimmera Health Service,Rupanyup District Nursing Home,VIC,Government,Small,4.0,-1.08756938841213,0.0435760823187199,-1.13114547073085,Potentially over-rated,False,3.0,5.0,False,False,False,False,False,False
Rosebank Nursing Home | Yea and District Memorial Hospital,Rosebank Nursing Home,VIC,Government,Small,4.0,1.9196458078481633,0.0435760823187199,1.8760697255294434,Potentially under-rated,True,5.0,5.0,False,False,False,False,False,False
Jeparit & District Nursing Home | West Wimmera Health Service,Jeparit & District Nursing Home,VIC,Government,Small,5.0,0.4249691350447931,0.2591403770756181,0.165828757969175,Aligned,False,4.0,5.0,False,False,False,False,False,False
Rainbow Aged Care Home | West Wimmera Health Service,Rainbow Aged Care Home,VIC,Government,Small,4.0,-0.8662568482148628,0.0435760823187199,-0.9098329305335827,Potentially over-rated,False,3.0,5.0,False,False,False,False,False,False
Bolton Clarke Lilydale | RSL Care RDNS Limited,Bolton Clarke Lilydale,VIC,Not for Profit,Medium,4.0,0.3076638508770874,0.0435760823187199,0.2640877685583675,Aligned,False,5.0,5.0,False,False,False,False,False,False
Mount View Aged Care Facility | Terang and Mortlake Health Service,Mount View Aged Care Facility,VIC,Government,Small,4.0,0.3656417517682206,0.0435760823187199,0.3220656694495007,Aligned,False,3.0,5.0,False,False,False,False,False,False
Penshurst Nursing Home | Western District Health Service,Penshurst Nursing Home,VIC,Government,Small,5.0,0.35519030272946855,0.2591403770756181,0.09604992565385045,Aligned,False,5.0,5.0,False,False,False,False,False,False
Glenview Community Care Nursing Home | Glenview Health Inc,Glenview Community Care Nursing Home,VIC,Not for Profit,Small,4.0,0.03716833546207749,0.0435760823187199,-0.006407746856642409,Aligned,False,4.0,5.0,False,False,False,False,False,False
Lakeview Nursing Home | Tallangatta Health Service,Lakeview Nursing Home,VIC,Government,Small,4.0,-1.7009508156732573,0.0435760823187199,-1.7445268979919772,Potentially over-rated,True,1.0,5.0,False,False,True,False,False,False
Heathcote Health High Care Service | Heathcote Health,Heathcote Health High Care Service,VIC,Government,Small,5.0,-0.2601316458760517,0.2591403770756181,-0.5192720229516699,Potentially over-rated,False,4.0,5.0,False,False,False,False,False,False
The Oaks Nursing Home-Gisborne | Anglican Aged Care Services Group,The Oaks Nursing Home-Gisborne,VIC,Not for Profit,Medium,4.0,0.2263867201314861,0.0435760823187199,0.1828106378127662,Aligned,False,3.0,5.0,False,False,False,False,False,False
Dunolly Nursing Home | Maryborough District Health Service,Dunolly Nursing Home,VIC,Government,Small,5.0,0.030824950983257215,0.2591403770756181,-0.22831542609236088,Aligned,False,3.0,5.0,False,False,False,False,False,False
Valley View Nursing Home | Western District Health Service,Valley View Nursing Home,VIC,Government,Small,4.0,-0.26114424642310213,0.0435760823187199,-0.30472032874182203,Aligned,False,3.0,5.0,False,False,False,False,False,False
Mercy Place Rosebud | Mercy Aged and Community Care Ltd,Mercy Place Rosebud,VIC,Not for Profit,Small,4.0,-0.7721880613683664,0.0435760823187199,-0.8157641436870863,Potentially over-rated,False,3.0,4.0,False,False,False,False,False,False
Jack Lonsdale Lodge | Grampians Health,Jack Lonsdale Lodge,VIC,Government,Small,4.0,-0.23827602264542,0.0435760823187199,-0.2818521049641399,Aligned,False,2.0,5.0,False,False,True,False,False,False
Daylesford Nursing Home | Central Highlands Rural Health,Daylesford Nursing Home,VIC,Government,Small,5.0,-0.23665124522937794,0.2591403770756181,-0.49579162230499607,Potentially over-rated,False,4.0,5.0,False,False,False,False,False,False
Donwood Community Aged Care Services | Donwood Community Aged Care Services Inc,Donwood Community Aged Care Services,VIC,Not for Profit,Large,3.0,0.31040400094610515,-0.1719882124381784,0.48239221338428356,Potentially under-rated,False,3.0,5.0,False,False,False,False,False,True
Ian Brand Residential Care | Northern Health,Ian Brand Residential Care,VIC,Government,Small,4.0,0.5801245423323534,0.0435760823187199,0.5365484600136335,Potentially under-rated,False,3.0,5.0,False,False,False,False,False,False
Murrenda Residential Aged Care Home | Eastern Health,Murrenda Residential Aged Care Home,VIC,Government,Medium,4.0,-0.8080654690321966,0.0435760823187199,-0.8516415513509165,Potentially over-rated,False,1.0,5.0,False,False,True,False,False,False
Elizabeth Gardens Burwood | Royal Freemasons Ltd,Elizabeth Gardens Burwood,VIC,Not for Profit,Small,4.0,0.0065329768954622836,0.0435760823187199,-0.037043105423257616,Aligned,False,3.0,5.0,True,False,False,False,False,False
Caladenia Nursing Home | Northern Health,Caladenia Nursing Home,VIC,Government,Small,4.0,0.17708639953621633,0.0435760823187199,0.13351031721749643,Aligned,False,4.0,4.0,False,False,False,False,False,False
Baptcare Wyndham Lodge Community | Baptcare Ltd,Baptcare Wyndham Lodge Community,VIC,Not for Profit,Large,3.0,0.09371610826843291,-0.1719882124381784,0.2657043207066113,Aligned,False,3.0,5.0,False,False,False,False,False,False
Craigcare Mornington | Glenn-Craig Villages Pty Ltd,Craigcare Mornington,VIC,Private for Profit,Medium,3.0,-0.22243458813671713,-0.1719882124381784,-0.050446375698538715,Aligned,False,3.0,5.0,False,True,False,False,False,False
Tongala Memorial | Respect Group Limited,Tongala Memorial,VIC,Not for Profit,Small,4.0,0.1049095279660169,0.0435760823187199,0.061333445647296994,Aligned,False,2.0,5.0,False,False,True,False,False,False
Bill Crawford Lodge | Grampians Health,Bill Crawford Lodge,VIC,Government,Small,4.0,-3.265326911019377,0.0435760823187199,-3.308902993338097,Potentially over-rated,True,1.0,5.0,False,True,True,False,False,False
St Elmo's Nursing Home | Yarram & District Health Service,St Elmo's Nursing Home,VIC,Government,Small,4.0,-0.6525187583057243,0.0435760823187199,-0.6960948406244442,Potentially over-rated,False,1.0,5.0,False,False,True,False,False,False
Warrawee Nursing Home | City of Glen Eira,Warrawee Nursing Home,VIC,Government,Medium,4.0,0.3684594708026821,0.0435760823187199,0.3248833884839622,Aligned,False,4.0,5.0,False,False,False,False,False,False
Alan David Lodge | Barwon Health,Alan David Lodge,VIC,Government,Medium,5.0,0.3376772209447377,0.2591403770756181,0.07853684386911958,Aligned,False,4.0,5.0,False,False,False,False,False,False
Moyne Health Services-Belfast House | Moyne Health Services,Moyne Health Services-Belfast House,VIC,Government,Small,4.0,0.06137859486619259,0.0435760823187199,0.01780251254747269,Aligned,False,3.0,5.0,False,False,False,False,False,False
P.S. Hobson Nursing Home | Grampians Health,P.S. Hobson Nursing Home,VIC,Government,Small,4.0,0.41869391166212866,0.0435760823187199,0.37511782934340876,Aligned,False,3.0,5.0,False,False,False,False,False,False
Omeo District Health-Lewington House | Omeo District Health,Omeo District Health-Lewington House,VIC,Government,Small,4.0,-1.1919567426740894,0.0435760823187199,-1.2355328249928093,Potentially over-rated,False,3.0,5.0,False,False,False,False,False,False
Cyril Jewell House | Melbourne Health,Cyril Jewell House,VIC,Government,Small,4.0,0.30437799315047215,0.0435760823187199,0.26080191083175225,Aligned,False,5.0,5.0,True,True,False,False,False,False
Boyne Russell House | Melbourne Health,Boyne Russell House,VIC,Government,Small,4.0,0.07089043238778642,0.0435760823187199,0.027314350069066518,Aligned,False,3.0,5.0,False,False,False,False,False,False
Creswick District Nursing Home | Central Highlands Rural Health,Creswick District Nursing Home,VIC,Government,Small,5.0,1.0006775882668961,0.2591403770756181,0.741537211191278,Potentially under-rated,False,5.0,5.0,False,False,False,False,False,False
Beaufort Nursing Home | Beaufort & Skipton Health Service,Beaufort Nursing Home,VIC,Government,Small,4.0,-0.8235998254467098,0.0435760823187199,-0.8671759077654297,Potentially over-rated,False,2.0,5.0,True,False,True,False,False,False
Merv Irvine Nursing Home | Northern Health,Merv Irvine Nursing Home,VIC,Government,Small,4.0,-1.2746968221757078,0.0435760823187199,-1.3182729044944277,Potentially over-rated,False,2.0,5.0,False,False,True,False,False,False
Regis Blackburn | Regis Aged Care Pty Ltd,Regis Blackburn,VIC,Private for Profit,Large,3.0,0.06662082610493093,-0.1719882124381784,0.23860903854310933,Aligned,False,2.0,5.0,False,True,True,False,False,False
Benetas St George's | Anglican Aged Care Services Group,Benetas St George's,VIC,Not for Profit,Large,4.0,-0.4231143174307532,0.0435760823187199,-0.4666903997494731,Potentially over-rated,False,3.0,5.0,False,False,False,False,False,False
Monash Gardens | Royal Freemasons Ltd,Monash Gardens,VIC,Not for Profit,Medium,4.0,-0.28927310024026653,0.0435760823187199,-0.33284918255898643,Aligned,False,2.0,5.0,False,False,True,False,False,False
Hesse Rural Health Service Nursing Home | Hesse Rural Health Service,Hesse Rural Health Service Nursing Home,VIC,Government,Small,4.0,-0.41253913716237345,0.0435760823187199,-0.45611521948109335,Aligned,False,2.0,5.0,False,False,True,False,False,False
Mercy Place Montrose | Mercy Aged and Community Care Ltd,Mercy Place Montrose,VIC,Not for Profit,Large,4.0,0.35027618153739803,0.0435760823187199,0.30670009921867813,Aligned,False,4.0,5.0,False,False,False,True,False,False
Whittlesea Lodge | Arcanola Pty Ltd,Whittlesea Lodge,VIC,Private for Profit,Medium,3.0,-0.3325904259972658,-0.1719882124381784,-0.16060221355908738,Aligned,False,1.0,5.0,False,False,True,False,False,False
St John's | Respect Group Limited,St John's,VIC,Not for Profit,Large,3.0,-0.24803568487157382,-0.1719882124381784,-0.07604747243339541,Aligned,False,2.0,4.0,False,False,False,False,False,False
Estia Health Yarra Valley | Estia Investments Pty Ltd,Estia Health Yarra Valley,VIC,Private for Profit,Medium,3.0,-0.21413971499586323,-0.1719882124381784,-0.04215150255768482,Aligned,False,2.0,5.0,False,True,True,False,False,False
Auburn House | St Vincent's Hospital (Melbourne) Limited,Auburn House,VIC,Not for Profit,Small,4.0,-0.4397230412867263,0.0435760823187199,-0.4832991236054462,Potentially over-rated,False,3.0,5.0,False,False,False,False,False,False
Skipton Nursing Home | Beaufort & Skipton Health Service,Skipton Nursing Home,VIC,Government,Small,4.0,-0.6182095548793448,0.0435760823187199,-0.6617856371980647,Potentially over-rated,False,3.0,5.0,False,True,False,False,False,False
Brimlea Aged Care | Five Star Care Pty Ltd,Brimlea Aged Care,VIC,Private for Profit,Medium,4.0,0.8945437490441268,0.0435760823187199,0.8509676667254069,Potentially under-rated,False,5.0,5.0,False,False,False,False,False,False
Illoura - Residential Aged Care | Northeast Health Wangaratta,Illoura - Residential Aged Care,VIC,Government,Medium,4.0,-0.10485015228127392,0.0435760823187199,-0.14842623459999382,Aligned,False,2.0,5.0,False,False,True,False,False,False
Golden Oaks Nursing Home | Bendigo Health Care Group,Golden Oaks Nursing Home,VIC,Government,Small,4.0,0.008732241884509198,0.0435760823187199,-0.0348438404342107,Aligned,False,3.0,5.0,False,True,False,False,False,False
"mecwacare Gregory Lodge, Flemington | MECWA Limited","mecwacare Gregory Lodge, Flemington",VIC,Not for Profit,Medium,4.0,-0.14023925493188277,0.0435760823187199,-0.18381533725060267,Aligned,False,3.0,4.0,False,False,False,False,False,False
Regis Fawkner | Regis Aged Care Pty Ltd,Regis Fawkner,VIC,Private for Profit,Medium,3.0,-0.07384169379397405,-0.1719882124381784,0.09814651864420436,Aligned,False,2.0,5.0,False,True,True,False,False,False
mecwacare Calwell Manor | MECWA Limited,mecwacare Calwell Manor,VIC,Not for Profit,Small,4.0,0.5832957681178814,0.0435760823187199,0.5397196857991615,Potentially under-rated,False,5.0,5.0,False,True,False,False,False,False
Carrum Downs Aged Care | Aged Care Group Pty Ltd,Carrum Downs Aged Care,VIC,Private for Profit,Small,3.0,-0.3416826669813609,-0.1719882124381784,-0.1696944545431825,Aligned,False,3.0,5.0,False,False,False,False,False,False
Craigcare Plumpton Villa | Glenn-Craig Villages Pty Ltd,Craigcare Plumpton Villa,VIC,Private for Profit,Large,4.0,-0.17303152090528925,0.0435760823187199,-0.21660760322400915,Aligned,False,1.0,5.0,True,True,True,False,False,False
Anzac Lodge Private Nursing Home | Java Dale Pty Ltd,Anzac Lodge Private Nursing Home,VIC,Private for Profit,Large,4.0,-0.05799699982275652,0.0435760823187199,-0.10157308214147642,Aligned,False,3.0,5.0,True,True,False,False,False,False
Fronditha Anesi Aged Care Services - Thornbury | Fronditha Care,Fronditha Anesi Aged Care Services - Thornbury,VIC,Not for Profit,Large,3.0,-0.12083671225354098,-0.1719882124381784,0.05115150018463743,Aligned,False,3.0,5.0,False,True,False,False,False,False
Holmwood Aged Care | Bonnie Bridge Pty Ltd,Holmwood Aged Care,VIC,Private for Profit,Medium,3.0,-0.4389321711233642,-0.1719882124381784,-0.2669439586851858,Aligned,False,1.0,5.0,False,True,True,False,False,False
Clarinda on the Park | Anglican Aged Care Services Group,Clarinda on the Park,VIC,Not for Profit,Medium,4.0,0.3381118721250836,0.0435760823187199,0.2945357898063637,Aligned,False,4.0,5.0,False,True,False,False,False,False
Baptcare - St Hilary's Community | Baptcare Ltd,Baptcare - St Hilary's Community,VIC,Not for Profit,Small,3.0,0.25964436499354493,-0.1719882124381784,0.43163257743172334,Aligned,False,5.0,5.0,False,False,False,True,False,False
Churches of Christ Palms Aged Care Service | Churches of Christ in Queensland,Churches of Christ Palms Aged Care Service,QLD,Not for Profit,Small,4.0,-0.6139812477703929,0.0435760823187199,-0.6575573300891128,Potentially over-rated,False,2.0,5.0,True,False,True,False,False,False
Lutheran Services - Zion | LUTHERAN CHURCH OF AUSTRALIA QUEENSLAND DISTRICT,Lutheran Services - Zion,QLD,Not for Profit,Medium,3.0,-0.29382780769494754,-0.1719882124381784,-0.12183959525676913,Aligned,False,2.0,5.0,False,True,True,False,False,False
Regis Magnolia | CPSM Pty Ltd,Regis Magnolia,QLD,Private for Profit,Large,4.0,0.03812668233661896,0.0435760823187199,-0.005449399982100943,Aligned,False,3.0,5.0,False,False,False,False,False,False
Bupa Glenvale | Bupa Aged Care Australia Pty Ltd,Bupa Glenvale,QLD,Private for Profit,Large,3.0,-0.6573667739678649,-0.1719882124381784,-0.4853785615296865,Potentially over-rated,False,1.0,5.0,False,True,True,False,False,False
The Laura Johnson Home | The Society for the Mount Isa Memorial Garden Settlement for the Aged,The Laura Johnson Home,QLD,Not for Profit,Small,4.0,0.5676159110458137,0.0435760823187199,0.5240398287270938,Potentially under-rated,False,3.0,5.0,False,False,False,False,False,False
The Laura Johnson Home | The Society for the Mount Isa Memorial Garden Settlement for the Aged,The Laura Johnson Home,QLD,Not for Profit,Small,4.0,0.5676159110458137,0.0435760823187199,0.5240398287270938,Potentially under-rated,False,4.0,5.0,False,False,False,False,False,False
Southern Cross Care Murgon - Castra | Southern Cross Care (QLD) Ltd,Southern Cross Care Murgon - Castra,QLD,Not for Profit,Medium,4.0,0.19287849959908,0.0435760823187199,0.1493024172803601,Aligned,False,5.0,5.0,False,False,False,False,False,False
The Plains | Bethany Christian Care,The Plains,QLD,Not for Profit,Large,4.0,0.13267185904791498,0.0435760823187199,0.08909577672919508,Aligned,False,4.0,5.0,False,False,False,False,False,False
Southern Cross Care Taroom - Leichhardt Villa | Southern Cross Care (QLD) Ltd,Southern Cross Care Taroom - Leichhardt Villa,QLD,Not for Profit,Small,4.0,0.8785596050314699,0.0435760823187199,0.83498352271275,Potentially under-rated,False,5.0,5.0,False,False,False,False,False,False
Beauaraba Lodge | Beauaraba Living Pittsworth Ltd,Beauaraba Lodge,QLD,Not for Profit,Large,5.0,0.18795454055458594,0.2591403770756181,-0.07118583652103216,Aligned,False,4.0,5.0,False,False,False,False,False,False
Carinity Clifford House | The Baptist Union of Queensland,Carinity Clifford House,QLD,Not for Profit,Small,4.0,0.3339087114623662,0.0435760823187199,0.2903326291436463,Aligned,False,3.0,5.0,False,True,False,False,False,False
Carinity Karinya Place | The Baptist Union of Queensland,Carinity Karinya Place,QLD,Not for Profit,Small,3.0,-0.5441068514152732,-0.1719882124381784,-0.37211863897709474,Aligned,False,2.0,5.0,False,False,False,False,False,False
Brookfield Green | The Baptist Union of Queensland,Brookfield Green,QLD,Not for Profit,Medium,4.0,0.115381960393748,0.0435760823187199,0.0718058780750281,Aligned,False,3.0,5.0,False,True,False,False,False,False
Carinity Colthup Manor | The Baptist Union of Queensland,Carinity Colthup Manor,QLD,Not for Profit,Medium,5.0,0.6455903347596696,0.2591403770756181,0.38644995768405155,Aligned,False,5.0,5.0,False,False,False,False,False,False
Carinity Hilltop | The Baptist Union of Queensland,Carinity Hilltop,QLD,Not for Profit,Medium,4.0,0.39037125565677355,0.0435760823187199,0.34679517333805365,Aligned,False,5.0,5.0,False,True,False,False,False,False
Anglicare SQ St John's Home for Aged Men | The Corporation of the Synod of the Diocese of Brisbane,Anglicare SQ St John's Home for Aged Men,QLD,Not for Profit,Medium,4.0,0.7357746610468019,0.0435760823187199,0.692198578728082,Potentially under-rated,False,5.0,5.0,False,False,False,False,False,False
Anglicare SQ Symes Grove Home for the Aged | The Corporation of the Synod of the Diocese of Brisbane,Anglicare SQ Symes Grove Home for the Aged,QLD,Not for Profit,Large,4.0,0.7027503166684713,0.0435760823187199,0.6591742343497514,Potentially under-rated,False,4.0,5.0,False,False,False,False,False,False
Anglicare SQ Symes Thorpe Home for the Aged | The Corporation of the Synod of the Diocese of Brisbane,Anglicare SQ Symes Thorpe Home for the Aged,QLD,Not for Profit,Medium,4.0,0.030430675012707808,0.0435760823187199,-0.013145407306012092,Aligned,False,3.0,5.0,False,False,False,False,False,False
Anglicare SQ Edwin Marsden Tooth Memorial Home for Aged | The Corporation of the Synod of the Diocese of Brisbane,Anglicare SQ Edwin Marsden Tooth Memorial Home for Aged,QLD,Not for Profit,Medium,4.0,0.3162816600174388,0.0435760823187199,0.2727055776987189,Aligned,False,3.0,5.0,False,True,False,False,False,False
Pine Lodge Home for the Aged | The Russian Benevolent Association for Homes for the Aged,Pine Lodge Home for the Aged,QLD,Not for Profit,Small,4.0,-0.4431081634166445,0.0435760823187199,-0.4866842457353644,Potentially over-rated,False,3.0,5.0,False,False,False,False,False,False
Villa Maria Centre | Catholic Healthcare Limited,Villa Maria Centre,QLD,Not for Profit,Large,4.0,0.030252156685456767,0.0435760823187199,-0.013323925633263133,Aligned,False,2.0,5.0,False,False,True,False,False,False
Villa Maria Eastern Heights | Catholic Healthcare Limited,Villa Maria Eastern Heights,QLD,Not for Profit,Medium,4.0,-0.2391087043486022,0.0435760823187199,-0.2826847866673221,Aligned,False,2.0,5.0,False,True,True,False,False,False
Churches of Christ Bribie Aged Care Service | Churches of Christ in Queensland,Churches of Christ Bribie Aged Care Service,QLD,Not for Profit,Large,3.0,0.00032042425834690375,-0.1719882124381784,0.17230863669652532,Aligned,False,2.0,4.0,False,False,True,False,False,False
Churches of Christ Fassifern Aged Care Service | Churches of Christ in Queensland,Churches of Christ Fassifern Aged Care Service,QLD,Not for Profit,Large,4.0,-0.2676865680746086,0.0435760823187199,-0.3112626503933285,Aligned,False,2.0,5.0,False,False,True,False,False,False
Churches of Christ Fair Haven Aged Care Service Maryborough | Churches of Christ in Queensland,Churches of Christ Fair Haven Aged Care Service Maryborough,QLD,Not for Profit,Medium,3.0,-0.46886703188767026,-0.1719882124381784,-0.29687881944949185,Aligned,False,2.0,5.0,False,False,False,False,False,False
Churches of Christ Golden Age Aged Care Service | Churches of Christ in Queensland,Churches of Christ Golden Age Aged Care Service,QLD,Not for Profit,Medium,4.0,-0.365556569480352,0.0435760823187199,-0.4091326517990719,Aligned,False,3.0,5.0,False,False,False,False,False,False
Churches of Christ Moonah Park Aged Care Service | Churches of Christ in Queensland,Churches of Christ Moonah Park Aged Care Service,QLD,Not for Profit,Medium,4.0,0.1520112065088133,0.0435760823187199,0.10843512419009341,Aligned,False,2.0,5.0,False,True,True,False,False,False
Churches of Christ Toowoomba Aged Care Service | Churches of Christ in Queensland,Churches of Christ Toowoomba Aged Care Service,QLD,Not for Profit,Medium,4.0,-0.07421067875942461,0.0435760823187199,-0.11778676107814451,Aligned,False,2.0,5.0,False,False,False,False,False,False
Churches of Christ Lady Small Haven Aged Care Service | Churches of Christ in Queensland,Churches of Christ Lady Small Haven Aged Care Service,QLD,Not for Profit,Medium,4.0,0.009502372286009734,0.0435760823187199,-0.03407371003271017,Aligned,False,3.0,5.0,False,False,False,False,False,False
Mercy Place Cairns (Bethlehem) | Mercy Aged and Community Care Ltd,Mercy Place Cairns (Bethlehem),QLD,Not for Profit,Medium,4.0,0.49992671962310925,0.0435760823187199,0.45635063730438935,Aligned,False,4.0,5.0,False,False,False,False,False,False
Pinaroo Roma Inc | Pinaroo Roma Inc,Pinaroo Roma Inc,QLD,Not for Profit,Medium,3.0,-0.6865337125394443,-0.1719882124381784,-0.5145455001012659,Potentially over-rated,False,3.0,4.0,False,False,False,False,False,False
Bolton Clarke Farnorha | RSL Care RDNS Limited,Bolton Clarke Farnorha,QLD,Not for Profit,Large,4.0,0.016801930029284245,0.0435760823187199,-0.026774152289435655,Aligned,False,3.0,5.0,False,False,False,False,False,False
Benevolent Living | Benevolent Aged Care Ltd,Benevolent Living,QLD,Not for Profit,Large,4.0,0.21210685449443623,0.0435760823187199,0.16853077217571633,Aligned,False,4.0,5.0,False,True,False,False,False,False
Ozcare Innisfail | Ozcare,Ozcare Innisfail,QLD,Not for Profit,Large,3.0,-0.6421840971865747,-0.1719882124381784,-0.47019588474839624,Potentially over-rated,False,2.0,4.0,False,False,True,False,False,False
St Vincent's Care Services Kangaroo Point - Marycrest | St Vincent's Care Services Ltd,St Vincent's Care Services Kangaroo Point - Marycrest,QLD,Not for Profit,Large,4.0,0.7812524148586921,0.0435760823187199,0.7376763325399722,Potentially under-rated,False,5.0,5.0,False,False,False,False,False,False
St Vincent's Care Services Toowoomba - Hostel | St Vincent's Care Services Ltd,St Vincent's Care Services Toowoomba - Hostel,QLD,Not for Profit,Medium,4.0,-0.7754917984715775,0.0435760823187199,-0.8190678807902974,Potentially over-rated,False,1.0,5.0,False,False,True,False,False,False
Bolton Clarke Fairview | RSL Care RDNS Limited,Bolton Clarke Fairview,QLD,Not for Profit,Large,4.0,0.1635255287809461,0.0435760823187199,0.11994944646222619,Aligned,False,4.0,5.0,False,False,False,False,False,False
Bolton Clarke Fernhill | RSL Care RDNS Limited,Bolton Clarke Fernhill,QLD,Not for Profit,Large,3.0,0.11149358928436126,-0.1719882124381784,0.2834818017225397,Aligned,False,3.0,4.0,True,False,False,False,False,False
Akooramak Care of Older Persons | Warwick Benevolent Society Inc,Akooramak Care of Older Persons,QLD,Not for Profit,Medium,3.0,0.26757042947319865,-0.1719882124381784,0.43955864191137706,Aligned,False,3.0,4.0,False,False,False,False,False,False
Wongaburra Garden Settlement Hostel | Wongaburra Society,Wongaburra Garden Settlement Hostel,QLD,Not for Profit,Large,3.0,0.4738546034421241,-0.1719882124381784,0.6458428158803025,Potentially under-rated,False,4.0,5.0,False,True,False,True,False,True
Torbay | Torbay Lifestyles and Care Limited,Torbay,QLD,Not for Profit,Large,4.0,-0.06134018512480927,0.0435760823187199,-0.10491626744352917,Aligned,False,2.0,5.0,False,False,True,False,False,False
Southern Cross Care Chinchilla - Illoura Village | Southern Cross Care (QLD) Ltd,Southern Cross Care Chinchilla - Illoura Village,QLD,Not for Profit,Medium,3.0,0.10542165720034141,-0.1719882124381784,0.2774098696385198,Aligned,False,3.0,5.0,False,True,False,False,False,False
Ningana | The Dalby and District Aged Persons' Homes Association,Ningana,QLD,Not for Profit,Small,5.0,-0.15078644873481284,0.2591403770756181,-0.40992682581043094,Aligned,False,5.0,5.0,False,False,False,False,False,False
Bolton Clarke Milford Grange | RSL Care RDNS Limited,Bolton Clarke Milford Grange,QLD,Not for Profit,Medium,4.0,0.1845065945485025,0.0435760823187199,0.1409305122297826,Aligned,False,3.0,5.0,False,False,False,False,False,False
Regis Whitfield | Regis Aged Care Pty Ltd,Regis Whitfield,QLD,Private for Profit,Large,4.0,0.1594166182386824,0.0435760823187199,0.11584053591996249,Aligned,False,3.0,5.0,False,False,False,False,False,False
St Vincent Care Services Carseldine | St Vincent's Care Services Ltd,St Vincent Care Services Carseldine,QLD,Not for Profit,Large,4.0,0.35619075196036504,0.0435760823187199,0.31261466964164514,Aligned,False,3.0,4.0,False,False,False,False,False,False
St Vincent's Care Services Bardon | St Vincent's Care Services Ltd,St Vincent's Care Services Bardon,QLD,Not for Profit,Medium,5.0,0.3911831496089205,0.2591403770756181,0.13204277253330238,Aligned,False,4.0,5.0,False,False,False,False,False,False
Nazareth Residential Aged Care | The Nazareth Lutheran Church of South Brisbane,Nazareth Residential Aged Care,QLD,Not for Profit,Small,5.0,0.8330347562335843,0.2591403770756181,0.5738943791579662,Potentially under-rated,False,4.0,5.0,False,False,False,False,False,False
Bolton Clarke Sunset Ridge | RSL Care RDNS Limited,Bolton Clarke Sunset Ridge,QLD,Not for Profit,Medium,4.0,0.24377943608007338,0.0435760823187199,0.20020335376135348,Aligned,False,3.0,5.0,False,False,False,False,False,False
Kabara Aged Care | NoosaCare Inc,Kabara Aged Care,QLD,Not for Profit,Medium,4.0,0.25742945083241037,0.0435760823187199,0.21385336851369047,Aligned,False,3.0,5.0,False,False,False,False,False,False
Ozcare Keith Turnbull Place | Ozcare,Ozcare Keith Turnbull Place,QLD,Not for Profit,Large,3.0,-0.17628142506379108,-0.1719882124381784,-0.0042932126256126635,Aligned,False,3.0,5.0,True,False,False,False,False,False
Ozcare Ozanam Villa - Clontarf | Ozcare,Ozcare Ozanam Villa - Clontarf,QLD,Not for Profit,Large,4.0,0.1654220574496055,0.0435760823187199,0.1218459751308856,Aligned,False,3.0,5.0,False,False,False,False,False,False
Regis Kirwan | Regis Aged Care Pty Ltd,Regis Kirwan,QLD,Private for Profit,Large,4.0,0.08502236693911099,0.0435760823187199,0.041446284620391086,Aligned,False,3.0,5.0,False,False,False,False,False,False
Churches of Christ Crows Nest Aged Care Service | Churches of Christ in Queensland,Churches of Christ Crows Nest Aged Care Service,QLD,Not for Profit,Medium,4.0,-0.4919409868169787,0.0435760823187199,-0.5355170691356985,Potentially over-rated,False,2.0,5.0,False,True,True,False,False,False
Taralga Retirement Village Hostel | TARALGA RETIREMENT VILLAGE INC,Taralga Retirement Village Hostel,QLD,Not for Profit,Small,5.0,0.6162648021578823,0.2591403770756181,0.35712442508226416,Aligned,False,5.0,5.0,False,False,False,False,False,False
Pyramid Residential Care Centre | Pyramid Residential Care Centre,Pyramid Residential Care Centre,QLD,Not for Profit,Medium,4.0,0.2924258651479102,0.0435760823187199,0.2488497828291903,Aligned,False,3.0,5.0,True,False,False,False,False,False
Southern Cross Care Allora - Homestead | Southern Cross Care (QLD) Ltd,Southern Cross Care Allora - Homestead,QLD,Not for Profit,Small,4.0,0.04960942141728897,0.0435760823187199,0.006033339098569068,Aligned,False,3.0,5.0,False,False,False,False,False,False
Aloaka Care Centre | Sundale Ltd,Aloaka Care Centre,QLD,Not for Profit,Small,4.0,0.7312939554433749,0.0435760823187199,0.687717873124655,Potentially under-rated,False,4.0,5.0,False,False,False,False,False,False
Southern Cross Care Holland Park - Duhig Village | Southern Cross Care (QLD) Ltd,Southern Cross Care Holland Park - Duhig Village,QLD,Not for Profit,Large,4.0,-0.0052583244367050514,0.0435760823187199,-0.04883440675542495,Aligned,False,3.0,5.0,False,False,False,False,False,False
McLean Care CWA House | McLean Care Ltd,McLean Care CWA House,QLD,Not for Profit,Small,4.0,-0.322628136143801,0.0435760823187199,-0.3662042184625209,Aligned,False,4.0,5.0,False,False,False,False,False,False
Good Shepherd Lodge | Good Shepherd Lodge Ltd,Good Shepherd Lodge,QLD,Not for Profit,Large,4.0,-0.3432953055495685,0.0435760823187199,-0.3868713878682884,Aligned,False,2.0,5.0,False,False,True,False,False,False
Anglicare SQ Abri Home for the Aged | The Corporation of the Synod of the Diocese of Brisbane,Anglicare SQ Abri Home for the Aged,QLD,Not for Profit,Small,5.0,0.0024614124601884113,0.2591403770756181,-0.2566789646154297,Aligned,False,3.0,5.0,False,False,False,False,False,False
Maranatha Aged Care | Christadelphian Homes Limited,Maranatha Aged Care,QLD,Not for Profit,Large,4.0,-0.4425079891095747,0.0435760823187199,-0.4860840714282946,Potentially over-rated,False,3.0,5.0,False,False,False,False,False,False
Regis Lodges on George | CPSM Pty Ltd,Regis Lodges on George,QLD,Private for Profit,Large,4.0,0.05979975937967243,0.0435760823187199,0.016223677060952534,Aligned,False,3.0,5.0,False,True,False,False,False,False
Regis Redlynch | Regis Aged Care Pty Ltd,Regis Redlynch,QLD,Private for Profit,Large,4.0,0.21769813502224675,0.0435760823187199,0.17412205270352685,Aligned,False,3.0,5.0,False,False,False,False,False,False
Mercy Community Services - Emmaus | Mercy Community Services SEQ Limited,Mercy Community Services - Emmaus,QLD,Not for Profit,Large,3.0,0.41734978252515886,-0.1719882124381784,0.5893379949633373,Potentially under-rated,False,3.0,5.0,False,False,False,False,False,True
Lutheran Services - Orana | LUTHERAN CHURCH OF AUSTRALIA QUEENSLAND DISTRICT,Lutheran Services - Orana,QLD,Not for Profit,Medium,4.0,-0.21638568192644522,0.0435760823187199,-0.25996176424516515,Aligned,False,3.0,5.0,False,False,False,False,False,False
Lutheran Services - Tabeel | LUTHERAN CHURCH OF AUSTRALIA QUEENSLAND DISTRICT,Lutheran Services - Tabeel,QLD,Not for Profit,Medium,3.0,-0.09661918809930224,-0.1719882124381784,0.07536902433887617,Aligned,False,3.0,5.0,False,False,False,False,False,False
Lutheran Services - Wahroonga | LUTHERAN CHURCH OF AUSTRALIA QUEENSLAND DISTRICT,Lutheran Services - Wahroonga,QLD,Not for Profit,Small,4.0,0.1305971345010776,0.0435760823187199,0.0870210521823577,Aligned,False,3.0,5.0,False,False,False,False,False,False
Lutheran Services - Salem | LUTHERAN CHURCH OF AUSTRALIA QUEENSLAND DISTRICT,Lutheran Services - Salem,QLD,Not for Profit,Medium,4.0,0.6323318566135363,0.0435760823187199,0.5887557742948164,Potentially under-rated,False,5.0,5.0,False,False,False,False,False,False
Lutheran Services - Trinder Park | LUTHERAN CHURCH OF AUSTRALIA QUEENSLAND DISTRICT,Lutheran Services - Trinder Park,QLD,Not for Profit,Large,4.0,-0.06473511627263301,0.0435760823187199,-0.10831119859135291,Aligned,False,2.0,5.0,False,False,True,False,False,False
Finncare Aged Care | Finncare Incorporated,Finncare Aged Care,QLD,Not for Profit,Small,4.0,0.18000683113861915,0.0435760823187199,0.13643074881989925,Aligned,False,3.0,5.0,False,False,False,False,False,False
Lutheran Services - Cooinda Aged Care Centre | LUTHERAN CHURCH OF AUSTRALIA QUEENSLAND DISTRICT,Lutheran Services - Cooinda Aged Care Centre,QLD,Not for Profit,Large,4.0,0.11913790940435852,0.0435760823187199,0.07556182708563862,Aligned,False,3.0,5.0,False,False,False,False,False,False
Carramar Aged Care | NoosaCare Inc,Carramar Aged Care,QLD,Not for Profit,Large,4.0,-0.4782671291934286,0.0435760823187199,-0.5218432115121485,Potentially over-rated,False,1.0,5.0,False,False,True,False,False,False
McLean Care Yallambee | McLean Care Ltd,McLean Care Yallambee,QLD,Not for Profit,Small,4.0,-0.6460610623872799,0.0435760823187199,-0.6896371447059998,Potentially over-rated,False,3.0,5.0,False,False,False,False,False,False
PresCare - Groundwater Lodge | APOLLO CARE OPERATIONS PTY LIMITED,PresCare - Groundwater Lodge,QLD,Private for Profit,Small,4.0,0.3278222699453496,0.0435760823187199,0.2842461876266297,Aligned,False,3.0,5.0,False,False,False,False,False,False
Beaumont Care Roslyn Lodge | Beaumont Care (Holdings) Pty Ltd,Beaumont Care Roslyn Lodge,QLD,Private for Profit,Small,4.0,-0.4129340262761197,0.0435760823187199,-0.4565101085948396,Aligned,False,3.0,5.0,False,False,False,False,False,False
PresCare - Alexandra Gardens | APOLLO CARE OPERATIONS PTY LIMITED,PresCare - Alexandra Gardens,QLD,Private for Profit,Medium,4.0,0.1338060175959739,0.0435760823187199,0.09022993527725401,Aligned,False,4.0,5.0,False,False,False,False,False,False
Churches of Christ Rockingham Aged Care Service | Churches of Christ in Queensland,Churches of Christ Rockingham Aged Care Service,QLD,Not for Profit,Small,4.0,-0.6035487734019525,0.0435760823187199,-0.6471248557206724,Potentially over-rated,False,2.0,5.0,True,False,True,False,False,False
Dalrymple Villa | Dalrymple Villa Inc,Dalrymple Villa,QLD,Not for Profit,Medium,3.0,-0.9515951782009618,-0.1719882124381784,-0.7796069657627834,Potentially over-rated,False,3.0,5.0,False,False,False,False,False,False
Southern Cross Care Nanango - Karinya | Southern Cross Care (QLD) Ltd,Southern Cross Care Nanango - Karinya,QLD,Not for Profit,Small,4.0,-0.3719949574674973,0.0435760823187199,-0.4155710397862172,Aligned,False,3.0,5.0,False,False,False,False,False,False
Bowder Care Centre | Sundale Ltd,Bowder Care Centre,QLD,Not for Profit,Small,4.0,0.2747161608149655,0.0435760823187199,0.23114007849624563,Aligned,False,3.0,5.0,False,False,False,False,False,False
Sinnamon Village - Nash Court | Wesley Mission Queensland Limited,Sinnamon Village - Nash Court,QLD,Not for Profit,Small,4.0,-0.5249747065994737,0.0435760823187199,-0.5685507889181936,Potentially over-rated,False,2.0,4.0,False,False,True,False,False,False
Sinnamon Village - Kentish Court | Wesley Mission Queensland Limited,Sinnamon Village - Kentish Court,QLD,Not for Profit,Small,3.0,0.1327060265350604,-0.1719882124381784,0.3046942389732388,Aligned,False,3.0,4.0,False,False,False,False,False,False
Sinnamon Village - Jacobs Court | Wesley Mission Queensland Limited,Sinnamon Village - Jacobs Court,QLD,Not for Profit,Small,4.0,0.34159770946713336,0.0435760823187199,0.29802162714841346,Aligned,False,3.0,4.0,False,False,False,False,False,False
Sinnamon Village - Knowles Court | Wesley Mission Queensland Limited,Sinnamon Village - Knowles Court,QLD,Not for Profit,Small,4.0,-0.16889428381693092,0.0435760823187199,-0.21247036613565082,Aligned,False,3.0,4.0,False,False,False,False,False,False
Sinnamon Village - Reid Court | Wesley Mission Queensland Limited,Sinnamon Village - Reid Court,QLD,Not for Profit,Small,4.0,-0.44426732677582054,0.0435760823187199,-0.48784340909454044,Potentially over-rated,False,3.0,4.0,False,False,False,False,False,False
Wheller Gardens - John Wesley Gardens | Wesley Mission Queensland Limited,Wheller Gardens - John Wesley Gardens,QLD,Not for Profit,Large,3.0,-0.1587033930457663,-0.1719882124381784,0.013284819392412106,Aligned,False,2.0,4.0,False,False,True,False,False,False
Wheller Gardens - Emmaus Village | Wesley Mission Queensland Limited,Wheller Gardens - Emmaus Village,QLD,Not for Profit,Small,4.0,-0.37292324638091284,0.0435760823187199,-0.41649932869963274,Aligned,False,3.0,4.0,False,False,False,False,False,False
Wheller Gardens - St Marks House | Wesley Mission Queensland Limited,Wheller Gardens - St Marks House,QLD,Not for Profit,Small,4.0,-0.5163851080853551,0.0435760823187199,-0.559961190404075,Potentially over-rated,False,2.0,4.0,False,False,True,False,False,False
Wheller Gardens - Cooper House | Wesley Mission Queensland Limited,Wheller Gardens - Cooper House,QLD,Not for Profit,Small,3.0,-0.8938100596908644,-0.1719882124381784,-0.7218218472526859,Potentially over-rated,False,2.0,4.0,False,False,True,False,False,False
Regis Sandgate - Musgrave | Regis Aged Care Pty Ltd,Regis Sandgate - Musgrave,QLD,Private for Profit,Large,4.0,-0.032158328382248046,0.0435760823187199,-0.07573441070096795,Aligned,False,4.0,5.0,False,False,False,False,False,False
MiCare Prins Willem Alexander Lodge | MiCare Ltd,MiCare Prins Willem Alexander Lodge,QLD,Not for Profit,Large,4.0,-0.22657048490689438,0.0435760823187199,-0.27014656722561425,Aligned,False,2.0,5.0,False,False,True,False,False,False
Southern Cross Care Miles - Carinya | Southern Cross Care (QLD) Ltd,Southern Cross Care Miles - Carinya,QLD,Not for Profit,Small,5.0,0.7067496031143081,0.2591403770756181,0.44760922603869,Aligned,False,4.0,5.0,False,False,False,False,False,False
Ridgehaven Retirement Complex | AGED CARE MONTO INC.,Ridgehaven Retirement Complex,QLD,Not for Profit,Small,5.0,0.03450704195835789,0.2591403770756181,-0.22463333511726022,Aligned,False,3.0,5.0,False,False,False,False,False,False
St Paul de Chartres Residential Aged Care | Sisters of St Paul de Chartres Australia,St Paul de Chartres Residential Aged Care,QLD,Not for Profit,Medium,4.0,0.07284236110175034,0.0435760823187199,0.02926627878303044,Aligned,False,3.0,5.0,False,False,False,False,False,False
St Vincent's Care Services Arundel | St Vincent's Care Services Ltd,St Vincent's Care Services Arundel,QLD,Not for Profit,Small,4.0,0.422077027366854,0.0435760823187199,0.3785009450481341,Aligned,False,4.0,5.0,False,False,False,False,False,False
Lions Haven For The Aged | Lions Haven for the Aged Limited,Lions Haven For The Aged,QLD,Not for Profit,Large,4.0,-0.3173970094143059,0.0435760823187199,-0.3609730917330258,Aligned,False,3.0,5.0,False,False,False,False,False,False
Churches of Christ Homesteads Aged Care Service | Churches of Christ in Queensland,Churches of Christ Homesteads Aged Care Service,QLD,Not for Profit,Small,4.0,0.23769724044809362,0.0435760823187199,0.19412115812937372,Aligned,False,3.0,5.0,False,False,False,False,False,False
Woombye Care | WOOMBYE CARE INC,Woombye Care,QLD,Not for Profit,Medium,4.0,-0.24008195618959108,0.0435760823187199,-0.28365803850831095,Aligned,False,3.0,5.0,False,False,False,False,False,False
Murroona Gardens | BOWEN OLD PEOPLE'S HOME SOCIETY LIMITED,Murroona Gardens,QLD,Not for Profit,Medium,4.0,0.11970093737753403,0.0435760823187199,0.07612485505881413,Aligned,False,2.0,5.0,False,False,True,False,False,False
Berlasco Court Caring Centre | The Ethnic Communities Council of Queensland Limited,Berlasco Court Caring Centre,QLD,Not for Profit,Large,4.0,-0.19505693533893198,0.0435760823187199,-0.23863301765765188,Aligned,False,1.0,5.0,False,False,True,False,False,False
Central & Upper Burnett District Home for the Aged Nursing Home | The Central & Upper Burnett District Home for the Aged,Central & Upper Burnett District Home for the Aged Nursing Home,QLD,Not for Profit,Small,4.0,-0.03008575863602599,0.0435760823187199,-0.07366184095474589,Aligned,False,3.0,5.0,False,False,False,False,False,False
Regis Greenbank | Retirement Care Australia (Logan) Pty Limited,Regis Greenbank,QLD,Private for Profit,Large,4.0,-0.054525927335120065,0.0435760823187199,-0.09810200965383997,Aligned,False,2.0,5.0,False,False,True,False,False,False
Nazareth House Wynnum | Nazareth Care,Nazareth House Wynnum,QLD,Not for Profit,Large,4.0,0.13932143538858574,0.0435760823187199,0.09574535306986584,Aligned,False,3.0,5.0,False,False,False,False,False,False
Carinya Home For The Aged | Carinya Home for the Aged,Carinya Home For The Aged,QLD,Not for Profit,Large,4.0,0.1448855875652971,0.0435760823187199,0.1013095052465772,Aligned,False,3.0,5.0,False,False,False,False,False,False
Southern Cross Care Raceview - St Mary's | Southern Cross Care (QLD) Ltd,Southern Cross Care Raceview - St Mary's,QLD,Not for Profit,Medium,4.0,-0.24006480056991694,0.0435760823187199,-0.28364088288863687,Aligned,False,3.0,5.0,False,False,False,False,False,False
Churches of Christ Buckingham Gardens Aged Care Service | Churches of Christ in Queensland,Churches of Christ Buckingham Gardens Aged Care Service,QLD,Not for Profit,Small,4.0,-0.01985871633928867,0.0435760823187199,-0.06343479865800856,Aligned,False,3.0,5.0,False,True,False,False,False,False
Leslie Place Aged Persons Hostel | Killarney Memorial Aged Care Ltd,Leslie Place Aged Persons Hostel,QLD,Not for Profit,Small,5.0,0.517832872685669,0.2591403770756181,0.2586924956100509,Aligned,False,5.0,5.0,False,False,False,False,False,False
Whiddon Beaudesert Star | The Frank Whiddon Masonic Homes of New South Wales,Whiddon Beaudesert Star,QLD,Not for Profit,Medium,4.0,0.16028037229049422,0.0435760823187199,0.11670428997177432,Aligned,False,3.0,5.0,False,False,False,False,False,False
De Paul Villa Aged Care | Ozcare,De Paul Villa Aged Care,QLD,Not for Profit,Large,4.0,-0.19682584441919138,0.0435760823187199,-0.24040192673791128,Aligned,False,2.0,5.0,False,False,True,False,False,False
Churches of Christ Warrawee Aged Care Service | Churches of Christ in Queensland,Churches of Christ Warrawee Aged Care Service,QLD,Not for Profit,Small,5.0,0.37967293605681257,0.2591403770756181,0.12053255898119447,Aligned,False,4.0,5.0,False,False,False,False,False,False
Mutkin Residential Aged Care | Mutkin Residential and Community Care Indigenous Corporation,Mutkin Residential Aged Care,QLD,Not for Profit,Small,4.0,-0.6892838463473177,0.0435760823187199,-0.7328599286660376,Potentially over-rated,False,2.0,5.0,False,False,True,False,False,False
Ozcare Sarina Aged Care | Ozcare,Ozcare Sarina Aged Care,QLD,Not for Profit,Small,4.0,0.33223014268609474,0.0435760823187199,0.28865406036737484,Aligned,False,3.0,4.0,False,False,False,False,False,False
Anglicare SQ Kirami Home for the Aged | The Corporation of the Synod of the Diocese of Brisbane,Anglicare SQ Kirami Home for the Aged,QLD,Not for Profit,Medium,4.0,0.22143486433808035,0.0435760823187199,0.17785878201936045,Aligned,False,3.0,5.0,True,False,False,False,False,False
Churches of Christ Gracehaven Aged Care Service | Churches of Christ in Queensland,Churches of Christ Gracehaven Aged Care Service,QLD,Not for Profit,Large,4.0,0.16749794229710024,0.0435760823187199,0.12392185997838034,Aligned,False,3.0,5.0,False,False,False,False,False,False
Voller Care Centre | Sundale Ltd,Voller Care Centre,QLD,Not for Profit,Small,4.0,0.6474489544607908,0.0435760823187199,0.6038728721420709,Potentially under-rated,False,5.0,5.0,False,False,False,False,False,False
Palmwoods Care Centre | Sundale Ltd,Palmwoods Care Centre,QLD,Not for Profit,Medium,4.0,0.4469288925188763,0.0435760823187199,0.4033528102001564,Aligned,False,5.0,5.0,False,False,False,False,False,False
Ozcare Caroline Chisholm | Ozcare,Ozcare Caroline Chisholm,QLD,Not for Profit,Large,4.0,-0.16453043842105206,0.0435760823187199,-0.20810652073977196,Aligned,False,2.0,5.0,False,False,True,False,False,False
Ozcare Port Douglas | Ozcare,Ozcare Port Douglas,QLD,Not for Profit,Medium,3.0,0.020114208289090506,-0.1719882124381784,0.1921024207272689,Aligned,False,3.0,5.0,False,True,False,False,False,False
Bolton Clarke Centaur | RSL Care RDNS Limited,Bolton Clarke Centaur,QLD,Not for Profit,Medium,4.0,0.8347662521791973,0.0435760823187199,0.7911901698604774,Potentially under-rated,False,5.0,5.0,False,False,False,False,False,False
Bolton Clarke Galleon Gardens | RSL Care RDNS Limited,Bolton Clarke Galleon Gardens,QLD,Not for Profit,Large,4.0,0.2635153146648899,0.0435760823187199,0.21993923234617002,Aligned,False,3.0,5.0,False,False,False,False,False,False
Nanyima Aged Care | APOLLO CARE OPERATIONS PTY LIMITED,Nanyima Aged Care,QLD,Private for Profit,Small,4.0,-0.976384923531481,0.0435760823187199,-1.0199610058502009,Potentially over-rated,False,2.0,4.0,False,False,True,False,False,False
Lutheran Services - St Pauls | LUTHERAN CHURCH OF AUSTRALIA QUEENSLAND DISTRICT,Lutheran Services - St Pauls,QLD,Not for Profit,Small,4.0,-0.6741831956913499,0.0435760823187199,-0.7177592780100698,Potentially over-rated,False,1.0,5.0,False,False,True,False,False,False
Anglicare SQ Meilene Home for the Aged | The Corporation of the Synod of the Diocese of Brisbane,Anglicare SQ Meilene Home for the Aged,QLD,Not for Profit,Medium,4.0,0.4401366875073584,0.0435760823187199,0.3965606051886385,Aligned,False,3.0,5.0,False,False,False,False,False,False
St Vincent's Care Services Gympie | St Vincent's Care Services Ltd,St Vincent's Care Services Gympie,QLD,Not for Profit,Small,5.0,0.7088816265975807,0.2591403770756181,0.4497412495219626,Aligned,False,5.0,5.0,False,False,False,False,False,False
Carinity Kepnock Grove | The Baptist Union of Queensland,Carinity Kepnock Grove,QLD,Not for Profit,Small,4.0,-0.31088087596195085,0.0435760823187199,-0.35445695828067075,Aligned,False,3.0,5.0,False,False,False,False,False,False
Woodlands Aged Care and NDIS Services | Mellreach Pty Ltd,Woodlands Aged Care and NDIS Services,QLD,Private for Profit,Small,4.0,-0.9058317800192283,0.0435760823187199,-0.9494078623379482,Potentially over-rated,False,2.0,4.0,False,False,True,False,False,False
Caloundra Adventist Retirement Village | Seventh-Day Adventist Aged Care (South Queensland) Ltd,Caloundra Adventist Retirement Village,QLD,Not for Profit,Small,4.0,0.10074406711999567,0.0435760823187199,0.05716798480127577,Aligned,False,3.0,5.0,False,False,False,False,False,False
Southern Cross Care Edens Landing - Connolly Court | Southern Cross Care (QLD) Ltd,Southern Cross Care Edens Landing - Connolly Court,QLD,Not for Profit,Medium,4.0,0.27019786936709383,0.0435760823187199,0.22662178704837393,Aligned,False,3.0,5.0,False,True,False,False,False,False
Lutheran Services - St Andrews | LUTHERAN CHURCH OF AUSTRALIA QUEENSLAND DISTRICT,Lutheran Services - St Andrews,QLD,Not for Profit,Medium,4.0,-1.3161874693807543,0.0435760823187199,-1.3597635516994742,Potentially over-rated,False,3.0,5.0,False,False,False,False,False,False
Forest View Aged Persons Home | Forest View Childers Inc,Forest View Aged Persons Home,QLD,Not for Profit,Small,4.0,-0.6854335611132939,0.0435760823187199,-0.7290096434320138,Potentially over-rated,False,1.0,5.0,False,False,True,False,False,False
Infinite Care Ashmore | Shalimah Aust Pty Ltd,Infinite Care Ashmore,QLD,Private for Profit,Large,4.0,0.17004826562204342,0.0435760823187199,0.12647218330332352,Aligned,False,3.0,5.0,False,False,False,False,False,False
Capricorn Adventist Retirement Village | Seventh-Day Adventist Aged Care (South Queensland) Ltd,Capricorn Adventist Retirement Village,QLD,Not for Profit,Medium,4.0,0.05897556682493322,0.0435760823187199,0.01539948450621332,Aligned,False,3.0,5.0,False,False,False,False,False,False
Carinity Wishart Gardens | The Baptist Union of Queensland,Carinity Wishart Gardens,QLD,Not for Profit,Medium,4.0,-0.04990605593662504,0.0435760823187199,-0.09348213825534493,Aligned,False,2.0,5.0,False,False,False,False,False,False
Bolton Clarke Cazna Gardens | RSL Care RDNS Limited,Bolton Clarke Cazna Gardens,QLD,Not for Profit,Large,4.0,0.3360823873316172,0.0435760823187199,0.2925063050128973,Aligned,False,4.0,5.0,False,True,False,False,False,False
Bolton Clarke Inverpine | RSL Care RDNS Limited,Bolton Clarke Inverpine,QLD,Not for Profit,Medium,4.0,-0.1209773216132536,0.0435760823187199,-0.16455340393197349,Aligned,False,3.0,5.0,False,True,False,False,False,False
Bolton Clarke Rowes Bay | RSL Care RDNS Limited,Bolton Clarke Rowes Bay,QLD,Not for Profit,Large,4.0,0.20401462893198072,0.0435760823187199,0.16043854661326082,Aligned,False,3.0,5.0,False,False,False,False,False,False
Southern Cross Care Tara - Tarcoola | Southern Cross Care (QLD) Ltd,Southern Cross Care Tara - Tarcoola,QLD,Not for Profit,Small,4.0,0.5537312447862529,0.0435760823187199,0.510155162467533,Potentially under-rated,False,5.0,5.0,False,False,False,False,False,False
Bindaree Care Centre | Sundale Ltd,Bindaree Care Centre,QLD,Not for Profit,Small,4.0,-0.3780003206005069,0.0435760823187199,-0.4215764029192268,Aligned,False,2.0,5.0,False,False,True,False,False,False
Bolton Clarke Chelsea | RSL Care RDNS Limited,Bolton Clarke Chelsea,QLD,Not for Profit,Medium,4.0,-0.2261397581448967,0.0435760823187199,-0.26971584046361663,Aligned,False,2.0,5.0,False,False,False,False,False,False
Bolton Clarke Keperra Sanctuary | RSL Care RDNS Limited,Bolton Clarke Keperra Sanctuary,QLD,Not for Profit,Small,4.0,0.4441382134130392,0.0435760823187199,0.4005621310943193,Aligned,False,5.0,5.0,False,False,False,False,False,False
Southport Lodge | Planlow Pty Ltd,Southport Lodge,QLD,Private for Profit,Small,5.0,0.383536505369851,0.2591403770756181,0.12439612829423291,Aligned,False,5.0,5.0,False,False,False,False,False,False
Hill View House - Ashmore | EAST COAST CARE NO.7 PTY LTD,Hill View House - Ashmore,QLD,Private for Profit,Small,4.0,0.18389891490344404,0.0435760823187199,0.14032283258472414,Aligned,False,3.0,4.0,False,False,False,False,False,False
Bolton Clarke Cunningham Villas | RSL Care RDNS Limited,Bolton Clarke Cunningham Villas,QLD,Not for Profit,Small,4.0,0.2851634267292114,0.0435760823187199,0.2415873444104915,Aligned,False,3.0,5.0,False,False,False,False,False,False
Lutheran Services - Northridge Salem | LUTHERAN CHURCH OF AUSTRALIA QUEENSLAND DISTRICT,Lutheran Services - Northridge Salem,QLD,Not for Profit,Small,5.0,-0.1917571172248547,0.2591403770756181,-0.45089749430047277,Aligned,False,3.0,5.0,False,False,False,False,False,False
Estia Health Mount Coolum | Estia Investments Pty Ltd,Estia Health Mount Coolum,QLD,Private for Profit,Large,4.0,-0.1734564763659605,0.0435760823187199,-0.2170325586846804,Aligned,False,2.0,5.0,True,False,True,False,False,False
Kaloma Home for the Aged | Kaloma Home for the Aged Limited,Kaloma Home for the Aged,QLD,Not for Profit,Medium,4.0,-0.980571022904052,0.0435760823187199,-1.024147105222772,Potentially over-rated,False,1.0,5.0,False,False,True,False,False,False
St Vincent's Care Services Southport | St Vincent's Care Services Ltd,St Vincent's Care Services Southport,QLD,Not for Profit,Medium,4.0,0.4150893414342871,0.0435760823187199,0.3715132591155672,Aligned,False,3.0,5.0,False,False,False,False,False,False
Nareeba Moopi Moopi Pa Aged Care Hostel | North Stradbroke Island Aboriginal & Islanders Housing Co-Operative Society Ltd,Nareeba Moopi Moopi Pa Aged Care Hostel,QLD,Not for Profit,Small,5.0,0.052474174147667196,0.2591403770756181,-0.2066662029279509,Aligned,False,3.0,5.0,False,False,False,False,False,False
Leinster Place | Mercy Health and Aged Care Central Queensland Limited,Leinster Place,QLD,Not for Profit,Medium,4.0,0.003232265095527024,0.0435760823187199,-0.04034381722319288,Aligned,False,3.0,5.0,False,False,False,False,False,False
Residency by Dillons Tin Can Bay | Jacqueline Elizabeth Dillon Business Pty Ltd,Residency by Dillons Tin Can Bay,QLD,Private for Profit,Medium,5.0,0.3790796251920177,0.2591403770756181,0.11993924811639961,Aligned,False,4.0,5.0,False,False,False,False,False,False
Paradise Lakes Care Centre | Vanguard Care Communities Pty Ltd,Paradise Lakes Care Centre,QLD,Private for Profit,Small,4.0,0.5069047672999587,0.0435760823187199,0.4633286849812388,Potentially under-rated,False,4.0,4.0,False,False,False,False,False,False
Regis Maroochydore | Regis Group Pty Ltd,Regis Maroochydore,QLD,Private for Profit,Medium,4.0,-0.1586930796232169,0.0435760823187199,-0.2022691619419368,Aligned,False,3.0,5.0,False,False,False,False,False,False
Arcare Helensvale St James | Arcare Pty Ltd,Arcare Helensvale St James,QLD,Private for Profit,Medium,3.0,-0.3986530351134883,-0.1719882124381784,-0.2266648226753099,Aligned,False,3.0,5.0,False,True,False,False,False,False
Churches of Christ Fair Haven Aged Care Service Hervey Bay | Churches of Christ in Queensland,Churches of Christ Fair Haven Aged Care Service Hervey Bay,QLD,Not for Profit,Medium,4.0,-0.009816899996955397,0.0435760823187199,-0.0533929823156753,Aligned,False,3.0,5.0,False,False,False,False,False,False
Bolton Clarke Westhaven | RSL Care RDNS Limited,Bolton Clarke Westhaven,QLD,Not for Profit,Medium,4.0,0.06566339579108123,0.0435760823187199,0.022087313472361328,Aligned,False,3.0,5.0,False,False,False,False,False,False
Bolton Clarke Baycrest | RSL Care RDNS Limited,Bolton Clarke Baycrest,QLD,Not for Profit,Medium,4.0,0.12911273966233391,0.0435760823187199,0.08553665734361401,Aligned,False,3.0,5.0,False,False,False,False,False,False
Regis Wynnum | Regis Group Pty Ltd,Regis Wynnum,QLD,Private for Profit,Medium,3.0,-0.15110006035591414,-0.1719882124381784,0.020888152082264272,Aligned,False,2.0,5.0,False,True,True,False,False,False
Regis Sippy Downs | Regis Group Pty Ltd,Regis Sippy Downs,QLD,Private for Profit,Medium,4.0,-0.13719045893452347,0.0435760823187199,-0.18076654125324337,Aligned,False,3.0,5.0,False,False,False,False,False,False
Wisteria Lodge | Seventh-Day Adventist Aged Care (South Queensland) Ltd,Wisteria Lodge,QLD,Not for Profit,Small,4.0,0.31430604704540405,0.0435760823187199,0.27072996472668415,Aligned,False,3.0,5.0,False,False,False,False,False,False
Regis Birkdale | Regis Group Pty Ltd,Regis Birkdale,QLD,Private for Profit,Medium,4.0,-0.11368253542183776,0.0435760823187199,-0.15725861774055766,Aligned,False,2.0,5.0,False,False,True,False,False,False
PM Aged Care | Panaghia Myrtidiotissa Limited,PM Aged Care,QLD,Not for Profit,Small,4.0,0.3083762447696498,0.0435760823187199,0.2648001624509299,Aligned,False,3.0,5.0,False,False,False,False,False,False
Infinite Care Cleveland | Senjah Pty. Ltd.,Infinite Care Cleveland,QLD,Private for Profit,Large,4.0,-0.12953295703587528,0.0435760823187199,-0.17310903935459518,Aligned,False,3.0,5.0,False,False,False,False,False,False
Arcare Sanctuary Manors | Arcare Pty Ltd,Arcare Sanctuary Manors,QLD,Private for Profit,Small,4.0,0.22538158832214916,0.0435760823187199,0.18180550600342926,Aligned,False,3.0,5.0,False,False,False,False,False,False
Regis Gatton | Regis Group Pty Ltd,Regis Gatton,QLD,Private for Profit,Small,4.0,0.6836543672227036,0.0435760823187199,0.6400782849039837,Potentially under-rated,False,4.0,5.0,False,True,False,False,False,False
Arcare Eight Mile Plains | K & M Healthcare Pty Ltd,Arcare Eight Mile Plains,QLD,Private for Profit,Large,4.0,0.43129691300105755,0.0435760823187199,0.38772083068233765,Aligned,False,3.0,5.0,False,False,False,False,False,False
Bolton Clarke Fairways | RSL Care RDNS Limited,Bolton Clarke Fairways,QLD,Not for Profit,Large,4.0,0.563766530001199,0.0435760823187199,0.5201904476824791,Potentially under-rated,False,5.0,5.0,False,False,False,False,False,False
Wellington Park Private Care | Superior Care Group Pty Ltd,Wellington Park Private Care,QLD,Private for Profit,Medium,3.0,-0.07823873770009553,-0.1719882124381784,0.09374947473808289,Aligned,False,2.0,3.0,False,False,True,False,False,False
St Vincent's Care Services Toowoomba - Nursing Home | St Vincent's Care Services Ltd,St Vincent's Care Services Toowoomba - Nursing Home,QLD,Not for Profit,Medium,4.0,-0.12037295512185764,0.0435760823187199,-0.16394903744057754,Aligned,False,2.0,5.0,False,False,True,False,False,False
Parkview | Wesley Mission Queensland Limited,Parkview,QLD,Not for Profit,Large,4.0,0.22855771965197394,0.0435760823187199,0.18498163733325404,Aligned,False,4.0,4.0,False,False,False,False,False,False
Yaralla Place | APOLLO CARE OPERATIONS PTY LIMITED,Yaralla Place,QLD,Private for Profit,Medium,4.0,-0.015333826248305463,0.0435760823187199,-0.05890990856702536,Aligned,False,3.0,5.0,False,False,False,False,False,False
Tully & District Nursing Home | Tully Nursing Home Inc,Tully & District Nursing Home,QLD,Not for Profit,Medium,4.0,0.10943820812748273,0.0435760823187199,0.06586212580876283,Aligned,False,3.0,5.0,False,False,False,False,False,False
Kadimah Nursing Home | Killarney Memorial Aged Care Ltd,Kadimah Nursing Home,QLD,Not for Profit,Small,4.0,0.16998498957149277,0.0435760823187199,0.12640890725277287,Aligned,False,4.0,5.0,False,False,False,False,False,False
Peninsula Aged Care Service | Beaumont Care (Holdings) Pty Ltd,Peninsula Aged Care Service,QLD,Private for Profit,Medium,3.0,0.6100309410610838,-0.1719882124381784,0.7820191534992622,Potentially under-rated,False,3.0,4.0,False,False,False,False,False,True
BallyCara Aged Care | Ballycara Limited,BallyCara Aged Care,QLD,Not for Profit,Medium,4.0,-0.09933116475284137,0.0435760823187199,-0.14290724707156127,Aligned,False,3.0,5.0,False,False,False,False,False,False
Lutheran Services - Immanuel Gardens | LUTHERAN CHURCH OF AUSTRALIA QUEENSLAND DISTRICT,Lutheran Services - Immanuel Gardens,QLD,Not for Profit,Large,4.0,0.26236067219134956,0.0435760823187199,0.21878458987262966,Aligned,False,3.0,5.0,False,False,False,False,False,False
Jimbelunga Nursing Centre | Aboriginal and Torres Strait Islander Community Health Service Brisbane Limited,Jimbelunga Nursing Centre,QLD,Not for Profit,Medium,4.0,0.34419807585225565,0.0435760823187199,0.30062199353353575,Aligned,False,3.0,5.0,False,False,False,False,False,False
TriCare Kawana Waters Aged Care Residence | TriCare Aged Care Pty Ltd,TriCare Kawana Waters Aged Care Residence,QLD,Private for Profit,Large,3.0,0.3220884396779055,-0.1719882124381784,0.4940766521160839,Potentially under-rated,False,3.0,4.0,False,False,False,False,False,True
Janoah Gardens | Bethany Christian Care,Janoah Gardens,QLD,Not for Profit,Small,4.0,-0.37096019620015447,0.0435760823187199,-0.41453627851887437,Aligned,False,3.0,5.0,False,False,False,False,False,False
Bethany | Mercy Health and Aged Care Central Queensland Limited,Bethany,QLD,Not for Profit,Large,4.0,0.14208272429671406,0.0435760823187199,0.09850664197799416,Aligned,False,3.0,5.0,False,True,False,False,False,False
The Brodribb Home | Brodribb Home Incorporated,The Brodribb Home,QLD,Not for Profit,Medium,4.0,0.3168991014274441,0.0435760823187199,0.2733230191087242,Aligned,False,4.0,5.0,False,False,False,False,False,False
Estia Health Albany Creek | Estia Investments Pty Ltd,Estia Health Albany Creek,QLD,Private for Profit,Medium,4.0,-0.16887853898774755,0.0435760823187199,-0.21245462130646744,Aligned,False,3.0,5.0,False,True,False,False,False,False
Francis Of Assisi Home | The Corporation of the Franciscan Sisters of the Heart of Jesus (QLD),Francis Of Assisi Home,QLD,Not for Profit,Large,4.0,0.37000017864340684,0.0435760823187199,0.32642409632468694,Aligned,False,5.0,5.0,False,False,False,True,False,False
Bolton Clarke Carrington | RSL Care RDNS Limited,Bolton Clarke Carrington,QLD,Not for Profit,Large,4.0,-0.04706912103350789,0.0435760823187199,-0.09064520335222778,Aligned,False,2.0,5.0,False,False,True,False,False,False
Mt Kooyong Convalescent Home | Adermina Pty Ltd,Mt Kooyong Convalescent Home,QLD,Private for Profit,Small,4.0,0.9378765243765078,0.0435760823187199,0.8943004420577879,Potentially under-rated,False,5.0,5.0,False,False,False,True,False,False
Regis Yeronga | Regis Group Pty Ltd,Regis Yeronga,QLD,Private for Profit,Medium,4.0,-0.2794808224221059,0.0435760823187199,-0.3230569047408258,Aligned,False,3.0,5.0,False,True,False,False,False,False
Churches of Christ Clive Burdeu Aged Care Service | Churches of Christ in Queensland,Churches of Christ Clive Burdeu Aged Care Service,QLD,Not for Profit,Medium,4.0,-0.2118916526071342,0.0435760823187199,-0.25546773492585406,Aligned,False,2.0,5.0,False,False,True,False,False,False
Bupa New Farm | Bupa Aged Care Australia Pty Ltd,Bupa New Farm,QLD,Private for Profit,Medium,3.0,-0.27515140832058843,-0.1719882124381784,-0.10316319588241002,Aligned,False,3.0,5.0,False,True,False,False,False,False
Ozcare Magdalene Villa Aged Care Facility | Ozcare,Ozcare Magdalene Villa Aged Care Facility,QLD,Not for Profit,Small,4.0,0.09975235339913881,0.0435760823187199,0.05617627108041891,Aligned,False,3.0,5.0,False,True,False,False,False,False
Regis Holland Park | CPSM Pty Ltd,Regis Holland Park,QLD,Private for Profit,Medium,4.0,0.45642929549278616,0.0435760823187199,0.41285321317406626,Aligned,False,3.0,5.0,False,False,False,False,False,False
Ozcare Villa Vincent | Ozcare,Ozcare Villa Vincent,QLD,Not for Profit,Large,3.0,0.18725967856412232,-0.1719882124381784,0.3592478910023007,Aligned,False,3.0,5.0,False,True,False,False,False,False
St Mary's Aged Care | Tilburg Proprietary Limited,St Mary's Aged Care,QLD,Private for Profit,Medium,4.0,-0.6845372286802296,0.0435760823187199,-0.7281133109989495,Potentially over-rated,False,1.0,5.0,False,False,True,False,False,False
Loreto | Mercy Community Services North Queensland Limited,Loreto,QLD,Not for Profit,Small,4.0,-0.2617915600486946,0.0435760823187199,-0.3053676423674145,Aligned,False,3.0,5.0,False,False,False,False,False,False
Regis The Gap | Regis Group Pty Ltd,Regis The Gap,QLD,Private for Profit,Large,4.0,-0.18288533235153906,0.0435760823187199,-0.22646141467025896,Aligned,False,2.0,5.0,False,False,True,False,False,False
Ozcare Villa Rosalie Newstead | Ozcare,Ozcare Villa Rosalie Newstead,QLD,Not for Profit,Large,4.0,-0.038223470313449116,0.0435760823187199,-0.08179955263216901,Aligned,False,2.0,5.0,False,False,True,False,False,False
Estia Health Gympie | Estia Investments Pty Ltd,Estia Health Gympie,QLD,Private for Profit,Large,3.0,0.0722474983322537,-0.1719882124381784,0.2442357107704321,Aligned,False,3.0,4.0,False,False,False,False,False,False
Bundaleer Lodge Nursing Home | Bundaleer Lodge Nursing Home Pty Ltd,Bundaleer Lodge Nursing Home,QLD,Private for Profit,Large,4.0,-0.19392538065617484,0.0435760823187199,-0.23750146297489474,Aligned,False,3.0,5.0,False,True,False,False,False,False
Ozcare Bakhita Villa Aged Care Facility | Ozcare,Ozcare Bakhita Villa Aged Care Facility,QLD,Not for Profit,Medium,4.0,0.03975233306290495,0.0435760823187199,-0.003823749255814947,Aligned,False,2.0,5.0,False,False,True,False,False,False
St Vincent's Care Services Mitchelton | St Vincent's Care Services Ltd,St Vincent's Care Services Mitchelton,QLD,Not for Profit,Large,4.0,-0.26864814296507894,0.0435760823187199,-0.31222422528379884,Aligned,False,2.0,5.0,False,False,True,False,False,False
The Good Shepherd Nursing Home | The Good Shepherd Limited,The Good Shepherd Nursing Home,QLD,Not for Profit,Large,4.0,0.22621206777624173,0.0435760823187199,0.18263598545752183,Aligned,False,3.0,5.0,False,False,False,False,False,False
Redcliffe Aged Care Service | Beaumont Care (Holdings) Pty Ltd,Redcliffe Aged Care Service,QLD,Private for Profit,Small,4.0,-0.5556354749519448,0.0435760823187199,-0.5992115572706647,Potentially over-rated,False,1.0,5.0,False,False,True,False,False,False
James Grimes Care Centre | Sundale Ltd,James Grimes Care Centre,QLD,Not for Profit,Medium,4.0,-0.32778392723162275,0.0435760823187199,-0.37136000955034265,Aligned,False,3.0,5.0,False,False,False,False,False,False
Churches of Christ Brig-o-doon Aged Care Service | Churches of Christ in Queensland,Churches of Christ Brig-o-doon Aged Care Service,QLD,Not for Profit,Medium,4.0,0.24177168824941017,0.0435760823187199,0.19819560593069027,Aligned,False,3.0,5.0,False,False,False,False,False,False
Regis Sandgate - Lucinda | Regis Aged Care Pty Ltd,Regis Sandgate - Lucinda,QLD,Private for Profit,Large,4.0,-0.11154703707297166,0.0435760823187199,-0.15512311939169154,Aligned,False,3.0,5.0,False,True,False,False,False,False
Estia Health Noosa | Estia Investments Pty Ltd,Estia Health Noosa,QLD,Private for Profit,Large,4.0,0.05266719715272139,0.0435760823187199,0.00909111483400149,Aligned,False,3.0,4.0,False,False,False,False,False,False
Regis Caboolture | Regis Group Pty Ltd,Regis Caboolture,QLD,Private for Profit,Large,3.0,-0.08515183157592042,-0.1719882124381784,0.08683638086225799,Aligned,False,3.0,5.0,False,False,False,False,False,False
Southern Cross Care Allora | Southern Cross Care (QLD) Ltd,Southern Cross Care Allora,QLD,Not for Profit,Small,5.0,0.5590267210837278,0.2591403770756181,0.29988634400810965,Aligned,False,5.0,5.0,False,False,False,False,False,False
The Laura Johnson Home | The Society for the Mount Isa Memorial Garden Settlement for the Aged,The Laura Johnson Home,QLD,Not for Profit,Small,5.0,0.7410186582992578,0.2591403770756181,0.48187828122363974,Potentially under-rated,False,3.0,5.0,False,False,False,False,False,False
The Laura Johnson Home | The Society for the Mount Isa Memorial Garden Settlement for the Aged,The Laura Johnson Home,QLD,Not for Profit,Small,5.0,0.7410186582992578,0.2591403770756181,0.48187828122363974,Potentially under-rated,False,4.0,5.0,False,False,False,False,False,False
Bolton Clarke Pioneers | RSL Care RDNS Limited,Bolton Clarke Pioneers,QLD,Not for Profit,Small,4.0,0.05141654329064044,0.0435760823187199,0.007840460971920538,Aligned,False,3.0,5.0,False,False,False,False,False,False
Estia Health Mudgeeraba | Estia Investments Pty Ltd,Estia Health Mudgeeraba,QLD,Private for Profit,Large,4.0,0.26738139600269245,0.0435760823187199,0.22380531368397255,Aligned,False,3.0,5.0,False,False,False,False,False,False
Dovetree | Wesley Mission Queensland Limited,Dovetree,QLD,Not for Profit,Large,3.0,0.07245131770680793,-0.1719882124381784,0.24443953014498634,Aligned,False,3.0,4.0,False,False,False,False,False,False
Anglicare SQ St Martin's Nursing Home | The Corporation of the Synod of the Diocese of Brisbane,Anglicare SQ St Martin's Nursing Home,QLD,Not for Profit,Medium,4.0,-0.11989448154946121,0.0435760823187199,-0.1634705638681811,Aligned,False,2.0,5.0,False,False,True,False,False,False
Helping Hand Aged Care - Ingle Farm | Helping Hand Aged Care Inc,Helping Hand Aged Care - Ingle Farm,SA,Not for Profit,Medium,3.0,-0.5961742632585249,-0.1719882124381784,-0.42418605082034644,Aligned,False,1.0,5.0,False,True,True,False,False,False
The Oaks Aged Care Facility | Goel Nominees Pty Ltd,The Oaks Aged Care Facility,SA,Private for Profit,Small,3.0,-1.7655231938277538,-0.1719882124381784,-1.5935349813895754,Potentially over-rated,True,2.0,4.0,False,False,True,False,False,False
Ira Parker Nursing Home | Yorke and Northern Local Health Network Incorporated,Ira Parker Nursing Home,SA,Government,Small,4.0,0.5146194999657702,0.0435760823187199,0.47104341764705027,Potentially under-rated,False,5.0,5.0,False,False,False,False,False,False
Estia Health Kadina | Estia Investments Pty Ltd,Estia Health Kadina,SA,Private for Profit,Medium,3.0,-0.3879555448029229,-0.1719882124381784,-0.21596733236474447,Aligned,False,2.0,5.0,False,True,False,False,False,False
Aldersgate Aged Care Services | Uniting Communities Incorporated,Aldersgate Aged Care Services,SA,Not for Profit,Large,3.0,-1.0421458908943795,-0.1719882124381784,-0.8701576784562011,Potentially over-rated,False,1.0,5.0,False,True,True,False,False,False
Kara House | Yorke and Northern Local Health Network Incorporated,Kara House,SA,Government,Small,4.0,-0.5339071788634948,0.0435760823187199,-0.5774832611822147,Potentially over-rated,False,3.0,5.0,False,False,False,False,False,False
Murray Mudge | Uniting Communities Incorporated,Murray Mudge,SA,Not for Profit,Medium,4.0,0.44253568575024355,0.0435760823187199,0.39895960343152365,Aligned,False,3.0,5.0,False,True,False,False,False,False
Bene Aged Care - The Italian Village | Italian Benevolent Foundation SA Inc,Bene Aged Care - The Italian Village,SA,Not for Profit,Large,4.0,-0.8538270320752778,0.0435760823187199,-0.8974031143939977,Potentially over-rated,False,1.0,5.0,True,True,True,False,False,False
Mary Cecelia Hart Court Hostel | Boneham Aged Care Services Inc,Mary Cecelia Hart Court Hostel,SA,Not for Profit,Medium,4.0,0.3042325666689378,0.0435760823187199,0.2606564843502179,Aligned,False,4.0,5.0,False,False,False,False,False,False
Charla Lodge | Limestone Coast Local Health Network Incorporated,Charla Lodge,SA,Government,Small,4.0,-0.5111923598633937,0.0435760823187199,-0.5547684421821136,Potentially over-rated,False,1.0,5.0,False,False,True,False,False,False
Star Of The Sea Home For The Aged | The Catholic Diocese of Port Pirie Inc,Star Of The Sea Home For The Aged,SA,Not for Profit,Small,4.0,0.2051233357377988,0.0435760823187199,0.1615472534190789,Aligned,False,4.0,5.0,False,False,False,False,False,False
Star Of The Sea Home For The Aged | The Catholic Diocese of Port Pirie Inc,Star Of The Sea Home For The Aged,SA,Not for Profit,Small,4.0,0.2051233357377988,0.0435760823187199,0.1615472534190789,Aligned,False,3.0,5.0,False,False,False,False,False,False
Magill Manor | Clayton Church Homes Inc,Magill Manor,SA,Not for Profit,Medium,4.0,-0.5139319320619219,0.0435760823187199,-0.5575080143806418,Potentially over-rated,False,2.0,5.0,False,True,True,False,False,False
Bolton Clarke Charles Young | RSL Care RDNS Limited,Bolton Clarke Charles Young,SA,Not for Profit,Large,4.0,0.43060081298321345,0.0435760823187199,0.38702473066449355,Aligned,False,3.0,5.0,False,True,False,False,False,False
Edenfield Family Care - Ramsay | El-Jasbella Ramsay Pty Ltd,Edenfield Family Care - Ramsay,SA,Private for Profit,Small,4.0,0.6065547588194548,0.0435760823187199,0.5629786765007349,Potentially under-rated,False,4.0,5.0,False,True,False,False,False,False
Bolton Clarke Holly | RSL Care RDNS Limited,Bolton Clarke Holly,SA,Not for Profit,Large,4.0,0.2273445626013836,0.0435760823187199,0.1837684802826637,Aligned,False,3.0,5.0,False,True,False,False,False,False
Eudunda Senior Citizens Hostel | Barossa Hills Fleurieu Local Health Network Incorporated,Eudunda Senior Citizens Hostel,SA,Government,Small,4.0,0.015061556450446054,0.0435760823187199,-0.028514525868273848,Aligned,False,3.0,5.0,False,True,False,False,False,False
Eyre Peninsula Old Folks Home | Eyre Peninsula Old Folks Home Inc,Eyre Peninsula Old Folks Home,SA,Not for Profit,Medium,4.0,-0.09987405988861085,0.0435760823187199,-0.14345014220733077,Aligned,False,3.0,5.0,False,True,False,False,False,False
Lutheran Homes Group Fullarton | Lutheran Homes Group Incorporated,Lutheran Homes Group Fullarton,SA,Not for Profit,Large,3.0,0.1468964591734784,-0.1719882124381784,0.3188846716116568,Aligned,False,3.0,5.0,False,True,False,False,False,False
Walara Gilbert Valley | WALARA INCORPORATED,Walara Gilbert Valley,SA,Not for Profit,Small,4.0,0.12337817839378423,0.0435760823187199,0.07980209607506433,Aligned,False,4.0,5.0,False,False,False,False,False,False
Walara Hamley Bridge | WALARA INCORPORATED,Walara Hamley Bridge,SA,Not for Profit,Small,3.0,0.08447102006116843,-0.1719882124381784,0.2564592324993468,Aligned,False,3.0,5.0,False,True,False,False,False,False
Helping Hand Aged Care - Rotary House | Helping Hand Aged Care Inc,Helping Hand Aged Care - Rotary House,SA,Not for Profit,Medium,4.0,0.39995076204564617,0.0435760823187199,0.35637467972692627,Aligned,False,4.0,5.0,False,True,False,False,False,False
Jallarah Homes | Jallarah Homes Inc,Jallarah Homes,SA,Not for Profit,Small,4.0,-0.25847865764782424,0.0435760823187199,-0.30205473996654414,Aligned,False,3.0,4.0,False,False,False,False,False,False
Kalyra Belair Aged Care | James Brown Memorial Trust,Kalyra Belair Aged Care,SA,Not for Profit,Medium,3.0,-0.3598893355279837,-0.1719882124381784,-0.18790112308980528,Aligned,False,2.0,5.0,False,False,True,False,False,False
Belalie Lodge | Helping Hand Aged Care Inc,Belalie Lodge,SA,Not for Profit,Small,4.0,0.5007567707600344,0.0435760823187199,0.45718068844131454,Aligned,False,4.0,5.0,False,False,False,False,False,False
Kapunda Homes | Barossa Hills Fleurieu Local Health Network Incorporated,Kapunda Homes,SA,Government,Small,4.0,-0.07644382619281388,0.0435760823187199,-0.12001990851153378,Aligned,False,2.0,5.0,False,False,True,False,False,False
Restvale Hostel | Lobethal and District Aged Homes Inc,Restvale Hostel,SA,Not for Profit,Small,5.0,0.3083234929221742,0.2591403770756181,0.0491831158465561,Aligned,False,5.0,5.0,False,False,False,False,False,False
Walara Balaklava Millcourt | WALARA INCORPORATED,Walara Balaklava Millcourt,SA,Not for Profit,Small,4.0,-0.19680520717714137,0.0435760823187199,-0.24038128949586127,Aligned,False,4.0,5.0,False,True,False,False,False,False
Riverview Lutheran Rest Home | Riverview Lutheran Rest Home Inc,Riverview Lutheran Rest Home,SA,Not for Profit,Small,4.0,0.25404766083442065,0.0435760823187199,0.21047157851570075,Aligned,False,3.0,5.0,False,False,False,False,False,False
"Mt View Homes Inc | ""MT. VIEW"" HOMES INC",Mt View Homes Inc,SA,Not for Profit,Small,4.0,0.1526159417198567,0.0435760823187199,0.10903985940113681,Aligned,False,4.0,5.0,False,False,False,False,False,False
Longridge Aged Care | Naracoorte Home for the Aged Inc,Longridge Aged Care,SA,Not for Profit,Small,4.0,0.2873010821982082,0.0435760823187199,0.2437249998794883,Aligned,False,3.0,5.0,False,False,False,False,False,False
Orroroo Community Home | Yorke and Northern Local Health Network Incorporated,Orroroo Community Home,SA,Government,Small,5.0,1.1379419295998676,0.2591403770756181,0.8788015525242495,Potentially under-rated,False,5.0,5.0,False,False,False,False,False,False
UnitingSA Wesley House Aged Care | UnitingSA Ltd,UnitingSA Wesley House Aged Care,SA,Not for Profit,Large,4.0,0.05711615122861278,0.0435760823187199,0.013540068909892879,Aligned,False,3.0,5.0,False,False,False,False,False,False
Barunga Village Incorporated | BARUNGA VILLAGE INC,Barunga Village Incorporated,SA,Not for Profit,Medium,4.0,-0.0948641333428949,0.0435760823187199,-0.1384402156616148,Aligned,False,2.0,5.0,False,False,False,False,False,False
Resthaven Bellevue Heights | Resthaven Inc,Resthaven Bellevue Heights,SA,Not for Profit,Medium,4.0,0.039934819467010614,0.0435760823187199,-0.0036412628517092857,Aligned,False,3.0,5.0,False,True,False,False,False,False
Resthaven Murray Bridge | Resthaven Inc,Resthaven Murray Bridge,SA,Not for Profit,Medium,4.0,-0.10030851974520227,0.0435760823187199,-0.14388460206392217,Aligned,False,3.0,5.0,False,True,False,False,False,False
Regis Burnside | Regis Aged Care Pty Ltd,Regis Burnside,SA,Private for Profit,Large,4.0,0.22810698112612124,0.0435760823187199,0.18453089880740134,Aligned,False,4.0,5.0,False,True,False,False,False,False
Bethsalem Care | Christadelphian Care Services (SA) Incorporated,Bethsalem Care,SA,Not for Profit,Medium,4.0,0.2513881916048076,0.0435760823187199,0.20781210928608768,Aligned,False,3.0,4.0,False,False,False,False,False,False
Bupa Campbelltown | Bupa Aged Care Australia Pty Ltd,Bupa Campbelltown,SA,Private for Profit,Small,3.0,0.1770929344897246,-0.1719882124381784,0.34908114692790304,Aligned,False,3.0,5.0,False,True,False,False,False,False
The Philip Kennedy Centre Residential Care | Southern Cross Care (SA NT & VIC) Incorporated,The Philip Kennedy Centre Residential Care,SA,Not for Profit,Large,3.0,-0.18461598399781556,-0.1719882124381784,-0.012627771559637152,Aligned,False,3.0,5.0,False,True,False,False,False,False
Lourdes Valley The Lodge Residential Care | Southern Cross Care (SA NT & VIC) Incorporated,Lourdes Valley The Lodge Residential Care,SA,Not for Profit,Small,3.0,0.2508693483051409,-0.1719882124381784,0.4228575607433193,Aligned,False,3.0,5.0,True,True,False,False,False,False
Mount Carmel Residential Care | Southern Cross Care (SA NT & VIC) Incorporated,Mount Carmel Residential Care,SA,Not for Profit,Medium,4.0,0.22893253357822385,0.0435760823187199,0.18535645125950395,Aligned,False,4.0,5.0,False,True,False,True,False,False
Fullarton Residential Care | Southern Cross Care (SA NT & VIC) Incorporated,Fullarton Residential Care,SA,Not for Profit,Small,3.0,0.2872865263086845,-0.1719882124381784,0.4592747387468629,Aligned,False,3.0,5.0,True,True,False,False,False,False
The Pines Lodge Residential Care | Southern Cross Care (SA NT & VIC) Incorporated,The Pines Lodge Residential Care,SA,Not for Profit,Large,3.0,-0.07899632487993886,-0.1719882124381784,0.09299188755823955,Aligned,False,3.0,5.0,False,True,False,False,False,False
Tanunda Lutheran Home | Tanunda Lutheran Home Inc,Tanunda Lutheran Home,SA,Not for Profit,Large,3.0,0.24278037101181718,-0.1719882124381784,0.41476858344999556,Aligned,False,3.0,5.0,False,False,False,False,False,False
Eldercare The Village | Eldercare Australia Ltd,Eldercare The Village,SA,Not for Profit,Small,3.0,0.09509866578752625,-0.1719882124381784,0.26708687822570465,Aligned,False,3.0,5.0,False,False,False,False,False,False
Eldercare Trowbridge House | Eldercare Australia Ltd,Eldercare Trowbridge House,SA,Not for Profit,Medium,4.0,-0.02187618227639217,0.0435760823187199,-0.06545226459511207,Aligned,False,3.0,5.0,False,True,False,False,False,False
Summerhill | Clayton Church Homes Inc,Summerhill,SA,Not for Profit,Small,4.0,0.47366900876807266,0.0435760823187199,0.43009292644935276,Aligned,False,5.0,5.0,False,False,False,False,False,False
Warrina Court Residential Aged Care Service | Warrina Homes Inc,Warrina Court Residential Aged Care Service,SA,Not for Profit,Small,4.0,0.2955789284520866,0.0435760823187199,0.2520028461333667,Aligned,False,4.0,5.0,False,False,False,False,False,False
St Raphaels Home For The Aged | Franciscan Sisters of the Heart of Jesus (South Australia) Inc,St Raphaels Home For The Aged,SA,Not for Profit,Small,3.0,-0.10430003965790252,-0.1719882124381784,0.06768817278027589,Aligned,False,3.0,4.0,False,False,False,False,False,False
Ridleyton Greek Home for the Aged | GREEK ORTHODOX COMMUNITY OF SOUTH AUSTRALIA INCORPORATED,Ridleyton Greek Home for the Aged,SA,Not for Profit,Large,4.0,-0.27192638466754265,0.0435760823187199,-0.31550246698626255,Aligned,False,1.0,5.0,False,True,True,False,False,False
Estia Health Aldgate | Estia Investments Pty Ltd,Estia Health Aldgate,SA,Private for Profit,Small,4.0,0.8523254332220928,0.0435760823187199,0.8087493509033729,Potentially under-rated,False,5.0,5.0,False,False,False,False,False,False
Eldercare Sash Ferguson | Eldercare Australia Ltd,Eldercare Sash Ferguson,SA,Not for Profit,Small,4.0,0.6708748558602277,0.0435760823187199,0.6272987735415078,Potentially under-rated,False,5.0,5.0,False,False,False,False,False,False
Nalya Lodge Hostel | Yorke and Northern Local Health Network Incorporated,Nalya Lodge Hostel,SA,Government,Small,4.0,-0.12005498482468306,0.0435760823187199,-0.16363106714340298,Aligned,False,4.0,5.0,False,False,False,False,False,False
Bolton Clarke Ridgehaven | RSL Care RDNS Limited,Bolton Clarke Ridgehaven,SA,Not for Profit,Large,4.0,0.26040747086088173,0.0435760823187199,0.21683138854216183,Aligned,False,3.0,5.0,False,False,False,False,False,False
John Paul II Village Residential Care | Southern Cross Care (SA NT & VIC) Incorporated,John Paul II Village Residential Care,SA,Not for Profit,Small,4.0,0.3319380078607494,0.0435760823187199,0.2883619255420295,Aligned,False,3.0,5.0,False,False,False,False,False,False
Kalyra Woodcroft Aged Care | James Brown Memorial Trust,Kalyra Woodcroft Aged Care,SA,Not for Profit,Medium,4.0,-0.201634595971624,0.0435760823187199,-0.2452106782903439,Aligned,False,3.0,5.0,False,True,False,False,False,False
Rembrandt Court | Rembrandt Living Incorporated,Rembrandt Court,SA,Not for Profit,Medium,4.0,0.44884899361782815,0.0435760823187199,0.40527291129910825,Aligned,False,3.0,5.0,False,True,False,False,False,False
Labrina Village Residential Care | Southern Cross Care (SA NT & VIC) Incorporated,Labrina Village Residential Care,SA,Not for Profit,Small,4.0,1.141646493098555,0.0435760823187199,1.0980704107798351,Potentially under-rated,False,5.0,5.0,False,True,False,False,False,False
Bellevue Court Residential Care | Southern Cross Care (SA NT & VIC) Incorporated,Bellevue Court Residential Care,SA,Not for Profit,Medium,3.0,0.14834450452918993,-0.1719882124381784,0.3203327169673683,Aligned,False,3.0,5.0,False,True,False,False,False,False
Ashman Grove Aged Care Hostel | Rosha Pty Ltd,Ashman Grove Aged Care Hostel,SA,Private for Profit,Medium,4.0,0.263063683249611,0.0435760823187199,0.2194876009308911,Aligned,False,3.0,5.0,False,False,False,False,False,False
Bupa Enfield | Bupa Aged Care Australia Pty Ltd,Bupa Enfield,SA,Private for Profit,Medium,3.0,0.21879143063177434,-0.1719882124381784,0.3907796430699527,Aligned,False,3.0,5.0,False,True,False,False,False,False
Lutheran Homes Group Hope Valley | Lutheran Homes Group Incorporated,Lutheran Homes Group Hope Valley,SA,Not for Profit,Medium,3.0,-0.2542578349496371,-0.1719882124381784,-0.0822696225114587,Aligned,False,2.0,5.0,False,False,False,False,False,False
Aminya Village Hostel | MID MURRAY HOMES FOR THE AGED INCORPORATED,Aminya Village Hostel,SA,Not for Profit,Small,4.0,0.06010237596364001,0.0435760823187199,0.016526293644920108,Aligned,False,3.0,5.0,False,False,False,False,False,False
Amber Aged Care | Amber Aged Care Inc,Amber Aged Care,SA,Not for Profit,Small,4.0,0.10759426941797819,0.0435760823187199,0.06401818709925829,Aligned,False,3.0,5.0,False,False,False,False,False,False
Torrens Valley Aged Care | Barossa Hills Fleurieu Local Health Network Incorporated,Torrens Valley Aged Care,SA,Government,Small,3.0,-0.4264931722405004,-0.1719882124381784,-0.25450495980232196,Aligned,False,3.0,3.0,False,False,False,False,False,False
Dunbar Homes Salisbury | DUNBAR HOMES INC,Dunbar Homes Salisbury,SA,Not for Profit,Small,4.0,-0.12442604587340139,0.0435760823187199,-0.1680021281921213,Aligned,False,3.0,5.0,False,False,False,False,False,False
Edenfield Family Care | El-Jasbella Pty Ltd,Edenfield Family Care,SA,Private for Profit,Small,4.0,0.9062979486832906,0.0435760823187199,0.8627218663645707,Potentially under-rated,False,4.0,5.0,False,False,False,False,False,False
St Anna's Residential Care Facility | Croatian Ukrainian and Belarusian Aged Care Association of SA Incorporated,St Anna's Residential Care Facility,SA,Not for Profit,Small,4.0,-0.06592708722159117,0.0435760823187199,-0.10950316954031107,Aligned,False,3.0,5.0,False,False,False,False,False,False
Pennwood Village | Serbian Community Welfare Association of SA Inc,Pennwood Village,SA,Not for Profit,Small,4.0,-0.38699708823416573,0.0435760823187199,-0.43057317055288563,Aligned,False,3.0,5.0,False,False,False,False,False,False
Helping Hand Aged Care - Carinya | Helping Hand Aged Care Inc,Helping Hand Aged Care - Carinya,SA,Not for Profit,Small,4.0,0.962480695531667,0.0435760823187199,0.9189046132129471,Potentially under-rated,False,4.0,5.0,False,True,False,False,False,False
Bonney Lodge | Riverland Mallee Coorong Local Health Network Incorporated,Bonney Lodge,SA,Government,Medium,3.0,-0.9237420974235434,-0.1719882124381784,-0.751753884985365,Potentially over-rated,False,1.0,4.0,False,False,True,False,False,False
Boandik Crouch Street | Boandik Lodge Inc,Boandik Crouch Street,SA,Not for Profit,Medium,3.0,-0.0068686102468379735,-0.1719882124381784,0.16511960219134045,Aligned,False,2.0,5.0,False,False,False,False,False,False
St Basil's Aegean Village | St Basil's Homes for the Aged in South Australia (Vasileias) Inc,St Basil's Aegean Village,SA,Not for Profit,Medium,3.0,-0.8001468569862521,-0.1719882124381784,-0.6281586445480737,Potentially over-rated,False,2.0,5.0,False,True,True,False,False,False
Copperhouse Court Hostel | Helping Hand Aged Care Inc,Copperhouse Court Hostel,SA,Not for Profit,Small,3.0,-0.02926258132876386,-0.1719882124381784,0.14272563110941455,Aligned,False,3.0,5.0,False,False,False,False,False,False
Bene St Pauls | Italian Benevolent Foundation SA Inc,Bene St Pauls,SA,Not for Profit,Medium,4.0,0.31195087119456955,0.0435760823187199,0.26837478887584965,Aligned,False,3.0,5.0,False,False,False,False,False,False
Wirraminna Care Residential Aged Care | Wirraminna Care Incorporated,Wirraminna Care Residential Aged Care,SA,Not for Profit,Small,4.0,-0.5017386784102013,0.0435760823187199,-0.5453147607289212,Potentially over-rated,False,3.0,5.0,False,False,False,False,False,False
Eldercare - South Park Minlaton | Eldercare Australia Ltd,Eldercare - South Park Minlaton,SA,Not for Profit,Small,4.0,0.02520238177466581,0.0435760823187199,-0.01837370054405409,Aligned,False,4.0,5.0,False,False,False,False,False,False
AnglicareSA Elizabeth - Dutton Court | ANGLICARE SA LTD.,AnglicareSA Elizabeth - Dutton Court,SA,Not for Profit,Medium,4.0,0.36053112320467795,0.0435760823187199,0.31695504088595805,Aligned,False,3.0,5.0,False,False,False,False,False,False
Morlancourt | RSL Care South Australia Incorporated,Morlancourt,SA,Not for Profit,Medium,4.0,-0.1861903336854546,0.0435760823187199,-0.2297664160041745,Aligned,False,2.0,5.0,False,False,True,False,False,False
Bolton Clarke Smithfield | RSL Care RDNS Limited,Bolton Clarke Smithfield,SA,Not for Profit,Medium,4.0,-0.09286798675674168,0.0435760823187199,-0.13644406907546158,Aligned,False,3.0,5.0,False,True,False,False,False,False
Estia Health Aberfoyle Park | Estia Investments Pty Ltd,Estia Health Aberfoyle Park,SA,Private for Profit,Medium,4.0,-0.052327755619073935,0.0435760823187199,-0.09590383793779383,Aligned,False,3.0,5.0,False,True,False,False,False,False
Park Village | Clayton Church Homes Inc,Park Village,SA,Not for Profit,Small,4.0,-0.20481747663949812,0.0435760823187199,-0.24839355895821802,Aligned,False,3.0,5.0,False,False,False,False,False,False
Warrina Park Residential Aged Care Service | Warrina Homes Inc,Warrina Park Residential Aged Care Service,SA,Not for Profit,Small,4.0,-0.29153345667190966,0.0435760823187199,-0.33510953899062956,Aligned,False,1.0,5.0,False,True,True,False,False,False
Helping Hand Aged Care - Lealholme Port Pirie | Helping Hand Aged Care Inc,Helping Hand Aged Care - Lealholme Port Pirie,SA,Not for Profit,Medium,3.0,-0.17081694322078453,-0.1719882124381784,0.0011712692173938832,Aligned,False,1.0,5.0,False,True,True,False,False,False
Bolton Clarke Hillside | RSL Care RDNS Limited,Bolton Clarke Hillside,SA,Not for Profit,Small,4.0,0.6897403331600311,0.0435760823187199,0.6461642508413112,Potentially under-rated,False,5.0,5.0,False,False,False,False,False,False
Eldercare Cottage Grove | Eldercare Australia Ltd,Eldercare Cottage Grove,SA,Not for Profit,Medium,4.0,0.36874781118381933,0.0435760823187199,0.32517172886509943,Aligned,False,3.0,5.0,False,False,False,False,False,False
Strathalbyn & District Aged Care Facility | Barossa Hills Fleurieu Local Health Network Incorporated,Strathalbyn & District Aged Care Facility,SA,Government,Medium,4.0,-0.05761590014833192,0.0435760823187199,-0.10119198246705183,Aligned,False,3.0,5.0,False,True,False,False,False,False
Eldercare Goodwood | Eldercare Australia Ltd,Eldercare Goodwood,SA,Not for Profit,Medium,4.0,-0.2670968400675012,0.0435760823187199,-0.3106729223862211,Aligned,False,2.0,5.0,False,False,True,False,False,False
Eldercare Allambi | Eldercare Australia Ltd,Eldercare Allambi,SA,Not for Profit,Large,3.0,0.159858369845153,-0.1719882124381784,0.3318465822833314,Aligned,False,3.0,4.0,True,False,False,False,False,False
Eldercare The Lodge | Eldercare Australia Ltd,Eldercare The Lodge,SA,Not for Profit,Medium,3.0,-0.0950479817683636,-0.1719882124381784,0.07694023066981481,Aligned,False,3.0,4.0,False,False,False,False,False,False
Estia Health Toorak Gardens | Estia Investments Pty Ltd,Estia Health Toorak Gardens,SA,Private for Profit,Small,4.0,0.02645976089547175,0.0435760823187199,-0.01711632142324815,Aligned,False,2.0,5.0,False,True,True,False,False,False
Kalyra McLaren Vale Aged Care | James Brown Memorial Trust,Kalyra McLaren Vale Aged Care,SA,Not for Profit,Small,4.0,0.518752142214579,0.0435760823187199,0.4751760598958591,Potentially under-rated,False,4.0,5.0,False,False,False,False,False,False
Eldercare Acacia Court | Eldercare Australia Ltd,Eldercare Acacia Court,SA,Not for Profit,Medium,4.0,0.38977512289240385,0.0435760823187199,0.34619904057368395,Aligned,False,3.0,5.0,False,True,False,False,False,False
Prospect Residences | Clayton Church Homes Inc,Prospect Residences,SA,Not for Profit,Small,4.0,0.14327836708634079,0.0435760823187199,0.09970228476762089,Aligned,False,5.0,5.0,False,True,False,False,False,False
Estia Health Encounter Bay | Estia Investments Pty Ltd,Estia Health Encounter Bay,SA,Private for Profit,Large,3.0,0.12252917155525067,-0.1719882124381784,0.2945173839934291,Aligned,False,3.0,5.0,True,True,False,False,False,False
Wakefield Aged Care Service | Yorke and Northern Local Health Network Incorporated,Wakefield Aged Care Service,SA,Government,Small,4.0,-0.007769825837433279,0.0435760823187199,-0.051345908156153176,Aligned,False,3.0,5.0,False,False,False,False,False,False
Estia Health Flagstaff Hill | Estia Investments Pty Ltd,Estia Health Flagstaff Hill,SA,Private for Profit,Medium,3.0,-0.11745288055765112,-0.1719882124381784,0.054535331880527296,Aligned,False,3.0,5.0,False,True,False,False,False,False
Semaphore Residential Care Centre | Rosha Pty Ltd,Semaphore Residential Care Centre,SA,Private for Profit,Small,4.0,-0.022952753072403353,0.0435760823187199,-0.06652883539112325,Aligned,False,3.0,5.0,True,True,False,False,False,False
Loxton District Nursing Home | Riverland Mallee Coorong Local Health Network Incorporated,Loxton District Nursing Home,SA,Government,Small,3.0,-0.39929478640264393,-0.1719882124381784,-0.22730657396446552,Aligned,False,2.0,5.0,False,True,True,False,False,False
Estia Health Hope Valley | Estia Investments Pty Ltd,Estia Health Hope Valley,SA,Private for Profit,Medium,3.0,-0.28426486441722315,-0.1719882124381784,-0.11227665197904474,Aligned,False,2.0,5.0,False,True,False,False,False,False
The Churchill Retreat | Hahndorf Holdings Pty Ltd,The Churchill Retreat,SA,Private for Profit,Small,3.0,0.09515259720647774,-0.1719882124381784,0.26714080964465614,Aligned,False,3.0,5.0,False,True,False,False,False,False
Sheoak Lodge | Limestone Coast Local Health Network Incorporated,Sheoak Lodge,SA,Government,Small,4.0,-0.13161388480522174,0.0435760823187199,-0.17518996712394164,Aligned,False,2.0,5.0,False,True,True,False,False,False
Melaleuca Court Nursing Home | Yorke and Northern Local Health Network Incorporated,Melaleuca Court Nursing Home,SA,Government,Small,4.0,-0.3134787827385197,0.0435760823187199,-0.3570548650572396,Aligned,False,3.0,5.0,False,False,False,False,False,False
Estia Health Parkside | Estia Investments Pty Ltd,Estia Health Parkside,SA,Private for Profit,Small,4.0,0.6382653801164806,0.0435760823187199,0.5946892977977607,Potentially under-rated,False,5.0,5.0,False,False,False,False,False,False
Bolton Clarke Carinya | RSL Care RDNS Limited,Bolton Clarke Carinya,SA,Not for Profit,Small,4.0,0.3520775869613124,0.0435760823187199,0.3085015046425925,Aligned,False,3.0,5.0,False,True,False,False,False,False
St Basil's at St Peters | St Basil's Homes for the Aged in South Australia (Vasileias) Inc,St Basil's at St Peters,SA,Not for Profit,Small,4.0,-0.6917510283814878,0.0435760823187199,-0.7353271107002077,Potentially over-rated,False,3.0,5.0,False,False,False,False,False,False
Warrina Crescent Residential Aged Care | Warrina Homes Inc,Warrina Crescent Residential Aged Care,SA,Not for Profit,Large,4.0,0.14107033532662114,0.0435760823187199,0.09749425300790124,Aligned,False,2.0,5.0,False,True,True,False,False,False
AnglicareSA Grange | ANGLICARE SA LTD.,AnglicareSA Grange,SA,Not for Profit,Large,3.0,-0.2774712122370457,-0.1719882124381784,-0.10548299979886727,Aligned,False,2.0,5.0,False,True,True,False,False,False
Helping Hand Aged Care - Doreen Bond House | Helping Hand Aged Care Inc,Helping Hand Aged Care - Doreen Bond House,SA,Not for Profit,Medium,4.0,0.0457182107767555,0.0435760823187199,0.0021421284580356026,Aligned,False,3.0,5.0,False,True,False,False,False,False
Oakden Green | Quality Care Homes Pty Ltd,Oakden Green,SA,Private for Profit,Small,4.0,0.1654394824916625,0.0435760823187199,0.12186340017294259,Aligned,False,4.0,5.0,False,False,False,False,False,False
ACH Group Residential Care - Kapara | Aged Care & Housing Group Inc,ACH Group Residential Care - Kapara,SA,Not for Profit,Large,4.0,-0.7591327708929457,0.0435760823187199,-0.8027088532116656,Potentially over-rated,False,1.0,5.0,False,True,True,False,False,False
Resthaven Leabrook | Resthaven Inc,Resthaven Leabrook,SA,Not for Profit,Medium,4.0,-0.07272636857990948,0.0435760823187199,-0.11630245089862938,Aligned,False,3.0,5.0,False,False,False,False,False,False
Resthaven Mitcham | Resthaven Inc,Resthaven Mitcham,SA,Not for Profit,Large,4.0,0.28253858857661834,0.0435760823187199,0.23896250625789844,Aligned,False,3.0,5.0,False,False,False,False,False,False
Resthaven Malvern | Resthaven Inc,Resthaven Malvern,SA,Not for Profit,Medium,4.0,0.2741977911473776,0.0435760823187199,0.23062170882865768,Aligned,False,3.0,5.0,True,True,False,False,False,False
Estia Health Myrtle Bank | Estia Investments Pty Ltd,Estia Health Myrtle Bank,SA,Private for Profit,Medium,4.0,0.21524956454367794,0.0435760823187199,0.17167348222495804,Aligned,False,3.0,5.0,False,False,False,False,False,False
Eldercare Hope Valley | Eldercare Australia Ltd,Eldercare Hope Valley,SA,Not for Profit,Medium,4.0,0.4698093703211348,0.0435760823187199,0.4262332880024149,Aligned,False,4.0,5.0,False,True,False,False,False,False
St Louis Nursing Home | St Louis Nursing Home Pty Ltd,St Louis Nursing Home,SA,Private for Profit,Small,4.0,0.7424168832324899,0.0435760823187199,0.69884080091377,Potentially under-rated,False,5.0,5.0,False,False,False,False,False,False
Serene Residential Care Services | Blu Dawn Pty Ltd,Serene Residential Care Services,SA,Private for Profit,Small,3.0,-0.564468585267493,-0.1719882124381784,-0.3924803728293146,Aligned,False,2.0,4.0,False,False,True,False,False,False
Regis Kingswood | Regis Aged Care Pty Ltd,Regis Kingswood,SA,Private for Profit,Medium,4.0,0.46964458658131575,0.0435760823187199,0.42606850426259585,Aligned,False,3.0,5.0,False,False,False,False,False,False
UnitingSA West Lakes Aged Care | UnitingSA Ltd,UnitingSA West Lakes Aged Care,SA,Not for Profit,Large,4.0,0.18164148167022873,0.0435760823187199,0.13806539935150883,Aligned,False,3.0,5.0,True,True,False,False,False,False
Estia Health Kensington Gardens | Estia Investments Pty Ltd,Estia Health Kensington Gardens,SA,Private for Profit,Medium,3.0,0.0067378813793240455,-0.1719882124381784,0.17872609381750246,Aligned,False,3.0,4.0,False,False,False,False,False,False
Bene Aged Care - St Clair | Italian Benevolent Foundation SA Inc,Bene Aged Care - St Clair,SA,Not for Profit,Small,3.0,-0.880469310040196,-0.1719882124381784,-0.7084810976020176,Potentially over-rated,False,1.0,5.0,False,True,True,False,False,False
Wheatfields Incorporated | Wheatfields Incorporated,Wheatfields Incorporated,SA,Not for Profit,Small,4.0,0.28261660922837945,0.0435760823187199,0.23904052690965955,Aligned,False,4.0,5.0,False,True,False,False,False,False
Woodside Lodge | Clayton Church Homes Inc,Woodside Lodge,SA,Not for Profit,Medium,3.0,0.1319405679096489,-0.1719882124381784,0.30392878034782733,Aligned,False,3.0,5.0,True,True,False,False,False,False
Estia Health Daw Park | Estia Investments Pty Ltd,Estia Health Daw Park,SA,Private for Profit,Medium,3.0,-0.47021498716426163,-0.1719882124381784,-0.2982267747260832,Aligned,False,2.0,5.0,False,False,False,False,False,False
Regis Playford | Regis Aged Care Pty Ltd,Regis Playford,SA,Private for Profit,Large,3.0,-0.02931701453072839,-0.1719882124381784,0.14267119790745003,Aligned,False,3.0,5.0,False,False,False,False,False,False
Olive Grove Aged Care | Willshire Pty Ltd,Olive Grove Aged Care,SA,Private for Profit,Medium,4.0,0.0012841217064150923,0.0435760823187199,-0.04229196061230481,Aligned,False,4.0,5.0,False,True,False,False,False,False
Ananda Aged Care Findon | K N H Nominees Pty Ltd,Ananda Aged Care Findon,SA,Private for Profit,Medium,3.0,-0.30533993132200593,-0.1719882124381784,-0.13335171888382752,Aligned,False,2.0,5.0,True,True,True,False,False,False
Regis Marleston | Regis Aged Care Pty Ltd,Regis Marleston,SA,Private for Profit,Large,3.0,-0.2963940848139636,-0.1719882124381784,-0.12440587237578521,Aligned,False,2.0,5.0,False,True,True,False,False,False
Estia Health Golden Grove | Estia Investments Pty Ltd,Estia Health Golden Grove,SA,Private for Profit,Medium,4.0,0.45266069015780336,0.0435760823187199,0.40908460783908346,Aligned,False,4.0,5.0,False,True,False,False,False,False
Resthaven Westbourne Park | Resthaven Inc,Resthaven Westbourne Park,SA,Not for Profit,Large,4.0,-0.19482579063820346,0.0435760823187199,-0.23840187295692336,Aligned,False,3.0,5.0,False,False,False,False,False,False
Bolton Clarke Ross Robertson | RSL Care RDNS Limited,Bolton Clarke Ross Robertson,SA,Not for Profit,Medium,4.0,-0.12335640997502563,0.0435760823187199,-0.16693249229374552,Aligned,False,3.0,5.0,False,True,False,False,False,False
Bene Aged Care - Campbelltown | Italian Benevolent Foundation SA Inc,Bene Aged Care - Campbelltown,SA,Not for Profit,Small,3.0,-0.5068379947841107,-0.1719882124381784,-0.3348497823459323,Aligned,False,2.0,5.0,False,True,True,False,False,False
Bolton Clarke Walkerville | RSL Care RDNS Limited,Bolton Clarke Walkerville,SA,Not for Profit,Large,3.0,0.46246228378260823,-0.1719882124381784,0.6344504962207866,Potentially under-rated,False,4.0,4.0,False,False,False,False,False,True
Barossa Village Inc | Barossa Village Inc,Barossa Village Inc,SA,Not for Profit,Large,4.0,0.1689568381310814,0.0435760823187199,0.1253807558123615,Aligned,False,3.0,5.0,False,False,False,False,False,False
Boandik Kessal | Boandik Lodge Inc,Boandik Kessal,SA,Not for Profit,Medium,4.0,0.24822746502352103,0.0435760823187199,0.20465138270480113,Aligned,False,3.0,5.0,False,False,False,False,False,False
Bupa Morphettville | Bupa Aged Care Australia Pty Ltd,Bupa Morphettville,SA,Private for Profit,Medium,3.0,-0.03551943193761891,-0.1719882124381784,0.1364687805005595,Aligned,False,3.0,5.0,False,True,False,False,False,False
Bolton Clarke Somerton Park | RSL Care RDNS Limited,Bolton Clarke Somerton Park,SA,Not for Profit,Medium,4.0,0.25677393875249865,0.0435760823187199,0.21319785643377875,Aligned,False,3.0,5.0,False,False,False,False,False,False
North Eastern Community Nursing Home | North Eastern Community Hospital Incorporated,North Eastern Community Nursing Home,SA,Not for Profit,Medium,3.0,0.14593538868765205,-0.1719882124381784,0.31792360112583046,Aligned,False,3.0,4.0,False,False,False,False,False,False
Resthaven Marion | Resthaven Inc,Resthaven Marion,SA,Not for Profit,Large,4.0,0.22920643057163648,0.0435760823187199,0.18563034825291658,Aligned,False,3.0,5.0,False,False,False,False,False,False
Naracoorte Health Service | Limestone Coast Local Health Network Incorporated,Naracoorte Health Service,SA,Government,Small,4.0,-0.8455516938340898,0.0435760823187199,-0.8891277761528097,Potentially over-rated,False,2.0,5.0,False,False,True,False,False,False
AnglicareSA Trott Park | ANGLICARE SA LTD.,AnglicareSA Trott Park,SA,Not for Profit,Large,3.0,-0.42218963626034406,-0.1719882124381784,-0.25020142382216565,Aligned,False,1.0,5.0,False,True,True,False,False,False
ACH Group Residential Care - Milpara | Aged Care & Housing Group Inc,ACH Group Residential Care - Milpara,SA,Not for Profit,Medium,4.0,-0.07130371633414469,0.0435760823187199,-0.11487979865286459,Aligned,False,3.0,5.0,False,True,False,False,False,False
Alwyndor Aged Care | City of Holdfast Bay,Alwyndor Aged Care,SA,Government,Large,4.0,-0.05526986720839081,0.0435760823187199,-0.0988459495271107,Aligned,False,2.0,4.0,False,False,True,False,False,False
Warrina Vales Residential Aged Care | Warrina Homes Inc,Warrina Vales Residential Aged Care,SA,Not for Profit,Large,4.0,0.3682789200328666,0.0435760823187199,0.3247028377141467,Aligned,False,3.0,4.0,True,False,False,False,False,False
Bucklands Residential Care | Southern Cross Care (SA NT & VIC) Incorporated,Bucklands Residential Care,SA,Not for Profit,Large,3.0,0.3027368355707999,-0.1719882124381784,0.4747250480089783,Potentially under-rated,False,3.0,5.0,False,False,False,False,False,True
Renmark Nursing Home | Riverland Mallee Coorong Local Health Network Incorporated,Renmark Nursing Home,SA,Government,Medium,3.0,-0.5001764720705387,-0.1719882124381784,-0.3281882596323603,Aligned,False,2.0,5.0,False,True,True,False,False,False
Hahndorf Residential Care Services | Hahndorf Holdings Pty Ltd,Hahndorf Residential Care Services,SA,Private for Profit,Medium,4.0,-0.2178713894000305,0.0435760823187199,-0.2614474717187504,Aligned,False,3.0,5.0,False,True,False,False,False,False
Resthaven Paradise | Resthaven Inc,Resthaven Paradise,SA,Not for Profit,Large,3.0,-0.002769319336772269,-0.1719882124381784,0.16921889310140614,Aligned,False,3.0,4.0,False,False,False,False,False,False
Eldercare Evanston Park | Eldercare Australia Ltd,Eldercare Evanston Park,SA,Not for Profit,Medium,3.0,0.437184761003327,-0.1719882124381784,0.6091729734415054,Potentially under-rated,False,4.0,5.0,False,True,False,True,False,True
Bupa Woodville | Bupa Aged Care Australia Pty Ltd,Bupa Woodville,SA,Private for Profit,Large,4.0,-0.24813505137972483,0.0435760823187199,-0.2917111336984447,Aligned,False,2.0,5.0,True,True,True,False,False,False
UnitingSA Westminster Village Aged Care | UnitingSA Ltd,UnitingSA Westminster Village Aged Care,SA,Not for Profit,Medium,4.0,-0.15240282214970866,0.0435760823187199,-0.19597890446842856,Aligned,False,3.0,5.0,False,True,False,False,False,False
Christies Beach Residential Care Services | Hahndorf Holdings Pty Ltd,Christies Beach Residential Care Services,SA,Private for Profit,Medium,3.0,-0.005934053827298613,-0.1719882124381784,0.1660541586108798,Aligned,False,1.0,5.0,False,True,True,False,False,False
Parkview Aged Care | Moonta Health & Aged Care Services Inc,Parkview Aged Care,SA,Not for Profit,Medium,4.0,-0.24429292621136625,0.0435760823187199,-0.2878690085300861,Aligned,False,3.0,5.0,False,False,False,False,False,False
Estia Health Craigmore | Estia Investments Pty Ltd,Estia Health Craigmore,SA,Private for Profit,Large,3.0,0.2217469452996302,-0.1719882124381784,0.39373515773780865,Aligned,False,3.0,5.0,False,True,False,False,False,False
Eldercare Oxford | Eldercare Australia Ltd,Eldercare Oxford,SA,Not for Profit,Small,4.0,0.7567760900743473,0.0435760823187199,0.7132000077556274,Potentially under-rated,False,5.0,5.0,False,True,False,False,False,False
ACH Group Residential Care - Perry Park (high care) | Aged Care & Housing Group Inc,ACH Group Residential Care - Perry Park (high care),SA,Not for Profit,Large,4.0,0.3040143075106741,0.0435760823187199,0.2604382251919542,Aligned,False,3.0,5.0,False,False,False,False,False,False
Matthew Flinders Home Inc | Matthew Flinders Home Inc,Matthew Flinders Home Inc,SA,Not for Profit,Medium,4.0,-1.2355697053077364,0.0435760823187199,-1.2791457876264563,Potentially over-rated,False,1.0,5.0,False,True,True,False,False,False
UnitingSA Seaton Aged Care | UnitingSA Ltd,UnitingSA Seaton Aged Care,SA,Not for Profit,Small,4.0,0.9098071578765426,0.0435760823187199,0.8662310755578227,Potentially under-rated,False,3.0,5.0,False,False,False,False,False,False
Klemzig Residential Care Services | Hahndorf Holdings Pty Ltd,Klemzig Residential Care Services,SA,Private for Profit,Medium,4.0,-0.13608687952383305,0.0435760823187199,-0.17966296184255295,Aligned,False,3.0,5.0,False,True,False,False,False,False
Carmelite Residential Care | Southern Cross Care (SA NT & VIC) Incorporated,Carmelite Residential Care,SA,Not for Profit,Medium,4.0,0.296155251502144,0.0435760823187199,0.2525791691834241,Aligned,False,4.0,5.0,False,False,False,False,False,False
St Joseph's House | The Catholic Diocese of Port Pirie Inc,St Joseph's House,SA,Not for Profit,Small,4.0,0.9982387135080022,0.0435760823187199,0.9546626311892823,Potentially under-rated,False,5.0,4.0,False,False,False,True,False,False
Para Hills Residential Care | L P Rositano & M Rositano & R M Rositano and S P Rositano,Para Hills Residential Care,SA,Private for Profit,Small,4.0,-0.15499981596960105,0.0435760823187199,-0.19857589828832095,Aligned,False,3.0,4.0,False,False,False,False,False,False
AnglicareSA Elizabeth East | ANGLICARE SA LTD.,AnglicareSA Elizabeth East,SA,Not for Profit,Large,3.0,-0.6339637290171188,-0.1719882124381784,-0.4619755165789404,Potentially over-rated,False,1.0,4.0,False,False,True,False,False,False
Bolton Clarke Marten | RSL Care RDNS Limited,Bolton Clarke Marten,SA,Not for Profit,Large,4.0,-0.34604233400792744,0.0435760823187199,-0.38961841632664734,Aligned,False,2.0,5.0,True,True,True,False,False,False
Oakwood Aged Care | Tolega Pty Ltd,Oakwood Aged Care,SA,Private for Profit,Medium,4.0,0.518063905070551,0.0435760823187199,0.4744878227518311,Potentially under-rated,False,4.0,5.0,False,False,False,True,False,False
Estia Health Valley View | Estia Investments Pty Ltd,Estia Health Valley View,SA,Private for Profit,Medium,3.0,0.36630897625731035,-0.1719882124381784,0.5382971886954888,Potentially under-rated,False,3.0,5.0,False,False,False,False,False,True
Star Of The Sea Home For The Aged | The Catholic Diocese of Port Pirie Inc,Star Of The Sea Home For The Aged,SA,Not for Profit,Small,4.0,-0.5052884567586351,0.0435760823187199,-0.548864539077355,Potentially over-rated,False,4.0,5.0,False,False,False,False,False,False
Star Of The Sea Home For The Aged | The Catholic Diocese of Port Pirie Inc,Star Of The Sea Home For The Aged,SA,Not for Profit,Small,4.0,-0.5052884567586351,0.0435760823187199,-0.548864539077355,Potentially over-rated,False,3.0,5.0,False,False,False,False,False,False
Helping Hand Aged Care - Parafield Gardens | Helping Hand Aged Care Inc,Helping Hand Aged Care - Parafield Gardens,SA,Not for Profit,Medium,3.0,-0.5027373439862448,-0.1719882124381784,-0.3307491315480664,Aligned,False,1.0,5.0,False,True,True,False,False,False
Yeltana Nursing Home | Helping Hand Aged Care Inc,Yeltana Nursing Home,SA,Not for Profit,Small,3.0,-0.14265248954521303,-0.1719882124381784,0.029335722892965377,Aligned,False,3.0,5.0,False,True,False,False,False,False
Edenfield Family Care - Nerrilda | El-Jasbella Nerrilda Pty Ltd,Edenfield Family Care - Nerrilda,SA,Private for Profit,Small,4.0,0.5646106261848147,0.0435760823187199,0.5210345438660948,Potentially under-rated,False,4.0,5.0,False,False,False,False,False,False
Rose Court Aged Care Facility | Hahndorf Holdings Pty Ltd,Rose Court Aged Care Facility,SA,Private for Profit,Small,4.0,-0.47157592364041373,0.0435760823187199,-0.5151520059591337,Potentially over-rated,False,2.0,5.0,False,True,True,False,False,False
Edenfield Family Care West Park | El-Jasbella Ramsay Pty Ltd,Edenfield Family Care West Park,SA,Private for Profit,Small,3.0,0.441443787434786,-0.1719882124381784,0.6134319998729645,Potentially under-rated,False,3.0,4.0,False,False,False,False,False,False
Old Timers | Australian Regional and Remote Community Services Limited,Old Timers,NT,Not for Profit,Small,4.0,0.2731026621943603,0.0435760823187199,0.2295265798756404,Aligned,False,3.0,5.0,False,True,False,False,False,False
Rocky Ridge | Australian Regional and Remote Community Services Limited,Rocky Ridge,NT,Not for Profit,Small,4.0,-0.13305520375102972,0.0435760823187199,-0.17663128606974962,Aligned,False,3.0,5.0,False,False,False,False,False,False
Juninga Centre | Australian Regional and Remote Community Services Limited,Juninga Centre,NT,Not for Profit,Small,4.0,0.3883412404412918,0.0435760823187199,0.3447651581225719,Aligned,False,3.0,5.0,False,True,False,False,False,False
Terrace Gardens | Australian Regional and Remote Community Services Limited,Terrace Gardens,NT,Not for Profit,Medium,4.0,-0.007404147401503432,0.0435760823187199,-0.050980229720223334,Aligned,False,2.0,5.0,False,False,True,False,False,False
Katherine Hostel | Australian Regional and Remote Community Services Limited,Katherine Hostel,NT,Not for Profit,Small,4.0,-0.0691378568726199,0.0435760823187199,-0.1127139391913398,Aligned,False,2.0,5.0,False,True,True,False,False,False
Flynn Lodge | Australian Regional and Remote Community Services Limited,Flynn Lodge,NT,Not for Profit,Small,4.0,-0.3237601864639346,0.0435760823187199,-0.3673362687826545,Aligned,False,3.0,4.0,False,False,False,False,False,False
Hocart Lodge | Fresh Fields Aged Care Pty Ltd,Hocart Lodge,WA,Private for Profit,Medium,3.0,-0.6749874263663868,-0.1719882124381784,-0.5029992139282083,Potentially over-rated,False,1.0,4.0,False,False,False,False,False,False
SwanCare Waminda | SwanCare Group Inc,SwanCare Waminda,WA,Not for Profit,Large,3.0,-0.5824295051744731,-0.1719882124381784,-0.4104412927362947,Aligned,False,2.0,5.0,False,False,True,False,False,False
Bedingfeld Lodge | Bedingfeld Park Inc,Bedingfeld Lodge,WA,Not for Profit,Medium,3.0,-0.07052173821993767,-0.1719882124381784,0.10146647421824075,Aligned,False,3.0,5.0,False,True,False,False,False,False
Villa Maria | Mercy Aged and Community Care Ltd,Villa Maria,WA,Not for Profit,Small,4.0,0.2205790798246107,0.0435760823187199,0.1770029975058908,Aligned,False,4.0,5.0,False,False,False,False,False,False
Baptistcare Moonya | BaptistCare,Baptistcare Moonya,WA,Not for Profit,Medium,3.0,-0.20565147822170593,-0.1719882124381784,-0.03366326578352752,Aligned,False,3.0,4.0,False,False,False,False,False,False
Capecare | Ray Village Aged Services Inc,Capecare,WA,Not for Profit,Large,3.0,-0.12746780633872976,-0.1719882124381784,0.044520406099448656,Aligned,False,2.0,5.0,False,True,False,False,False,False
Aegis Lincoln Park | Aegis Aged Care Group Pty Ltd,Aegis Lincoln Park,WA,Private for Profit,Small,4.0,0.36628839022698095,0.0435760823187199,0.32271230790826105,Aligned,False,3.0,5.0,False,False,False,False,False,False
Burswood Care Annie Bryson McKeown Lodge | Burswood Care Pty Ltd,Burswood Care Annie Bryson McKeown Lodge,WA,Private for Profit,Small,4.0,-0.15271366126731972,0.0435760823187199,-0.19628974358603962,Aligned,False,3.0,5.0,False,False,False,False,False,False
Burswood Care Gwen Hardie Lodge | Burswood Care Pty Ltd,Burswood Care Gwen Hardie Lodge,WA,Private for Profit,Small,4.0,-0.8250836376693332,0.0435760823187199,-0.8686597199880531,Potentially over-rated,False,2.0,5.0,False,False,True,False,False,False
Casson House | Casson Homes Incorporated,Casson House,WA,Not for Profit,Small,4.0,0.5189255329607497,0.0435760823187199,0.4753494506420298,Potentially under-rated,False,3.0,5.0,False,True,False,False,False,False
Coolibah Care | Mandurah Retirement Village,Coolibah Care,WA,Not for Profit,Large,4.0,0.1393672642058294,0.0435760823187199,0.0957911818871095,Aligned,False,3.0,5.0,False,False,False,False,False,False
Gordon Lodge | Air Force Association WA Limited,Gordon Lodge,WA,Not for Profit,Small,4.0,-0.15868703051370814,0.0435760823187199,-0.20226311283242804,Aligned,False,3.0,5.0,False,False,False,False,False,False
Amana Living James Brown Care Centre | Amana Living Incorporated,Amana Living James Brown Care Centre,WA,Not for Profit,Medium,4.0,0.7634906302678099,0.0435760823187199,0.71991454794909,Potentially under-rated,False,4.0,5.0,False,False,False,False,False,False
Amana Living Moline House | Amana Living Incorporated,Amana Living Moline House,WA,Not for Profit,Small,4.0,-0.12243664461322366,0.0435760823187199,-0.16601272693194358,Aligned,False,3.0,5.0,False,True,False,False,False,False
Amana Living Parry Care Centre | Amana Living Incorporated,Amana Living Parry Care Centre,WA,Not for Profit,Small,4.0,0.08314897234137225,0.0435760823187199,0.03957289002265235,Aligned,False,4.0,5.0,True,False,False,False,False,False
Joseph Cooke House | Southern Cross Care (WA) Inc,Joseph Cooke House,WA,Not for Profit,Small,4.0,0.22802764997308125,0.0435760823187199,0.18445156765436135,Aligned,False,4.0,5.0,False,False,False,False,False,False
Villa Terenzio | Italian Aged Care Incorporated,Villa Terenzio,WA,Not for Profit,Large,4.0,-0.1285965038587681,0.0435760823187199,-0.172172586177488,Aligned,False,3.0,5.0,False,True,False,False,False,False
Victoria Park House | Southern Cross Care (WA) Inc,Victoria Park House,WA,Not for Profit,Small,4.0,0.5663855357844932,0.0435760823187199,0.5228094534657733,Potentially under-rated,False,5.0,5.0,False,True,False,False,False,False
ValleyView Residence | The Riverview Residence Collie (Inc),ValleyView Residence,WA,Not for Profit,Medium,4.0,0.24989761410512146,0.0435760823187199,0.20632153178640156,Aligned,False,3.0,5.0,True,False,False,False,False,False
Villa Pelletier Hostel | Southern Cross Care (WA) Inc,Villa Pelletier Hostel,WA,Not for Profit,Small,4.0,0.08591972562708283,0.0435760823187199,0.04234364330836293,Aligned,False,4.0,5.0,False,False,False,False,False,False
Amaroo Village Buckley Caring Centre | Amaroo Care Services Inc,Amaroo Village Buckley Caring Centre,WA,Not for Profit,Large,3.0,-0.14053953164371702,-0.1719882124381784,0.03144868079446139,Aligned,False,2.0,4.0,False,False,True,False,False,False
Rosewood Care Leederville | Rosewood Care Group (Inc),Rosewood Care Leederville,WA,Not for Profit,Large,3.0,-0.008314583141647305,-0.1719882124381784,0.16367362929653112,Aligned,False,2.0,5.0,False,False,True,False,False,False
Wattle Hill Lodge | Wattle Hill Lodge Inc,Wattle Hill Lodge,WA,Not for Profit,Medium,4.0,0.14773139346793446,0.0435760823187199,0.10415531114921456,Aligned,False,3.0,4.0,False,False,False,False,False,False
Juniper Bethshan | Uniting Church Homes,Juniper Bethshan,WA,Not for Profit,Small,4.0,-1.0499746315727572,0.0435760823187199,-1.093550713891477,Potentially over-rated,False,1.0,5.0,False,True,True,False,False,False
Juniper Elimatta | Uniting Church Homes,Juniper Elimatta,WA,Not for Profit,Small,4.0,-0.06527157515124264,0.0435760823187199,-0.10884765746996254,Aligned,False,3.0,5.0,False,True,False,False,False,False
Juniper Riverslea | Uniting Church Homes,Juniper Riverslea,WA,Not for Profit,Small,4.0,-0.0600277748642987,0.0435760823187199,-0.1036038571830186,Aligned,False,2.0,5.0,False,False,True,False,False,False
Regis North Fremantle | Regis Aged Care Pty Ltd,Regis North Fremantle,WA,Private for Profit,Large,3.0,0.04170366365317629,-0.1719882124381784,0.2136918760913547,Aligned,False,2.0,5.0,False,True,True,False,False,False
Dryandra Residential and Community Care Inc | Burswood Care Pty Ltd,Dryandra Residential and Community Care Inc,WA,Private for Profit,Small,4.0,-1.427955965388693,0.0435760823187199,-1.471532047707413,Potentially over-rated,True,1.0,5.0,False,False,True,False,False,False
Joseph Banks Aged Care Facility | Retirees WA (Inc),Joseph Banks Aged Care Facility,WA,Not for Profit,Medium,4.0,-1.0289360822915636,0.0435760823187199,-1.0725121646102835,Potentially over-rated,False,2.0,5.0,False,False,True,False,False,False
Sister Mary Glowrey Residential Care | Catholic Homes Incorporated,Sister Mary Glowrey Residential Care,WA,Not for Profit,Medium,3.0,0.04247291216311792,-0.1719882124381784,0.21446112460129632,Aligned,False,2.0,5.0,False,True,True,False,False,False
Archbishop Goody Hostel | Catholic Homes Incorporated,Archbishop Goody Hostel,WA,Not for Profit,Small,4.0,0.08383704778303223,0.0435760823187199,0.040260965464312334,Aligned,False,3.0,5.0,False,False,False,False,False,False
Amana Living Thomas Scott Hostel | Amana Living Incorporated,Amana Living Thomas Scott Hostel,WA,Not for Profit,Small,4.0,-0.37878279685755817,0.0435760823187199,-0.42235887917627807,Aligned,False,4.0,5.0,True,False,False,False,False,False
Ritcher Lodge | ALINEA INC.,Ritcher Lodge,WA,Not for Profit,Small,4.0,0.2248973696517502,0.0435760823187199,0.1813212873330303,Aligned,False,3.0,5.0,False,False,False,False,False,False
Juniper Waratah Lodge | Uniting Church Homes,Juniper Waratah Lodge,WA,Not for Profit,Small,4.0,-1.3197030358232584,0.0435760823187199,-1.3632791181419783,Potentially over-rated,False,2.0,4.0,False,False,True,False,False,False
Marine Views Cottesloe | Curtin Heritage Living Inc.,Marine Views Cottesloe,WA,Not for Profit,Large,4.0,-0.07134794102599133,0.0435760823187199,-0.11492402334471123,Aligned,False,2.0,5.0,False,False,True,False,False,False
Amana Living Lefroy Care Centre | Amana Living Incorporated,Amana Living Lefroy Care Centre,WA,Not for Profit,Small,4.0,-0.39695467145645624,0.0435760823187199,-0.44053075377517614,Aligned,False,1.0,5.0,False,True,True,False,False,False
Tuia Lodge | Fresh Fields Aged Care Pty Ltd,Tuia Lodge,WA,Private for Profit,Small,3.0,0.40165428916694484,-0.1719882124381784,0.5736425016051232,Potentially under-rated,False,4.0,4.0,False,False,False,False,False,False
Pam Corker House | Quambie Park Waroona Inc,Pam Corker House,WA,Not for Profit,Small,4.0,-0.05397065488765085,0.0435760823187199,-0.09754673720637075,Aligned,False,3.0,5.0,False,False,False,False,False,False
Geegeelup Aged Care Facility | Geegeelup Village Incorporated,Geegeelup Aged Care Facility,WA,Not for Profit,Small,4.0,0.6320340571513906,0.0435760823187199,0.5884579748326707,Potentially under-rated,False,5.0,5.0,False,False,False,False,False,False
Bethanie Illawong | THE BETHANIE GROUP INC,Bethanie Illawong,WA,Not for Profit,Small,4.0,0.6530891995731777,0.0435760823187199,0.6095131172544578,Potentially under-rated,False,5.0,5.0,False,False,False,False,False,False
Juniper Hillcrest | Uniting Church Homes,Juniper Hillcrest,WA,Not for Profit,Medium,3.0,-0.6851464737694783,-0.1719882124381784,-0.5131582613312999,Potentially over-rated,False,1.0,5.0,False,False,True,False,False,False
Fairhaven | FREE REFORMED RETIREMENT VILLAGE ASSOCIATION (INC.),Fairhaven,WA,Not for Profit,Small,5.0,-0.15048216198973907,0.2591403770756181,-0.40962253906535717,Aligned,False,5.0,5.0,False,False,False,False,False,False
Juniper Bethavon | Uniting Church Homes,Juniper Bethavon,WA,Not for Profit,Small,4.0,-0.39539950083477726,0.0435760823187199,-0.43897558315349716,Aligned,False,3.0,5.0,True,True,False,False,False,False
Jacaranda Lodge | Shire of Wanneroo Aged Persons Homes Trust Inc,Jacaranda Lodge,WA,Not for Profit,Small,4.0,0.13590590982463333,0.0435760823187199,0.09232982750591343,Aligned,False,3.0,5.0,True,True,False,False,False,False
Bethanie Edinboro | THE BETHANIE GROUP INC,Bethanie Edinboro,WA,Not for Profit,Small,3.0,0.19232021929395438,-0.1719882124381784,0.3643084317321328,Aligned,False,3.0,5.0,False,True,False,False,False,False
Juniper St David's | Uniting Church Homes,Juniper St David's,WA,Not for Profit,Small,4.0,-0.5888160838922062,0.0435760823187199,-0.6323921662109261,Potentially over-rated,False,3.0,5.0,True,False,False,False,False,False
Juniper Cygnet | Uniting Church Homes,Juniper Cygnet,WA,Not for Profit,Small,3.0,-1.4370488593483701,-0.1719882124381784,-1.2650606469101917,Potentially over-rated,False,1.0,5.0,False,True,True,False,False,False
Juniper Hilltop | Uniting Church Homes,Juniper Hilltop,WA,Not for Profit,Small,4.0,-0.1226897001548903,0.0435760823187199,-0.16626578247361018,Aligned,False,3.0,5.0,True,True,False,False,False,False
Juniper Trinity | Uniting Church Homes,Juniper Trinity,WA,Not for Profit,Small,4.0,-0.48957230128261525,0.0435760823187199,-0.5331483836013351,Potentially over-rated,False,3.0,5.0,False,False,False,False,False,False
Regis Nedlands | Regis Aged Care Pty Ltd,Regis Nedlands,WA,Private for Profit,Large,4.0,0.044638598728891955,0.0435760823187199,0.0010625164101720555,Aligned,False,3.0,5.0,True,True,False,False,False,False
Acacia Living Group Menora Gardens Aged Care Facility | RSL Care RDNS Limited,Acacia Living Group Menora Gardens Aged Care Facility,WA,Not for Profit,Large,4.0,0.12409725673030209,0.0435760823187199,0.08052117441158219,Aligned,False,4.0,4.0,True,False,False,False,False,False
St Francis Hostel | MOUNT LA VERNA RETIREMENT VILLAGE INC,St Francis Hostel,WA,Not for Profit,Small,4.0,-0.4901966825675557,0.0435760823187199,-0.5337727648862756,Potentially over-rated,False,3.0,5.0,False,False,False,False,False,False
Juniper Carramar | Uniting Church Homes,Juniper Carramar,WA,Not for Profit,Small,4.0,0.6036962675719745,0.0435760823187199,0.5601201852532546,Potentially under-rated,False,5.0,4.0,True,False,False,False,False,False
Acacia Living Group Meadow Springs Aged Care Facility | RSL Care RDNS Limited,Acacia Living Group Meadow Springs Aged Care Facility,WA,Not for Profit,Medium,4.0,0.1622181734321019,0.0435760823187199,0.118642091113382,Aligned,False,3.0,4.0,False,False,False,False,False,False
Hellenic Community Aged Care | HELLENIC COMMUNITY BENEVOLENT ASSOC INC,Hellenic Community Aged Care,WA,Not for Profit,Medium,4.0,0.45799583480282946,0.0435760823187199,0.41441975248410956,Aligned,False,4.0,5.0,False,False,False,False,False,False
Italian Village Fremantle | Fremantle Italian Aged Persons Service Association,Italian Village Fremantle,WA,Not for Profit,Medium,3.0,-0.5311816515257047,-0.1719882124381784,-0.3591934390875263,Aligned,False,2.0,5.0,False,False,False,False,False,False
Germanus Kent House | Southern Cross Care (WA) Inc,Germanus Kent House,WA,Not for Profit,Small,4.0,-0.19665459558769458,0.0435760823187199,-0.24023067790641447,Aligned,False,3.0,5.0,False,False,False,False,False,False
Baptistcare Yallambee | BaptistCare,Baptistcare Yallambee,WA,Not for Profit,Small,4.0,0.19764675693262868,0.0435760823187199,0.15407067461390878,Aligned,False,4.0,4.0,False,False,False,False,False,False
Baptistcare Gracewood | BaptistCare,Baptistcare Gracewood,WA,Not for Profit,Large,4.0,-0.18875120822279176,0.0435760823187199,-0.23232729054151166,Aligned,False,3.0,4.0,False,False,False,False,False,False
Yaandina Aged Care | Yaandina Community Services Limited,Yaandina Aged Care,WA,Not for Profit,Small,4.0,-0.001338501065658378,0.0435760823187199,-0.04491458338437828,Aligned,False,3.0,5.0,False,True,False,False,False,False
Trinity Village | Catholic Homes Incorporated,Trinity Village,WA,Not for Profit,Small,3.0,-0.4349533045053467,-0.1719882124381784,-0.2629650920671683,Aligned,False,2.0,5.0,False,True,True,False,False,False
Edgewater Mercy Hostel | Mercy Aged and Community Care Ltd,Edgewater Mercy Hostel,WA,Not for Profit,Small,4.0,0.04004442331023451,0.0435760823187199,-0.0035316590084853924,Aligned,False,3.0,5.0,True,False,False,False,False,False
Baptistcare Graceford | BaptistCare,Baptistcare Graceford,WA,Not for Profit,Medium,3.0,-0.8212078021559517,-0.1719882124381784,-0.6492195897177733,Potentially over-rated,False,1.0,4.0,False,False,True,False,False,False
Riversea Mosman Park | Curtin Heritage Living Inc.,Riversea Mosman Park,WA,Not for Profit,Small,4.0,-0.5160559224068216,0.0435760823187199,-0.5596320047255415,Potentially over-rated,False,3.0,5.0,False,False,False,False,False,False
Bethanie Geneff | THE BETHANIE GROUP INC,Bethanie Geneff,WA,Not for Profit,Small,4.0,0.24924537893334395,0.0435760823187199,0.20566929661462405,Aligned,False,5.0,5.0,False,False,False,False,False,False
Baptistcare Morrison Gardens | BaptistCare,Baptistcare Morrison Gardens,WA,Not for Profit,Medium,3.0,0.10977148637448451,-0.1719882124381784,0.28175969881266294,Aligned,False,3.0,4.0,False,False,False,False,False,False
Juniper John Bryant | Uniting Church Homes,Juniper John Bryant,WA,Not for Profit,Small,4.0,-1.1163198792321252,0.0435760823187199,-1.159895961550845,Potentially over-rated,False,2.0,5.0,False,False,True,False,False,False
Barridale Lodge | Shire of Wanneroo Aged Persons Homes Trust Inc,Barridale Lodge,WA,Not for Profit,Small,3.0,-0.16483163289806851,-0.1719882124381784,0.0071565795401098975,Aligned,False,3.0,5.0,False,False,False,False,False,False
Bert England Lodge | THE BETHANIE GROUP INC,Bert England Lodge,WA,Not for Profit,Small,4.0,0.06591249614183471,0.0435760823187199,0.022336413823114812,Aligned,False,3.0,5.0,False,False,False,False,False,False
Amana Living Frederick Guest Hostel | Amana Living Incorporated,Amana Living Frederick Guest Hostel,WA,Not for Profit,Small,4.0,0.19322088469739954,0.0435760823187199,0.14964480237867964,Aligned,False,3.0,5.0,False,False,False,False,False,False
Burswood Care Sunshine Park | Burswood Care Pty Ltd,Burswood Care Sunshine Park,WA,Private for Profit,Small,4.0,0.12234702766746847,0.0435760823187199,0.07877094534874857,Aligned,False,4.0,5.0,False,False,False,False,False,False
James Watson Centre | St Bartholomew's House Inc,James Watson Centre,WA,Not for Profit,Small,4.0,-0.12514809084474746,0.0435760823187199,-0.16872417316346736,Aligned,False,3.0,5.0,True,True,False,False,False,False
Amana Living Hale Hostel | Amana Living Incorporated,Amana Living Hale Hostel,WA,Not for Profit,Small,4.0,0.36811404707414114,0.0435760823187199,0.32453796475542124,Aligned,False,4.0,5.0,False,False,False,False,False,False
Brightwater Redcliffe | Brightwater Care Group Limited,Brightwater Redcliffe,WA,Not for Profit,Small,3.0,-0.17685824246672496,-0.1719882124381784,-0.004870030028546551,Aligned,False,2.0,5.0,True,True,True,False,False,False
MYVISTA Balcatta | Stirling Ethnic Aged Home Association (Inc),MYVISTA Balcatta,WA,Not for Profit,Medium,4.0,0.07352672370201974,0.0435760823187199,0.029950641383299836,Aligned,False,4.0,5.0,False,False,False,False,False,False
Bethanie Kingsley | THE BETHANIE GROUP INC,Bethanie Kingsley,WA,Not for Profit,Small,3.0,-0.00804991748160297,-0.1719882124381784,0.16393829495657544,Aligned,False,3.0,5.0,False,False,False,False,False,False
Guildford Village | Pu-Fam Pty Ltd,Guildford Village,WA,Private for Profit,Medium,3.0,-0.12805587177409852,-0.1719882124381784,0.04393234066407989,Aligned,False,3.0,3.0,False,False,False,False,False,False
Karri and Tuart Lodge | Air Force Association WA Limited,Karri and Tuart Lodge,WA,Not for Profit,Large,4.0,-0.03611517640315886,0.0435760823187199,-0.07969125872187877,Aligned,False,3.0,5.0,False,False,False,False,False,False
Baptistcare Bethel | BaptistCare,Baptistcare Bethel,WA,Not for Profit,Medium,3.0,0.0004706160395032873,-0.1719882124381784,0.1724588284776817,Aligned,False,3.0,4.0,False,False,False,False,False,False
Amana Living Kinross Care Community | Amana Living Incorporated,Amana Living Kinross Care Community,WA,Not for Profit,Large,4.0,0.29106977461853484,0.0435760823187199,0.24749369229981494,Aligned,False,4.0,5.0,False,False,False,False,False,False
Bethanie Peel | THE BETHANIE GROUP INC,Bethanie Peel,WA,Not for Profit,Small,4.0,0.3104621756284627,0.0435760823187199,0.2668860933097428,Aligned,False,3.0,5.0,False,False,False,False,False,False
Manoah House | Association for Christian Senior Citizens Homes WA Inc,Manoah House,WA,Not for Profit,Small,4.0,-0.21666601007595973,0.0435760823187199,-0.26024209239467966,Aligned,False,3.0,5.0,False,False,False,False,False,False
Jeremiah Donovan House | Southern Cross Care (WA) Inc,Jeremiah Donovan House,WA,Not for Profit,Small,4.0,0.19698811250344697,0.0435760823187199,0.15341203018472707,Aligned,False,3.0,5.0,False,False,False,False,False,False
MercyCare Rockingham | Mercy Human Services Limited,MercyCare Rockingham,WA,Not for Profit,Small,4.0,-0.9336924671074308,0.0435760823187199,-0.9772685494261507,Potentially over-rated,False,1.0,5.0,False,False,True,False,False,False
Karinya Residential Care | Narrogin Cottage Homes Inc,Karinya Residential Care,WA,Not for Profit,Small,4.0,-0.9089482832457992,0.0435760823187199,-0.9525243655645191,Potentially over-rated,False,1.0,4.0,False,False,True,False,False,False
Michael Lee Centre | MEATH CARE INC,Michael Lee Centre,WA,Not for Profit,Large,4.0,0.05033295459417033,0.0435760823187199,0.00675687227545043,Aligned,False,3.0,5.0,False,False,False,False,False,False
Carinya Of Bicton | Pu-Fam Pty Ltd,Carinya Of Bicton,WA,Private for Profit,Small,3.0,-0.994328463525363,-0.1719882124381784,-0.8223402510871846,Potentially over-rated,False,2.0,3.0,True,False,True,False,False,False
Amana Living Peter Arney Home | Amana Living Incorporated,Amana Living Peter Arney Home,WA,Not for Profit,Medium,4.0,0.11154767139825038,0.0435760823187199,0.06797158907953048,Aligned,False,3.0,5.0,False,False,False,False,False,False
Brightwater Birralee | Brightwater Care Group Limited,Brightwater Birralee,WA,Not for Profit,Small,4.0,0.007946928229873954,0.0435760823187199,-0.03562915408884595,Aligned,False,4.0,5.0,False,True,False,False,False,False
Castledare Retirement Village | Catholic Homes Incorporated,Castledare Retirement Village,WA,Not for Profit,Medium,4.0,-0.5505548440246754,0.0435760823187199,-0.5941309263433953,Potentially over-rated,False,2.0,5.0,False,False,True,False,False,False
Aegis Greenfields | Aegis Aged Care Group Pty Ltd,Aegis Greenfields,WA,Private for Profit,Large,4.0,-0.5391257263117569,0.0435760823187199,-0.5827018086304768,Potentially over-rated,False,1.0,5.0,False,False,True,False,False,False
Brightwater Oxford Gardens | Brightwater Care Group Limited,Brightwater Oxford Gardens,WA,Not for Profit,Medium,3.0,-0.40819429988431405,-0.1719882124381784,-0.23620608744613564,Aligned,False,2.0,5.0,True,False,True,False,False,False
Brightwater The Oaks | Brightwater Care Group Limited,Brightwater The Oaks,WA,Not for Profit,Medium,4.0,0.06991491111082032,0.0435760823187199,0.02633882879210042,Aligned,False,3.0,5.0,False,False,False,False,False,False
MercyCare Joondalup | Mercy Human Services Limited,MercyCare Joondalup,WA,Not for Profit,Large,4.0,-0.10627352433476145,0.0435760823187199,-0.14984960665348135,Aligned,False,3.0,5.0,False,True,False,False,False,False
Juniper Ella Williams | Uniting Church Homes,Juniper Ella Williams,WA,Not for Profit,Medium,3.0,-0.6585855630041797,-0.1719882124381784,-0.4865973505660013,Potentially over-rated,False,1.0,5.0,False,True,True,False,False,False
Margaret Hubery House | Southern Cross Care (WA) Inc,Margaret Hubery House,WA,Not for Profit,Medium,4.0,-0.07504463114106359,0.0435760823187199,-0.11862071345978349,Aligned,False,3.0,5.0,False,False,False,False,False,False
Aegis The Pines | Aegis Aged Care Group Pty Ltd,Aegis The Pines,WA,Private for Profit,Medium,4.0,-0.504842958926141,0.0435760823187199,-0.5484190412448608,Potentially over-rated,False,1.0,5.0,False,True,True,False,False,False
MercyCare Kelmscott | Mercy Human Services Limited,MercyCare Kelmscott,WA,Not for Profit,Small,4.0,-0.44094606896389377,0.0435760823187199,-0.48452215128261367,Potentially over-rated,False,3.0,4.0,False,False,False,False,False,False
Regis Bunbury | Regis Aged Care Pty Ltd,Regis Bunbury,WA,Private for Profit,Medium,3.0,-0.11696553598573432,-0.1719882124381784,0.05502267645244409,Aligned,False,2.0,4.0,False,False,True,False,False,False
Ocean Star Aged Care | Catholic Homes Incorporated,Ocean Star Aged Care,WA,Not for Profit,Small,3.0,-0.2414572617911904,-0.1719882124381784,-0.06946904935301199,Aligned,False,2.0,5.0,False,False,True,False,False,False
Howard Solomon Residential Care | Grand Lodge of Western Australian Freemasons Homes for the Aged Inc,Howard Solomon Residential Care,WA,Not for Profit,Medium,4.0,0.08160455070359399,0.0435760823187199,0.03802846838487409,Aligned,False,3.0,5.0,True,False,False,False,False,False
Aegis Lakeside | Lakeside Hostel Pty Ltd,Aegis Lakeside,WA,Private for Profit,Small,4.0,-0.8779570926578665,0.0435760823187199,-0.9215331749765864,Potentially over-rated,False,1.0,5.0,False,True,True,False,False,False
Juniper Sarah Hardey | Uniting Church Homes,Juniper Sarah Hardey,WA,Not for Profit,Medium,3.0,-0.6366622589431757,-0.1719882124381784,-0.46467404650499733,Potentially over-rated,False,2.0,5.0,False,False,True,False,False,False
Brightwater Onslow Gardens | Brightwater Care Group Limited,Brightwater Onslow Gardens,WA,Not for Profit,Medium,4.0,0.5347684983149567,0.0435760823187199,0.49119241599623675,Potentially under-rated,False,5.0,5.0,False,False,False,False,False,False
Aegis Alfred Carson | Aegis Aged Care Group Pty Ltd,Aegis Alfred Carson,WA,Private for Profit,Medium,4.0,0.11339462783122611,0.0435760823187199,0.06981854551250621,Aligned,False,3.0,5.0,False,True,False,False,False,False
Brightwater The Village | Brightwater Care Group Limited,Brightwater The Village,WA,Not for Profit,Small,4.0,-0.8120003561154735,0.0435760823187199,-0.8555764384341934,Potentially over-rated,False,2.0,5.0,False,False,True,False,False,False
Kalkarni Residency | BaptistCare,Kalkarni Residency,WA,Not for Profit,Small,3.0,0.33470670838781763,-0.1719882124381784,0.5066949208259961,Potentially under-rated,False,3.0,4.0,False,False,False,False,False,False
Juniper Numbala Nunga | Uniting Church Homes,Juniper Numbala Nunga,WA,Not for Profit,Small,4.0,0.3166564078984165,0.0435760823187199,0.2730803255796966,Aligned,False,3.0,5.0,False,True,False,False,False,False
Aegis Hilton Park | Aegis Aged Care Group Pty Ltd,Aegis Hilton Park,WA,Private for Profit,Large,4.0,-0.24938990466075273,0.0435760823187199,-0.2929659869794726,Aligned,False,1.0,5.0,False,False,True,False,False,False
Aegis Sandstrom | Aegis Aged Care Group Pty Ltd,Aegis Sandstrom,WA,Private for Profit,Small,4.0,0.08970258758571369,0.0435760823187199,0.046126505266993786,Aligned,False,3.0,5.0,False,False,False,False,False,False
Aegis St Michael's | Aegis Aged Care Group Pty Ltd,Aegis St Michael's,WA,Private for Profit,Medium,3.0,-0.5871562167865693,-0.1719882124381784,-0.41516800434839085,Aligned,False,2.0,5.0,False,False,True,False,False,False
Regis Embleton | Regis Aged Care Pty Ltd,Regis Embleton,WA,Private for Profit,Medium,3.0,0.07328814895434745,-0.1719882124381784,0.24527636139252584,Aligned,False,3.0,5.0,False,True,False,False,False,False
Little Sisters of the Poor Glendalough Home | Little Sisters of the Poor Aged Care Ltd,Little Sisters of the Poor Glendalough Home,WA,Not for Profit,Small,4.0,0.06309992596019419,0.0435760823187199,0.01952384364147429,Aligned,False,5.0,5.0,False,False,False,False,False,False
Hamersley Nursing Home | Fresh Fields Management (NSW) Pty Ltd,Hamersley Nursing Home,WA,Private for Profit,Medium,3.0,0.05434251364778714,-0.1719882124381784,0.22633072608596555,Aligned,False,3.0,5.0,True,True,False,False,False,False
"David, Gita and Michael Hoffman Nursing Home | Maurice Zeffert Home (Inc)","David, Gita and Michael Hoffman Nursing Home",WA,Not for Profit,Medium,4.0,0.056356247164317835,0.0435760823187199,0.012780164845597936,Aligned,False,3.0,5.0,True,False,False,False,False,False
Alice Ross-King Care Centre | Air Force Association WA Limited,Alice Ross-King Care Centre,WA,Not for Profit,Medium,4.0,0.3765602811706763,0.0435760823187199,0.3329841988519564,Aligned,False,3.0,5.0,False,False,False,False,False,False
St Luke's Nursing Home | Fresh Fields Aged Care Pty Ltd,St Luke's Nursing Home,WA,Private for Profit,Small,4.0,1.2226705880676245,0.0435760823187199,1.1790945057489046,Potentially under-rated,False,5.0,5.0,False,False,False,False,False,False
St Ritas Nursing Home | Casson Homes Incorporated,St Ritas Nursing Home,WA,Not for Profit,Small,3.0,0.4017006157551277,-0.1719882124381784,0.5736888281933061,Potentially under-rated,False,4.0,4.0,False,False,False,True,False,False
St Vincent's Aged Care | Catholic Homes Incorporated,St Vincent's Aged Care,WA,Not for Profit,Medium,4.0,-0.3683443690462677,0.0435760823187199,-0.4119204513649876,Aligned,False,3.0,5.0,False,False,False,False,False,False
Regis Greenmount | Regis Aged Care Pty Ltd,Regis Greenmount,WA,Private for Profit,Large,3.0,-0.37688675282840794,-0.1719882124381784,-0.20489854039022953,Aligned,False,2.0,5.0,False,True,True,False,False,False
Leighton Nursing Home | Fresh Fields Aged Care Pty Ltd,Leighton Nursing Home,WA,Private for Profit,Medium,3.0,-0.07479829441993281,-0.1719882124381784,0.0971899180182456,Aligned,False,3.0,5.0,False,True,False,False,False,False
Residency by Dillons Mt Lawley | Atlanta Investments Pty Ltd & Kamina Investments Pty Ltd,Residency by Dillons Mt Lawley,WA,Private for Profit,Small,4.0,-0.07833071114995101,0.0435760823187199,-0.12190679346867091,Aligned,False,3.0,5.0,False,False,False,False,False,False
Tuohy Nursing Home | Fresh Fields Aged Care Pty Ltd,Tuohy Nursing Home,WA,Private for Profit,Small,4.0,0.28962192817594556,0.0435760823187199,0.24604584585722566,Aligned,False,4.0,5.0,True,True,False,False,False,False
Nazareth House Geraldton | Nazareth Care,Nazareth House Geraldton,WA,Not for Profit,Large,4.0,0.3987602346613326,0.0435760823187199,0.3551841523426127,Aligned,False,4.0,5.0,False,True,False,False,False,False
Juniper Annesley | Uniting Church Homes,Juniper Annesley,WA,Not for Profit,Medium,3.0,-0.21751134032819405,-0.1719882124381784,-0.04552312789001564,Aligned,False,3.0,4.0,False,False,False,False,False,False
Residency by Dillons Fremantle | Jacqueline Elizabeth Dillon Business Pty Ltd,Residency by Dillons Fremantle,WA,Private for Profit,Small,4.0,0.7438050076572612,0.0435760823187199,0.7002289253385413,Potentially under-rated,False,5.0,5.0,False,False,False,False,False,False
Rockingham Nursing Home | Fresh Fields Management (NSW) Pty Ltd,Rockingham Nursing Home,WA,Private for Profit,Small,4.0,-0.18802437837264144,0.0435760823187199,-0.23160046069136134,Aligned,False,2.0,5.0,False,False,False,False,False,False
Windsor Park Aged Care | Fresh Fields Aged Care Pty Ltd,Windsor Park Aged Care,WA,Private for Profit,Medium,3.0,-0.34967736551522854,-0.1719882124381784,-0.17768915307705013,Aligned,False,2.0,5.0,False,True,False,False,False,False
SwanCare Kingia/Tandara | SwanCare Group Inc,SwanCare Kingia/Tandara,WA,Not for Profit,Large,3.0,-0.06028232123313163,-0.1719882124381784,0.11170589120504679,Aligned,False,3.0,5.0,False,False,False,False,False,False
Mosman Park Nursing Home | Fresh Fields Aged Care Pty Ltd,Mosman Park Nursing Home,WA,Private for Profit,Small,4.0,0.5475453483386103,0.0435760823187199,0.5039692660198904,Potentially under-rated,False,5.0,5.0,False,False,False,False,False,False
Freshwater Bay Nursing Home | Fresh Fields Aged Care Pty Ltd,Freshwater Bay Nursing Home,WA,Private for Profit,Small,3.0,0.19637841998544317,-0.1719882124381784,0.36836663242362155,Aligned,False,3.0,4.0,False,False,False,False,False,False
Adventist Residential Care | Seventh-Day Adventist Care (Western Australia) Ltd,Adventist Residential Care,WA,Not for Profit,Small,4.0,0.5252831564316461,0.0435760823187199,0.48170707411292624,Potentially under-rated,False,4.0,4.0,True,False,False,False,False,False
Bethanie Elanora Villas Nursing Home | THE BETHANIE GROUP INC,Bethanie Elanora Villas Nursing Home,WA,Not for Profit,Medium,4.0,0.42357685103346016,0.0435760823187199,0.38000076871474026,Aligned,False,4.0,4.0,False,False,False,False,False,False
Belmont Community Nursing Home | Fresh Fields Aged Care Pty Ltd,Belmont Community Nursing Home,WA,Private for Profit,Small,3.0,-0.2889122467014787,-0.1719882124381784,-0.11692403426330028,Aligned,False,3.0,5.0,False,False,False,False,False,False
Carmel Roshana Care | Burswood Care Pty Ltd,Carmel Roshana Care,WA,Private for Profit,Large,4.0,-0.276719482302257,0.0435760823187199,-0.3202955646209769,Aligned,False,2.0,5.0,False,False,True,False,False,False
Aegis Bassendean | Aegis Aged Care Group Pty Ltd,Aegis Bassendean,WA,Private for Profit,Medium,4.0,-0.03619811548515799,0.0435760823187199,-0.0797741978038779,Aligned,False,3.0,5.0,True,True,False,False,False,False
Craigcare Maylands | Glenn-Craig Villages Pty Ltd,Craigcare Maylands,WA,Private for Profit,Small,4.0,-0.09361318422701224,0.0435760823187199,-0.13718926654573216,Aligned,False,3.0,5.0,False,False,False,False,False,False
Mercy Place Lathlain | Mercy Aged and Community Care Ltd,Mercy Place Lathlain,WA,Not for Profit,Small,4.0,-0.12316565908089157,0.0435760823187199,-0.16674174139961145,Aligned,False,4.0,5.0,False,False,False,False,False,False
Regis Como | Regis Aged Care Pty Ltd,Regis Como,WA,Private for Profit,Medium,4.0,0.10412371896655774,0.0435760823187199,0.06054763664783784,Aligned,False,3.0,5.0,False,False,False,False,False,False
Koh-I-Noor Contemporary Care | ALINEA INC.,Koh-I-Noor Contemporary Care,WA,Not for Profit,Medium,4.0,-0.18775011909777048,0.0435760823187199,-0.23132620141649038,Aligned,False,2.0,5.0,False,False,True,False,False,False
Aegis Balmoral | Balmoral Aged Care Group Pty Ltd,Aegis Balmoral,WA,Private for Profit,Large,3.0,-0.26521377481179637,-0.1719882124381784,-0.09322556237361795,Aligned,False,2.0,5.0,False,False,True,False,False,False
Midland Nursing Home | Labouchere Investments Pty Ltd,Midland Nursing Home,WA,Private for Profit,Medium,3.0,-2.6063613796134306,-0.1719882124381784,-2.434373167175252,Potentially over-rated,True,2.0,3.0,False,False,True,False,False,False
Aegis Carrington | Carrington Aged Care Facility Pty Ltd,Aegis Carrington,WA,Private for Profit,Large,4.0,-0.11908253919317695,0.0435760823187199,-0.16265862151189686,Aligned,False,2.0,5.0,False,False,True,False,False,False
Aegis Melville | Balmoral Aged Care Group Pty Ltd,Aegis Melville,WA,Private for Profit,Medium,4.0,-0.06771160807723141,0.0435760823187199,-0.11128769039595131,Aligned,False,3.0,5.0,False,True,False,False,False,False
Concorde Nursing Home | Fresh Fields Aged Care Pty Ltd,Concorde Nursing Home,WA,Private for Profit,Medium,3.0,-0.2695878155863631,-0.1719882124381784,-0.09759960314818467,Aligned,False,3.0,5.0,False,False,False,False,False,False
Juniper Chrystal Halliday | Uniting Church Homes,Juniper Chrystal Halliday,WA,Not for Profit,Large,3.0,-0.6839705465075204,-0.1719882124381784,-0.511982334069342,Potentially over-rated,False,1.0,5.0,False,True,True,False,False,False
MercyCare Wembley Catherine McAuley | Mercy Community Services Limited,MercyCare Wembley Catherine McAuley,WA,Not for Profit,Large,4.0,0.1215679217354843,0.0435760823187199,0.0779918394167644,Aligned,False,3.0,5.0,False,False,False,False,False,False
Residency by Dillons Narrogin | Jacqueline Elizabeth Dillon Business Pty Ltd,Residency by Dillons Narrogin,WA,Private for Profit,Small,4.0,0.08481216956778581,0.0435760823187199,0.04123608724906591,Aligned,False,5.0,5.0,False,True,False,False,False,False
Craigcare Albany | Glenn-Craig Villages Pty Ltd,Craigcare Albany,WA,Private for Profit,Small,3.0,-0.9990144419242405,-0.1719882124381784,-0.8270262294860621,Potentially over-rated,False,2.0,5.0,False,False,True,False,False,False
Mercy Place Mandurah | Mercy Aged and Community Care Ltd,Mercy Place Mandurah,WA,Not for Profit,Medium,3.0,0.10442243881551666,-0.1719882124381784,0.27641065125369507,Aligned,False,3.0,4.0,False,False,False,False,False,False
Aegis Banksia Park | Aegis Aged Care Group Pty Ltd,Aegis Banksia Park,WA,Private for Profit,Large,3.0,-0.7131148083458169,-0.1719882124381784,-0.5411265959076385,Potentially over-rated,False,1.0,5.0,False,False,True,False,False,False
McDougall Park Nursing Home | Fresh Fields Aged Care Pty Ltd,McDougall Park Nursing Home,WA,Private for Profit,Small,4.0,0.22330916927086478,0.0435760823187199,0.17973308695214488,Aligned,False,3.0,5.0,False,True,False,False,False,False
Amana Living Lady McCusker Home | Amana Living Incorporated,Amana Living Lady McCusker Home,WA,Not for Profit,Small,4.0,0.07347337277518882,0.0435760823187199,0.029897290456468925,Aligned,False,2.0,5.0,False,False,True,False,False,False
Amaroo Village McMahon Caring Centre | Amaroo Care Services Inc,Amaroo Village McMahon Caring Centre,WA,Not for Profit,Medium,3.0,-0.19638478660307215,-0.1719882124381784,-0.024396574164893742,Aligned,False,2.0,4.0,False,False,True,False,False,False
Juniper The Residency | Uniting Church Homes,Juniper The Residency,WA,Not for Profit,Small,4.0,-0.6835265683271473,0.0435760823187199,-0.7271026506458672,Potentially over-rated,False,1.0,5.0,False,False,True,False,False,False
Agmaroy Nursing Home | Fresh Fields Aged Care Pty Ltd,Agmaroy Nursing Home,WA,Private for Profit,Small,3.0,-0.16656755043205285,-0.1719882124381784,0.005420662006125565,Aligned,False,3.0,5.0,False,True,False,False,False,False
Baptistcare Gracehaven | BaptistCare,Baptistcare Gracehaven,WA,Not for Profit,Medium,4.0,0.16009519834424243,0.0435760823187199,0.11651911602552253,Aligned,False,3.0,4.0,False,False,False,False,False,False
Kensington Park Nursing Home | Fresh Fields Aged Care Pty Ltd,Kensington Park Nursing Home,WA,Private for Profit,Small,4.0,0.5318980608805276,0.0435760823187199,0.4883219785618077,Potentially under-rated,False,4.0,5.0,False,True,False,False,False,False
Wanneroo Community Nursing Home | Shire of Wanneroo Aged Persons Homes Trust Inc,Wanneroo Community Nursing Home,WA,Not for Profit,Small,4.0,-0.35537293177785995,0.0435760823187199,-0.39894901409657985,Aligned,False,3.0,5.0,False,True,False,False,False,False
Uniting AgeWell Aldersgate | Uniting Agewell Limited,Uniting AgeWell Aldersgate,TAS,Not for Profit,Small,4.0,0.6561569774754692,0.0435760823187199,0.6125808951567493,Potentially under-rated,False,5.0,5.0,False,False,False,False,False,False
Huon Eldercare | Huon Regional Care,Huon Eldercare,TAS,Not for Profit,Medium,4.0,-0.17456015788149892,0.0435760823187199,-0.21813624020021882,Aligned,False,3.0,5.0,False,False,False,False,False,False
Emmerton Park Aged Care Facility | Emmerton Park Inc,Emmerton Park Aged Care Facility,TAS,Not for Profit,Medium,4.0,0.747596905676307,0.0435760823187199,0.7040208233575871,Potentially under-rated,False,4.0,4.0,False,False,False,True,False,False
Baptcare Karingal Community Care | Baptcare Ltd,Baptcare Karingal Community Care,TAS,Not for Profit,Large,4.0,0.3549493508989087,0.0435760823187199,0.3113732685801888,Aligned,False,4.0,5.0,False,False,False,True,False,False
Uniting AgeWell Lillian Martin | Uniting Agewell Limited,Uniting AgeWell Lillian Martin,TAS,Not for Profit,Medium,4.0,0.27671176979779427,0.0435760823187199,0.23313568747907437,Aligned,False,3.0,5.0,False,True,False,False,False,False
Mary Ogilvy Home | The Mary Ogilvy Homes Society,Mary Ogilvy Home,TAS,Not for Profit,Medium,4.0,0.04072684833816655,0.0435760823187199,-0.0028492339805533465,Aligned,False,3.0,5.0,False,False,False,False,False,False
Mount Esk Aged Care | Southern Cross Care (Tas) Inc,Mount Esk Aged Care,TAS,Not for Profit,Medium,4.0,0.40593324008139947,0.0435760823187199,0.36235715776267957,Aligned,False,4.0,5.0,False,False,False,False,False,False
Corumbene Hostel | Corumbene Nursing Home for the Aged Inc,Corumbene Hostel,TAS,Not for Profit,Medium,4.0,0.4903000337749653,0.0435760823187199,0.4467239514562454,Aligned,False,5.0,5.0,False,False,False,True,False,False
Hawthorn Village | Christian Homes Tasmania Inc,Hawthorn Village,TAS,Not for Profit,Small,5.0,0.12418564826856983,0.2591403770756181,-0.13495472880704829,Aligned,False,4.0,5.0,False,False,False,False,False,False
Kanangra Hostel | Aged Care Deloraine Inc,Kanangra Hostel,TAS,Not for Profit,Small,4.0,-0.6531506903659758,0.0435760823187199,-0.6967267726846957,Potentially over-rated,False,3.0,5.0,False,False,False,False,False,False
Yaraandoo Hostel | Southern Cross Care (Tas) Inc,Yaraandoo Hostel,TAS,Not for Profit,Medium,4.0,0.6018036487197808,0.0435760823187199,0.5582275664010609,Potentially under-rated,False,5.0,4.0,False,False,False,False,False,False
May Shaw Residential Aged Care | CELEBRATE HEALTH CARE,May Shaw Residential Aged Care,TAS,Not for Profit,Small,4.0,0.2979932916111248,0.0435760823187199,0.2544172092924049,Aligned,False,5.0,4.0,False,False,False,False,False,False
Coroneagh Park | Respect Group Limited,Coroneagh Park,TAS,Not for Profit,Medium,3.0,-0.9075146631423611,-0.1719882124381784,-0.7355264507041827,Potentially over-rated,False,2.0,5.0,False,True,False,False,False,False
West Coast District Hospital - Lyell House | Tasmanian Health Service,West Coast District Hospital - Lyell House,TAS,Government,Small,5.0,0.38176225086975407,0.2591403770756181,0.12262187379413597,Aligned,False,5.0,5.0,False,False,False,False,False,False
Uniting AgeWell Ningana | Uniting Agewell Limited,Uniting AgeWell Ningana,TAS,Not for Profit,Medium,4.0,0.6082855598331011,0.0435760823187199,0.5647094775143812,Potentially under-rated,False,4.0,5.0,False,False,False,False,False,False
Cadorna House | The Trustee for Cormiston Village Unit Trust,Cadorna House,TAS,Private for Profit,Small,5.0,0.5509349317566443,0.2591403770756181,0.2917945546810262,Aligned,False,5.0,5.0,False,False,False,False,False,False
Rivulet | Southern Cross Care (Tas) Inc,Rivulet,TAS,Not for Profit,Medium,4.0,0.08420072886315218,0.0435760823187199,0.04062464654443228,Aligned,False,3.0,5.0,False,False,False,False,False,False
Regis Tasmania - Legana | Regis Aged Care Pty Ltd,Regis Tasmania - Legana,TAS,Private for Profit,Large,4.0,0.19752693532395113,0.0435760823187199,0.15395085300523123,Aligned,False,3.0,5.0,False,False,False,False,False,False
Sandown Apartments | Southern Cross Care (Tas) Inc,Sandown Apartments,TAS,Not for Profit,Medium,4.0,0.2627037233966811,0.0435760823187199,0.21912764107796118,Aligned,False,3.0,5.0,False,False,False,False,False,False
Tyler Village | Respect Group Limited,Tyler Village,TAS,Not for Profit,Medium,4.0,-0.02168975073314074,0.0435760823187199,-0.06526583305186064,Aligned,False,3.0,5.0,False,False,False,False,False,False
Regis Tasmania - Norwood | Regis Aged Care Pty Ltd,Regis Tasmania - Norwood,TAS,Private for Profit,Medium,4.0,-0.24415106381433196,0.0435760823187199,-0.28772714613305184,Aligned,False,3.0,5.0,False,False,False,False,False,False
Uniting AgeWell Aldersgate Village | Uniting Agewell Limited,Uniting AgeWell Aldersgate Village,TAS,Not for Profit,Medium,4.0,0.4674037450982513,0.0435760823187199,0.4238276627795314,Aligned,False,4.0,5.0,False,False,False,False,False,False
Uniting AgeWell Strathdevon | Uniting Agewell Limited,Uniting AgeWell Strathdevon,TAS,Not for Profit,Medium,4.0,0.022120302607835273,0.0435760823187199,-0.021455779710884627,Aligned,False,4.0,5.0,False,False,False,False,False,False
Toosey Aged and Community Care | Toosey,Toosey Aged and Community Care,TAS,Not for Profit,Small,4.0,0.02303557310137296,0.0435760823187199,-0.02054050921734694,Aligned,False,3.0,5.0,False,False,False,False,False,False
May Shaw Aminya | CELEBRATE HEALTH CARE,May Shaw Aminya,TAS,Not for Profit,Small,4.0,0.027137664851815495,0.0435760823187199,-0.016438417466904404,Aligned,False,3.0,5.0,False,False,False,False,False,False
Rosary Gardens | Southern Cross Care (Tas) Inc,Rosary Gardens,TAS,Not for Profit,Small,4.0,0.10815725657638424,0.0435760823187199,0.06458117425766434,Aligned,False,3.0,5.0,False,False,False,False,False,False
Wynyard Care Centre | IBIS (No 3) Pty Ltd,Wynyard Care Centre,TAS,Private for Profit,Small,4.0,0.7574464738591509,0.0435760823187199,0.713870391540431,Potentially under-rated,False,5.0,5.0,False,False,False,False,False,False
Uniting AgeWell Strathglen | Uniting Agewell Limited,Uniting AgeWell Strathglen,TAS,Not for Profit,Small,4.0,-0.4503401433634672,0.0435760823187199,-0.4939162256821871,Potentially over-rated,False,3.0,5.0,False,True,False,False,False,False
Uniting AgeWell Strathaven | Uniting Agewell Limited,Uniting AgeWell Strathaven,TAS,Not for Profit,Large,4.0,0.23243122762822066,0.0435760823187199,0.18885514530950076,Aligned,False,4.0,5.0,False,False,False,False,False,False
Fred French | Respect Group Limited,Fred French,TAS,Not for Profit,Medium,3.0,-0.2623666784655673,-0.1719882124381784,-0.09037846602738892,Aligned,False,2.0,4.0,False,False,False,False,False,False
The Manor Nursing Home | OneCare Limited,The Manor Nursing Home,TAS,Not for Profit,Medium,3.0,0.39605169760067976,-0.1719882124381784,0.5680399100388582,Potentially under-rated,False,3.0,5.0,False,False,False,False,False,True
Eliza Purton | Respect Group Limited,Eliza Purton,TAS,Not for Profit,Medium,3.0,0.05561076805974371,-0.1719882124381784,0.22759898049792213,Aligned,False,3.0,5.0,False,False,False,False,False,False
Meercroft Care | Meercroft Care Inc,Meercroft Care,TAS,Not for Profit,Large,4.0,0.09730870135080803,0.0435760823187199,0.05373261903208813,Aligned,False,3.0,4.0,False,False,False,False,False,False
The Gardens | Menarock Aged Care Services (Victoria) Pty Ltd,The Gardens,TAS,Private for Profit,Small,4.0,0.6494920009459381,0.0435760823187199,0.6059159186272182,Potentially under-rated,False,5.0,5.0,False,True,False,False,False,False
Mt St Vincent | Respect Group Limited,Mt St Vincent,TAS,Not for Profit,Medium,4.0,-0.8037750985266872,0.0435760823187199,-0.8473511808454071,Potentially over-rated,False,2.0,5.0,False,False,False,False,False,False
Grenoch Home | Aged Care Deloraine Inc,Grenoch Home,TAS,Not for Profit,Small,4.0,-0.5100095652195251,0.0435760823187199,-0.553585647538245,Potentially over-rated,False,3.0,5.0,False,False,False,False,False,False
Ainslie Low Head | Southern Cross Care (Tas) Inc,Ainslie Low Head,TAS,Not for Profit,Small,5.0,0.07054159868774555,0.2591403770756181,-0.18859877838787253,Aligned,False,4.0,5.0,False,False,False,False,False,False
Umina Park Home For The Aged | OneCare Limited,Umina Park Home For The Aged,TAS,Not for Profit,Large,5.0,0.2838597806177426,0.2591403770756181,0.024719403542124485,Aligned,False,4.0,5.0,False,False,False,False,False,False
Guilford Young Grove | Southern Cross Care (Tas) Inc,Guilford Young Grove,TAS,Not for Profit,Small,4.0,0.2297080940492273,0.0435760823187199,0.1861320117305074,Aligned,False,3.0,5.0,False,True,False,False,False,False
Medea Park Nursing Home | Medea Park Association Incorporated,Medea Park Nursing Home,TAS,Not for Profit,Small,3.0,-0.33227173782085234,-0.1719882124381784,-0.16028352538267393,Aligned,False,3.0,5.0,False,False,False,False,False,False
Tandara Lodge | Tandara Lodge Community Care Inc,Tandara Lodge,TAS,Not for Profit,Small,4.0,0.7241167802257479,0.0435760823187199,0.680540697907028,Potentially under-rated,False,5.0,5.0,False,False,False,False,False,False
Melaleuca Home For The Aged | Melaleuca Home for the Aged Inc,Melaleuca Home For The Aged,TAS,Not for Profit,Small,4.0,-0.3375442508095947,0.0435760823187199,-0.3811203331283146,Aligned,False,3.0,4.0,False,False,False,False,False,False
Peacehaven | Respect Group Limited,Peacehaven,TAS,Not for Profit,Large,3.0,0.12280815228528452,-0.1719882124381784,0.29479636472346293,Aligned,False,3.0,4.0,False,False,False,False,False,False
Bishop Davies Court | OneCare Limited,Bishop Davies Court,TAS,Not for Profit,Medium,4.0,0.9310919640281439,0.0435760823187199,0.887515881709424,Potentially under-rated,False,5.0,5.0,False,False,False,False,False,False
Regis Tasmania - Eastern Shore | Regis Aged Care Pty Ltd,Regis Tasmania - Eastern Shore,TAS,Private for Profit,Medium,4.0,-0.4922047729049792,0.0435760823187199,-0.5357808552236991,Potentially over-rated,False,2.0,5.0,False,False,True,False,False,False
Midlands Multipurpose Health Centre | Tasmanian Health Service,Midlands Multipurpose Health Centre,TAS,Government,Small,5.0,0.44338336346397883,0.2591403770756181,0.18424298638836073,Aligned,False,5.0,5.0,False,False,False,False,False,False
King Island Multipurpose Centre | Tasmanian Health Service,King Island Multipurpose Centre,TAS,Government,Small,4.0,-0.3468615673176593,0.0435760823187199,-0.3904376496363792,Aligned,False,1.0,5.0,False,False,True,False,False,False
ESPERANCE MULTIPURPOSE HEALTH CENTRE | Huon Regional Care,ESPERANCE MULTIPURPOSE HEALTH CENTRE,TAS,Not for Profit,Small,5.0,0.41850802173427537,0.2591403770756181,0.15936764465865727,Aligned,False,4.0,5.0,False,False,False,False,False,False
Flinders Island Multipurpose Centre | Tasmanian Health Service,Flinders Island Multipurpose Centre,TAS,Government,Small,5.0,0.5178060371526931,0.2591403770756181,0.25866566007707503,Aligned,False,4.0,5.0,False,False,False,False,False,False
Coffs Haven Residential Care Service | The Churches of Christ Property Trust,Coffs Haven Residential Care Service,NSW,Not for Profit,Medium,4.0,0.007468128631110608,0.0435760823187199,-0.036107953687609294,Aligned,False,3.0,5.0,False,False,False,False,False,False
Anam Cara | Wesley Mission Queensland Limited,Anam Cara,QLD,Not for Profit,Large,3.0,-0.6106718862708252,-0.1719882124381784,-0.43868367383264684,Aligned,False,1.0,4.0,False,False,True,False,False,False
Regis Salisbury | Regis Group Pty Ltd,Regis Salisbury,QLD,Private for Profit,Large,3.0,0.4643502211979768,-0.1719882124381784,0.6363384336361553,Potentially under-rated,False,3.0,5.0,False,True,False,False,False,True
Uniting Kari Court St Ives | The Uniting Church in Australia Property Trust (NSW),Uniting Kari Court St Ives,NSW,Not for Profit,Small,4.0,-0.5223729029019433,0.0435760823187199,-0.5659489852206632,Potentially over-rated,False,3.0,5.0,False,False,False,False,False,False
Catholic Healthcare Villa Maria Centre | Catholic Healthcare Limited,Catholic Healthcare Villa Maria Centre,NSW,Not for Profit,Medium,4.0,0.4929670287181809,0.0435760823187199,0.449390946399461,Aligned,False,4.0,5.0,False,False,False,False,False,False
IRT Crown Gardens | Illawarra Retirement Trust,IRT Crown Gardens,NSW,Not for Profit,Small,4.0,0.5371559709127401,0.0435760823187199,0.49357988859402024,Potentially under-rated,False,5.0,5.0,False,False,False,False,False,False
Uniting Starrett Lodge Hamlyn Terrace | The Uniting Church in Australia Property Trust (NSW),Uniting Starrett Lodge Hamlyn Terrace,NSW,Not for Profit,Medium,4.0,0.36796958293580456,0.0435760823187199,0.32439350061708466,Aligned,False,3.0,5.0,False,False,False,False,False,False
Ozcare Malanda | Ozcare,Ozcare Malanda,QLD,Not for Profit,Medium,4.0,-0.21564813466139096,0.0435760823187199,-0.2592242169801109,Aligned,False,3.0,5.0,False,False,False,False,False,False
Bupa Caulfield | Bupa Aged Care Australia Pty Ltd,Bupa Caulfield,VIC,Private for Profit,Large,3.0,-0.3579860415822614,-0.1719882124381784,-0.18599782914408297,Aligned,False,3.0,5.0,False,False,False,False,False,False
Bolton Clarke Montclaire | RSL Care RDNS Limited,Bolton Clarke Montclaire,VIC,Not for Profit,Small,4.0,0.3975320285099575,0.0435760823187199,0.3539559461912376,Aligned,False,5.0,5.0,False,True,False,False,False,False
Edenfield Family Care - Yankalilla | El-Jasbella Ramsay Pty Ltd,Edenfield Family Care - Yankalilla,SA,Private for Profit,Small,4.0,0.6424539554542402,0.0435760823187199,0.5988778731355203,Potentially under-rated,False,5.0,4.0,False,False,False,False,False,False
Warrigal Care Queanbeyan | Warrigal Care Limited,Warrigal Care Queanbeyan,NSW,Not for Profit,Large,3.0,0.127079209562921,-0.1719882124381784,0.29906742200109937,Aligned,False,3.0,4.0,False,False,False,False,False,False
Bupa Mosman | Bupa Aged Care Australia Pty Ltd,Bupa Mosman,NSW,Private for Profit,Small,3.0,0.6567162553964999,-0.1719882124381784,0.8287044678346783,Potentially under-rated,False,4.0,5.0,False,True,False,True,False,False
Hugh Cunningham Gardens | RSL LifeCare Limited,Hugh Cunningham Gardens,NSW,Not for Profit,Small,5.0,0.19729484785920684,0.2591403770756181,-0.06184552921641126,Aligned,False,4.0,5.0,False,False,False,False,False,False
Keith and District Healthcare | Limestone Coast Local Health Network Incorporated,Keith and District Healthcare,SA,Government,Small,4.0,-0.3318492445903654,0.0435760823187199,-0.3754253269090853,Aligned,False,2.0,4.0,False,False,True,False,False,False
Thomas and Rosetta Agst Aged Care Facility | United Protestant Association of NSW Limited,Thomas and Rosetta Agst Aged Care Facility,NSW,Not for Profit,Small,4.0,-0.3618405442482722,0.0435760823187199,-0.4054166265669921,Aligned,False,2.0,5.0,False,False,True,False,False,False
St Vincent's Care Services Hawthorn | St Vincent's Care Services Ltd,St Vincent's Care Services Hawthorn,VIC,Not for Profit,Medium,4.0,0.5565946354952681,0.0435760823187199,0.5130185531765482,Potentially under-rated,False,4.0,5.0,False,False,False,False,False,False
UnitingSA Hawksbury Gardens Aged Care | UnitingSA Ltd,UnitingSA Hawksbury Gardens Aged Care,SA,Not for Profit,Medium,3.0,0.1802780889940229,-0.1719882124381784,0.3522663014322013,Aligned,False,3.0,5.0,False,False,False,False,False,False
Uniting Salamander Bay | The Uniting Church in Australia Property Trust (NSW),Uniting Salamander Bay,NSW,Not for Profit,Small,4.0,-0.46043483244087446,0.0435760823187199,-0.5040109147595944,Potentially over-rated,False,2.0,5.0,False,False,True,False,False,False
Bolton Clarke Villa Serena | RSL Care RDNS Limited,Bolton Clarke Villa Serena,QLD,Not for Profit,Medium,4.0,0.43675943682300816,0.0435760823187199,0.39318335450428826,Aligned,False,4.0,5.0,False,False,False,False,False,False
IRT Greenwell Gardens | Illawarra Retirement Trust,IRT Greenwell Gardens,NSW,Not for Profit,Medium,4.0,-0.23166320908544455,0.0435760823187199,-0.2752392914041645,Aligned,False,3.0,5.0,False,False,False,False,False,False
Frank Prendergast House | Southern Cross Care (WA) Inc,Frank Prendergast House,WA,Not for Profit,Medium,3.0,-0.1544942493092494,-0.1719882124381784,0.017493963128929008,Aligned,False,3.0,4.0,False,False,False,False,False,False
Clarence Estate Residential Health and Aged Care | Fresh Fields Aged Care Pty Ltd,Clarence Estate Residential Health and Aged Care,WA,Private for Profit,Medium,3.0,-0.43920078552656955,-0.1719882124381784,-0.26721257308839114,Aligned,False,3.0,4.0,False,False,False,False,False,False
Peninsula Palms Retirement Village | Peninsula Palms Aged and Community Services Limited,Peninsula Palms Retirement Village,QLD,Not for Profit,Small,5.0,0.9836038502927194,0.2591403770756181,0.7244634732171013,Potentially under-rated,False,5.0,5.0,False,False,False,False,False,False
Lutheran Homes Group Glynde | Lutheran Homes Group Incorporated,Lutheran Homes Group Glynde,SA,Not for Profit,Large,3.0,0.028886359243023907,-0.1719882124381784,0.20087457168120232,Aligned,False,3.0,5.0,True,False,False,False,False,False
Resthaven Craigmore | Resthaven Inc,Resthaven Craigmore,SA,Not for Profit,Medium,3.0,-0.38092027279709934,-0.1719882124381784,-0.20893206035892092,Aligned,False,2.0,5.0,False,True,True,False,False,False
Amana Living St George's Care Centre | Amana Living Incorporated,Amana Living St George's Care Centre,WA,Not for Profit,Medium,4.0,-0.11998298638595983,0.0435760823187199,-0.16355906870467973,Aligned,False,3.0,5.0,False,True,False,False,False,False
Bupa Merrimac | Bupa Aged Care Australia Pty Ltd,Bupa Merrimac,QLD,Private for Profit,Medium,3.0,-0.510846289607023,-0.1719882124381784,-0.33885807716884464,Aligned,False,1.0,5.0,False,False,False,False,False,False
Bupa Bendigo | Bupa Aged Care Australia Pty Ltd,Bupa Bendigo,VIC,Private for Profit,Large,3.0,-0.045525499054175404,-0.1719882124381784,0.126462713384003,Aligned,False,2.0,5.0,False,False,False,False,False,False
Bellevue Care Centre | Burswood Care Pty Ltd,Bellevue Care Centre,QLD,Private for Profit,Medium,4.0,-0.6645605847801022,0.0435760823187199,-0.7081366670988221,Potentially over-rated,False,1.0,5.0,False,False,True,False,False,False
Marco Polo Aged Care Facility | Illawarra Retirement Trust,Marco Polo Aged Care Facility,NSW,Not for Profit,Medium,4.0,-0.016643272495618755,0.0435760823187199,-0.060219354814338655,Aligned,False,3.0,4.0,False,False,False,False,False,False
Alexander Aged Care | Armenian Rest Home Association Ltd,Alexander Aged Care,NSW,Not for Profit,Medium,4.0,0.45149794964223317,0.0435760823187199,0.40792186732351327,Aligned,False,4.0,4.0,False,False,False,False,False,False
Glenview Community Services Inc. | Glenview Community Services Inc,Glenview Community Services Inc.,TAS,Not for Profit,Medium,4.0,-0.29023061120127086,0.0435760823187199,-0.33380669351999076,Aligned,False,3.0,5.0,False,False,False,False,False,False
Wellington Views | Respect Group Limited,Wellington Views,TAS,Not for Profit,Medium,3.0,0.12702217461965432,-0.1719882124381784,0.2990103870578327,Aligned,False,3.0,5.0,False,True,False,False,False,False
St Ann's | Respect Group Limited,St Ann's,TAS,Not for Profit,Large,4.0,0.24920578879726904,0.0435760823187199,0.20562970647854914,Aligned,False,4.0,5.0,False,False,False,True,False,False
Regis Cranbourne | Regis Aged Care Pty Ltd,Regis Cranbourne,VIC,Private for Profit,Large,3.0,0.0822822168700932,-0.1719882124381784,0.2542704293082716,Aligned,False,3.0,5.0,False,True,False,False,False,False
Southern Cross Care Kildare Residential Aged Care | Southern Cross Care (NSW & ACT) Limited,Southern Cross Care Kildare Residential Aged Care,NSW,Not for Profit,Small,4.0,0.1266929627282339,0.0435760823187199,0.08311688040951401,Aligned,False,4.0,5.0,False,False,False,False,False,False
Disability SA Northgate | Department of Human Services,Disability SA Northgate,SA,Government,Small,4.0,-1.516920446577264,0.0435760823187199,-1.560496528895984,Potentially over-rated,True,1.0,5.0,False,False,True,False,False,False
Bolton Clarke Raffles | RSL Care RDNS Limited,Bolton Clarke Raffles,NSW,Not for Profit,Medium,4.0,0.1297578546428518,0.0435760823187199,0.0861817723241319,Aligned,False,3.0,4.0,False,False,False,False,False,False
Regents Garden Residential Aged Care Resort - Lake Joondalup | Regents Garden Lake Joondalup Pty Ltd,Regents Garden Residential Aged Care Resort - Lake Joondalup,WA,Private for Profit,Medium,4.0,0.6455721014874151,0.0435760823187199,0.6019960191686952,Potentially under-rated,False,4.0,5.0,False,True,False,False,False,False
Mercy Place Myrtleford Lodge | Mercy Aged and Community Care Ltd,Mercy Place Myrtleford Lodge,VIC,Not for Profit,Medium,3.0,0.09990243832981664,-0.1719882124381784,0.27189065076799507,Aligned,False,3.0,4.0,False,False,False,False,False,False
Olivet Aged Persons Home | Christadelphian Welfare Association (Vic) Inc,Olivet Aged Persons Home,VIC,Not for Profit,Large,4.0,0.1333032990385208,0.0435760823187199,0.08972721671980091,Aligned,False,3.0,5.0,False,False,False,False,False,False
Baptcare - Hedley Sutton Community | Baptcare Ltd,Baptcare - Hedley Sutton Community,VIC,Not for Profit,Medium,3.0,0.32049891942755765,-0.1719882124381784,0.49248713186573606,Potentially under-rated,False,3.0,5.0,False,True,False,False,False,True
Baptcare - Karana Community | Baptcare Ltd,Baptcare - Karana Community,VIC,Not for Profit,Medium,3.0,0.07485044044130676,-0.1719882124381784,0.24683865287948517,Aligned,False,3.0,5.0,False,False,False,False,False,False
Derwent Views | Respect Group Limited,Derwent Views,TAS,Not for Profit,Large,3.0,0.610115929075604,-0.1719882124381784,0.7821041415137824,Potentially under-rated,False,5.0,4.0,False,False,False,True,False,True
AnglicareSA Westbourne Park | ANGLICARE SA LTD.,AnglicareSA Westbourne Park,SA,Not for Profit,Medium,3.0,-0.23729576470783423,-0.1719882124381784,-0.06530755226965582,Aligned,False,2.0,5.0,False,True,True,False,False,False
Bolton Clarke Little Para | RSL Care RDNS Limited,Bolton Clarke Little Para,SA,Not for Profit,Medium,3.0,-0.4940498986160964,-0.1719882124381784,-0.32206168617791797,Aligned,False,1.0,4.0,False,False,True,False,False,False
McNamara Lodge | Air Force Association WA Limited,McNamara Lodge,WA,Not for Profit,Medium,5.0,0.3542394101767106,0.2591403770756181,0.09509903310109252,Aligned,False,4.0,5.0,False,False,False,False,False,False
Tabulam & Templer Home for the Aged | Tabulam & Templer Homes for the Aged Inc,Tabulam & Templer Home for the Aged,VIC,Not for Profit,Large,4.0,-0.1429609823429385,0.0435760823187199,-0.1865370646616584,Aligned,False,3.0,5.0,False,False,False,False,False,False
Bolton Clarke Sutton Park | RSL Care RDNS Limited,Bolton Clarke Sutton Park,VIC,Not for Profit,Large,4.0,-0.006786468201653619,0.0435760823187199,-0.05036255052037352,Aligned,False,3.0,4.0,False,False,False,False,False,False
Lifeview The Willows | FARWELL NOMINEES PTY. LTD.,Lifeview The Willows,VIC,Private for Profit,Small,3.0,-0.7823445356691582,-0.1719882124381784,-0.6103563232309798,Potentially over-rated,False,2.0,5.0,False,False,True,False,False,False
Baptcare - Strathalan Community | Baptcare Ltd,Baptcare - Strathalan Community,VIC,Not for Profit,Large,4.0,0.27417993778815325,0.0435760823187199,0.23060385546943335,Aligned,False,4.0,5.0,False,False,False,False,False,False
Glengollan Village | Glengollan Village,Glengollan Village,VIC,Not for Profit,Medium,3.0,-0.7005419058189369,-0.1719882124381784,-0.5285536933807585,Potentially over-rated,False,1.0,5.0,False,False,False,False,False,False
Carinity Shalom | The Baptist Union of Queensland,Carinity Shalom,QLD,Not for Profit,Small,3.0,0.011020403011983593,-0.1719882124381784,0.183008615450162,Aligned,False,1.0,5.0,False,False,False,False,False,False
Uniting AgeWell Strathdon Community | Uniting Agewell Limited,Uniting AgeWell Strathdon Community,VIC,Not for Profit,Medium,4.0,0.4441555735610024,0.0435760823187199,0.4005794912422825,Aligned,False,4.0,5.0,False,True,False,False,False,False
Tocumwal Lions Community Hostel | Tocumwal Lions Community Hostel Limited,Tocumwal Lions Community Hostel,NSW,Not for Profit,Small,5.0,0.2977283769774162,0.2591403770756181,0.03858799990179812,Aligned,False,3.0,5.0,False,False,False,False,False,False
Lifeview Emerald Glades | FARWELL NOMINEES PTY. LTD.,Lifeview Emerald Glades,VIC,Private for Profit,Small,4.0,-0.011384945339621644,0.0435760823187199,-0.054961027658341544,Aligned,False,4.0,5.0,False,False,False,False,False,False
Costa House | Respect Group Limited,Costa House,VIC,Not for Profit,Medium,4.0,0.34828369177240925,0.0435760823187199,0.30470760945368935,Aligned,False,4.0,4.0,False,False,False,False,False,False
Jindera Gardens Hostel | United Protestant Association of NSW Limited,Jindera Gardens Hostel,NSW,Not for Profit,Small,4.0,-0.7157442446131378,0.0435760823187199,-0.7593203269318577,Potentially over-rated,False,3.0,5.0,False,False,False,False,False,False
Haddington Nursing Home | APOLLO CARE OPERATIONS PTY LIMITED,Haddington Nursing Home,NSW,Private for Profit,Medium,4.0,0.21487716297302276,0.0435760823187199,0.17130108065430286,Aligned,False,4.0,4.0,False,False,False,False,False,False
Bupa Dural | Bupa Aged Care Australia Pty Ltd,Bupa Dural,NSW,Private for Profit,Medium,3.0,-0.301759994564003,-0.1719882124381784,-0.12977178212582458,Aligned,False,2.0,5.0,False,False,True,False,False,False
Bupa Barrabool | Bupa Aged Care Australia Pty Ltd,Bupa Barrabool,VIC,Private for Profit,Small,4.0,0.2106447940681675,0.0435760823187199,0.1670687117494476,Aligned,False,4.0,5.0,False,False,False,False,False,False
Beechworth Health Service Residential Care Program | Beechworth Health Service,Beechworth Health Service Residential Care Program,VIC,Government,Small,4.0,-0.366756669243905,0.0435760823187199,-0.4103327515626249,Aligned,False,2.0,5.0,False,False,True,False,False,False
Edward Collick Home | Respect Group Limited,Edward Collick Home,WA,Not for Profit,Small,3.0,-0.8750469768241187,-0.1719882124381784,-0.7030587643859403,Potentially over-rated,False,2.0,4.0,False,False,True,False,False,False
501 Respite & Care Services | Nightbreeze Pty Ltd,501 Respite & Care Services,QLD,Private for Profit,Small,3.0,-0.566989848433168,-0.1719882124381784,-0.3950016359949896,Aligned,False,1.0,5.0,False,False,True,False,False,False
Buckland | The Buckland Convalescent Hospital,Buckland,NSW,Not for Profit,Large,4.0,0.24304601664663142,0.0435760823187199,0.19946993432791152,Aligned,False,3.0,5.0,False,False,False,False,False,False
Regis Tiwi | Regis Aged Care Pty Ltd,Regis Tiwi,NT,Private for Profit,Large,4.0,0.1531800982387402,0.0435760823187199,0.10960401592002031,Aligned,False,3.0,5.0,False,True,False,False,False,False
Snug Village | Christian Homes Tasmania Inc,Snug Village,TAS,Not for Profit,Medium,4.0,0.06470793490421334,0.0435760823187199,0.021131852585493438,Aligned,False,3.0,5.0,False,False,False,False,False,False
Regents Garden - Bateman | Regents Garden Group Pty Ltd,Regents Garden - Bateman,WA,Private for Profit,Large,4.0,0.5729282409530452,0.0435760823187199,0.5293521586343253,Potentially under-rated,False,5.0,5.0,False,False,False,False,False,False
Aegis Shawford | Aegis Aged Care Group Pty Ltd,Aegis Shawford,WA,Private for Profit,Medium,4.0,-0.7679701330436521,0.0435760823187199,-0.811546215362372,Potentially over-rated,False,3.0,5.0,False,False,False,False,False,False
Helping Hand Aged Care - Mawson Lakes Facility | Helping Hand Aged Care Inc,Helping Hand Aged Care - Mawson Lakes Facility,SA,Not for Profit,Medium,4.0,0.1031748996711338,0.0435760823187199,0.0595988173524139,Aligned,False,3.0,5.0,False,False,False,False,False,False
Bolton Clarke Lexington Gardens | RSL Care RDNS Limited,Bolton Clarke Lexington Gardens,VIC,Not for Profit,Medium,4.0,0.3351956523395008,0.0435760823187199,0.2916195700207809,Aligned,False,4.0,5.0,False,True,False,False,False,False
Rosewood Care West Perth | Rosewood Care Group (Inc),Rosewood Care West Perth,WA,Not for Profit,Large,3.0,-0.06966499993502208,-0.1719882124381784,0.10232321250315633,Aligned,False,2.0,5.0,False,False,True,False,False,False
Fronditha Clayton Aged Care | Fronditha Care,Fronditha Clayton Aged Care,VIC,Not for Profit,Large,3.0,-0.058562173536727324,-0.1719882124381784,0.11342603890145109,Aligned,False,2.0,5.0,False,True,True,False,False,False
Baptcare Amberlea Community | Baptcare Ltd,Baptcare Amberlea Community,VIC,Not for Profit,Medium,4.0,0.19702545217224768,0.0435760823187199,0.15344936985352778,Aligned,False,3.0,5.0,False,False,False,False,False,False
Estia Health Werribee | Estia Investments Pty Ltd,Estia Health Werribee,VIC,Private for Profit,Medium,4.0,0.255387733472061,0.0435760823187199,0.2118116511533411,Aligned,False,4.0,5.0,False,False,False,False,False,False
Estia Health Erina | Estia Investments Pty Ltd,Estia Health Erina,NSW,Private for Profit,Large,3.0,0.2699280911454735,-0.1719882124381784,0.4419163035836519,Aligned,False,3.0,4.0,False,False,False,False,False,False
Leeton Hospital | NSW State Government (NSW Ministry of Health),Leeton Hospital,NSW,Government,Small,4.0,-0.03201279698828219,0.0435760823187199,-0.07558887930700209,Aligned,False,3.0,5.0,False,False,False,False,False,False
Baptistcare William Carey Court | BaptistCare,Baptistcare William Carey Court,WA,Not for Profit,Medium,3.0,0.1699873470751981,-0.1719882124381784,0.34197555951337655,Aligned,False,3.0,4.0,False,False,False,False,False,False
Blue Hills Manor | BaptistCare,Blue Hills Manor,NSW,Not for Profit,Medium,4.0,0.5763327006356492,0.0435760823187199,0.5327566183169293,Potentially under-rated,False,4.0,5.0,False,False,False,False,False,False
Southern Cross Care Facility Caloundra | Southern Cross Care (QLD) Ltd,Southern Cross Care Facility Caloundra,QLD,Not for Profit,Large,4.0,0.07654816857793939,0.0435760823187199,0.03297208625921949,Aligned,False,4.0,5.0,False,False,False,False,False,False
Estia Health Plenty Valley | Estia Investments Pty Ltd,Estia Health Plenty Valley,VIC,Private for Profit,Medium,4.0,0.8239185962907994,0.0435760823187199,0.7803425139720795,Potentially under-rated,False,5.0,5.0,False,True,False,False,False,False
Fairlea Aged Care @ Harris Park | Trinity Aged Care Pty Ltd Trustee For N J Fung Family Trust,Fairlea Aged Care @ Harris Park,NSW,Private for Profit,Small,3.0,-0.2604741578921004,-0.1719882124381784,-0.08848594545392197,Aligned,False,3.0,5.0,False,False,False,False,False,False
Indochinese Aged Care Services | Indochinese Aged Care Limited,Indochinese Aged Care Services,NSW,Not for Profit,Medium,4.0,0.5395966765794454,0.0435760823187199,0.49602059426072553,Potentially under-rated,False,5.0,5.0,False,False,False,False,False,False
Bolton Clarke Coastal Waters (PKA - Coastal Waters Aged Care) | RSL Care RDNS Limited,Bolton Clarke Coastal Waters (PKA - Coastal Waters Aged Care),NSW,Not for Profit,Large,5.0,0.4355788429482137,0.2591403770756181,0.1764384658725956,Aligned,False,4.0,5.0,False,False,False,False,False,False
War Veterans Home Myrtle Bank | RSL Care South Australia Incorporated,War Veterans Home Myrtle Bank,SA,Not for Profit,Medium,4.0,0.3291621224342805,0.0435760823187199,0.2855860401155606,Aligned,False,3.0,5.0,False,False,False,False,False,False
Estia Health Willoughby | Estia Investments Pty Ltd,Estia Health Willoughby,NSW,Private for Profit,Medium,4.0,0.5846847284561899,0.0435760823187199,0.54110864613747,Potentially under-rated,False,5.0,5.0,False,False,False,True,False,False
Proserpine Nursing Home | Proserpine Nursing Home Inc,Proserpine Nursing Home,QLD,Not for Profit,Medium,4.0,0.11546322931464092,0.0435760823187199,0.07188714699592103,Aligned,False,3.0,5.0,False,False,False,False,False,False
Courtlands Aged Care Facility | Christadelphian Homes Limited,Courtlands Aged Care Facility,NSW,Not for Profit,Large,3.0,-0.671636347232,-0.1719882124381784,-0.49964813479382164,Potentially over-rated,False,1.0,4.0,False,False,True,False,False,False
Catholic Healthcare St Catherine's Aged Care | Catholic Healthcare Limited,Catholic Healthcare St Catherine's Aged Care,NSW,Not for Profit,Large,3.0,0.16548818160305487,-0.1719882124381784,0.3374763940412333,Aligned,False,3.0,5.0,False,True,False,False,False,False
Regis Dandenong North | Regis Aged Care Pty Ltd,Regis Dandenong North,VIC,Private for Profit,Large,3.0,0.04246358516309071,-0.1719882124381784,0.21445179760126912,Aligned,False,3.0,5.0,False,True,False,False,False,False
Fronditha Thalpori Aged Care Services - St Albans | Fronditha Care,Fronditha Thalpori Aged Care Services - St Albans,VIC,Not for Profit,Medium,4.0,-0.07712392333842717,0.0435760823187199,-0.12070000565714707,Aligned,False,3.0,5.0,False,False,False,False,False,False
Alstonville Adventist Aged Care Facility | Seventh-day Adventist Aged Care (North New South Wales) Ltd,Alstonville Adventist Aged Care Facility,NSW,Not for Profit,Small,4.0,-0.07876442600447037,0.0435760823187199,-0.12234050832319027,Aligned,False,3.0,5.0,False,False,False,False,False,False
Amana Living Wearne Home | Amana Living Incorporated,Amana Living Wearne Home,WA,Not for Profit,Small,4.0,-0.08530713974477422,0.0435760823187199,-0.12888322206349412,Aligned,False,3.0,5.0,False,False,False,False,False,False
Coolum Beach Care Centre | Sundale Ltd,Coolum Beach Care Centre,QLD,Not for Profit,Small,4.0,-0.32561050015008347,0.0435760823187199,-0.36918658246880337,Aligned,False,1.0,5.0,False,False,True,False,False,False
Estia Health Burton | Estia Investments Pty Ltd,Estia Health Burton,SA,Private for Profit,Large,3.0,0.11552622755700932,-0.1719882124381784,0.2875144399951877,Aligned,False,3.0,5.0,False,True,False,False,False,False
AnglicareSA Brompton | ANGLICARE SA LTD.,AnglicareSA Brompton,SA,Not for Profit,Small,4.0,-0.5192122898048402,0.0435760823187199,-0.5627883721235601,Potentially over-rated,False,2.0,5.0,False,False,True,False,False,False
Craigcare Moonee Ponds | Glenn-Craig Villages Pty Ltd,Craigcare Moonee Ponds,VIC,Private for Profit,Large,4.0,0.12318419042390116,0.0435760823187199,0.07960810810518126,Aligned,False,3.0,5.0,False,False,False,False,False,False
Emmaus | St Agnes' Care & Lifestyle,Emmaus,NSW,Not for Profit,Large,4.0,0.044603140993670604,0.0435760823187199,0.0010270586749507038,Aligned,False,3.0,5.0,False,True,False,False,False,False
Estia Health Dalmeny | Estia Investments Pty Ltd,Estia Health Dalmeny,NSW,Private for Profit,Large,4.0,0.25478056466983573,0.0435760823187199,0.21120448235111583,Aligned,False,3.0,5.0,False,False,False,False,False,False
The Belmont Residential Aged Care | Western Residential Aged Care Pty Ltd,The Belmont Residential Aged Care,VIC,Private for Profit,Large,3.0,-0.5326453532881247,-0.1719882124381784,-0.36065714084994627,Aligned,False,2.0,5.0,False,False,False,False,False,False
The Queen Victoria Home | Queen Victoria Home Inc,The Queen Victoria Home,TAS,Not for Profit,Large,4.0,0.4349666338457676,0.0435760823187199,0.3913905515270477,Aligned,False,3.0,5.0,False,False,False,False,False,False
Glanville Village | Echuca Regional Health,Glanville Village,VIC,Government,Small,4.0,-0.5249541446484685,0.0435760823187199,-0.5685302269671884,Potentially over-rated,False,1.0,5.0,False,False,True,False,False,False
Churches of Christ Kolan Gardens Aged Care Service | Churches of Christ in Queensland,Churches of Christ Kolan Gardens Aged Care Service,QLD,Not for Profit,Small,5.0,0.2982557578296629,0.2591403770756181,0.039115380754044804,Aligned,False,3.0,5.0,False,False,False,False,False,False
Minchinbury Manor | Australasian Accommodation Aged Care Pty Limited,Minchinbury Manor,NSW,Private for Profit,Large,4.0,0.22518027958191641,0.0435760823187199,0.18160419726319652,Aligned,False,5.0,5.0,False,False,False,False,False,False
Bolton Clarke Bribie Cove | RSL Care RDNS Limited,Bolton Clarke Bribie Cove,QLD,Not for Profit,Medium,3.0,-0.03905890445287108,-0.1719882124381784,0.13292930798530733,Aligned,False,3.0,4.0,False,False,False,False,False,False
Ozcare Ozanam Villa - Burleigh | Ozcare,Ozcare Ozanam Villa - Burleigh,QLD,Not for Profit,Large,4.0,0.10575010069394945,0.0435760823187199,0.06217401837522955,Aligned,False,3.0,5.0,False,False,False,False,False,False
Southern Cross Care Marsfield Residential Aged Care | Southern Cross Care (NSW & ACT) Limited,Southern Cross Care Marsfield Residential Aged Care,NSW,Not for Profit,Small,4.0,0.47883912732375716,0.0435760823187199,0.43526304500503726,Aligned,False,4.0,5.0,False,False,False,False,False,False
Infinite Care Tweed | Temahl (Aust) Pty Ltd,Infinite Care Tweed,NSW,Private for Profit,Large,3.0,0.11396713593504489,-0.1719882124381784,0.2859553483732233,Aligned,False,3.0,5.0,True,False,False,False,False,False
MercyCare Maddington | Mercy Human Services Limited,MercyCare Maddington,WA,Not for Profit,Large,4.0,-1.0208026236804866,0.0435760823187199,-1.0643787059992065,Potentially over-rated,False,2.0,4.0,False,False,True,False,False,False
McCracken Views Residential Care | Southern Cross Care (SA NT & VIC) Incorporated,McCracken Views Residential Care,SA,Not for Profit,Small,4.0,0.32658309527184337,0.0435760823187199,0.28300701295312347,Aligned,False,4.0,5.0,False,False,False,False,False,False
Regis Brighton | Regis Aged Care Pty Ltd,Regis Brighton,VIC,Private for Profit,Small,4.0,-0.00244446400698861,0.0435760823187199,-0.04602054632570851,Aligned,False,2.0,5.0,False,False,True,False,False,False
Casey Manor | Aged Care Group Pty Ltd,Casey Manor,VIC,Private for Profit,Small,4.0,0.44417691941739235,0.0435760823187199,0.40060083709867245,Aligned,False,4.0,5.0,False,False,False,False,False,False
BaptistCare Aminya Centre | BaptistCare,BaptistCare Aminya Centre,NSW,Not for Profit,Medium,4.0,0.610409294747021,0.0435760823187199,0.5668332124283011,Potentially under-rated,False,4.0,5.0,False,False,False,False,False,False
Victoria Grange Residential Aged Care Facility | Australian Unity Care Services Pty Ltd,Victoria Grange Residential Aged Care Facility,VIC,Private for Profit,Medium,4.0,0.2202739099034782,0.0435760823187199,0.1766978275847583,Aligned,False,4.0,5.0,True,True,False,False,False,False
Glenara Lakes | Southern Cross Care (Tas) Inc,Glenara Lakes,TAS,Not for Profit,Medium,3.0,0.2323927398345298,-0.1719882124381784,0.4043809522727082,Aligned,False,3.0,5.0,False,False,False,False,False,False
Estia Health Salisbury | Estia Investments Pty Ltd,Estia Health Salisbury,SA,Private for Profit,Medium,3.0,-0.4402589921205231,-0.1719882124381784,-0.2682707796823447,Aligned,False,2.0,5.0,False,True,True,False,False,False
Sandpiper Lodge Residential Care | Southern Cross Care (SA NT & VIC) Incorporated,Sandpiper Lodge Residential Care,SA,Not for Profit,Small,4.0,0.09951119697741484,0.0435760823187199,0.05593511465869494,Aligned,False,3.0,5.0,False,False,False,False,False,False
Onkaparinga Lodge Residential Care | Southern Cross Care (SA NT & VIC) Incorporated,Onkaparinga Lodge Residential Care,SA,Not for Profit,Medium,3.0,0.21869952683120628,-0.1719882124381784,0.3906877392693847,Aligned,False,3.0,5.0,True,False,False,False,False,False
West Beach Residential Care | Southern Cross Care (SA NT & VIC) Incorporated,West Beach Residential Care,SA,Not for Profit,Medium,3.0,-0.17213906039435245,-0.1719882124381784,-0.00015084795617403834,Aligned,False,3.0,5.0,False,True,False,False,False,False
Estia Health Strathalbyn | Estia Investments Pty Ltd,Estia Health Strathalbyn,SA,Private for Profit,Small,4.0,-0.5745475454547303,0.0435760823187199,-0.6181236277734502,Potentially over-rated,False,2.0,5.0,False,False,True,False,False,False
Estia Health Salisbury East | Estia Investments Pty Ltd,Estia Health Salisbury East,SA,Private for Profit,Medium,4.0,0.19028146594680231,0.0435760823187199,0.14670538362808241,Aligned,False,4.0,5.0,True,True,False,True,False,False
Uniting AgeWell Queenborough Rise | Uniting Agewell Limited,Uniting AgeWell Queenborough Rise,TAS,Not for Profit,Small,4.0,0.5959101687317873,0.0435760823187199,0.5523340864130674,Potentially under-rated,False,5.0,5.0,False,True,False,False,False,False
Catholic Healthcare Our Lady of Loreto Gardens | Catholic Healthcare Limited,Catholic Healthcare Our Lady of Loreto Gardens,NSW,Not for Profit,Small,4.0,0.38695154910187773,0.0435760823187199,0.34337546678315783,Aligned,False,3.0,5.0,False,False,False,False,False,False
Aegis Shoalwater | Aegis Aged Care Shoalwater Pty Ltd,Aegis Shoalwater,WA,Private for Profit,Large,3.0,-0.19272854874093584,-0.1719882124381784,-0.02074033630275743,Aligned,False,2.0,5.0,True,True,True,False,False,False
BaptistCare Shalom Centre | BaptistCare,BaptistCare Shalom Centre,NSW,Not for Profit,Large,3.0,0.4522521845100496,-0.1719882124381784,0.624240396948228,Potentially under-rated,False,3.0,4.0,False,False,False,False,False,True
Regis Port Stephens | Regis Aged Care Pty Ltd,Regis Port Stephens,NSW,Private for Profit,Large,3.0,-0.1016004749051863,-0.1719882124381784,0.07038773753299211,Aligned,False,3.0,5.0,False,False,False,False,False,False
Ozcare Noosa Heads | Ozcare,Ozcare Noosa Heads,QLD,Not for Profit,Medium,4.0,-0.10455645657141632,0.0435760823187199,-0.14813253889013622,Aligned,False,3.0,5.0,False,False,False,False,False,False
BaptistCare Caloola Centre | BaptistCare,BaptistCare Caloola Centre,NSW,Not for Profit,Medium,4.0,-0.1732204010592268,0.0435760823187199,-0.21679648337794669,Aligned,False,3.0,5.0,False,False,False,False,False,False
Aeralife Bayswater | Heritage Care Pty Ltd,Aeralife Bayswater,VIC,Private for Profit,Large,4.0,-0.5278625578825767,0.0435760823187199,-0.5714386402012966,Potentially over-rated,False,1.0,5.0,False,False,True,False,False,False
Adventist Retirement Village - Victoria Pt | Seventh-Day Adventist Aged Care (South Queensland) Ltd,Adventist Retirement Village - Victoria Pt,QLD,Not for Profit,Large,4.0,0.07190690291891731,0.0435760823187199,0.028330820600197412,Aligned,False,3.0,5.0,False,True,False,False,False,False
HammondCare - Woy Woy | HammondCare,HammondCare - Woy Woy,NSW,Not for Profit,Medium,4.0,-1.143431388242689,0.0435760823187199,-1.1870074705614089,Potentially over-rated,False,1.0,5.0,False,False,True,False,False,False
Brightwater Madeley | Brightwater Care Group Limited,Brightwater Madeley,WA,Not for Profit,Large,3.0,-0.3248174087689287,-0.1719882124381784,-0.15282919633075026,Aligned,False,1.0,4.0,False,False,True,False,False,False
Bolton Clarke Riddell Gardens | RSL Care RDNS Limited,Bolton Clarke Riddell Gardens,VIC,Not for Profit,Medium,4.0,-0.10480108445023416,0.0435760823187199,-0.14837716676895407,Aligned,False,3.0,5.0,True,True,False,False,False,False
Grace Munro Centre | Grace Munro Aged Care Centre Ltd,Grace Munro Centre,NSW,Not for Profit,Small,4.0,-0.22535163384694457,0.0435760823187199,-0.26892771616566447,Aligned,False,3.0,4.0,False,False,False,False,False,False
BaptistCare Orana Centre | BaptistCare,BaptistCare Orana Centre,NSW,Not for Profit,Large,4.0,0.029894055582908734,0.0435760823187199,-0.013682026735811165,Aligned,False,3.0,4.0,False,False,False,False,False,False
Bethanie Fields | THE BETHANIE GROUP INC,Bethanie Fields,WA,Not for Profit,Large,3.0,0.08660470611617958,-0.1719882124381784,0.258592918554358,Aligned,False,3.0,5.0,False,False,False,False,False,False
Osboine Contemporary Aged Care | ALINEA INC.,Osboine Contemporary Aged Care,WA,Not for Profit,Large,4.0,0.21348171152566509,0.0435760823187199,0.16990562920694519,Aligned,False,3.0,5.0,False,True,False,False,False,False
Catholic Healthcare Holy Spirit Croydon | Catholic Healthcare Limited,Catholic Healthcare Holy Spirit Croydon,NSW,Not for Profit,Large,4.0,-0.2397187126819742,0.0435760823187199,-0.2832947950006941,Aligned,False,3.0,5.0,False,False,False,False,False,False
Bolton Clarke Sandbrook | RSL Care RDNS Limited,Bolton Clarke Sandbrook,QLD,Not for Profit,Large,4.0,0.07629649056520808,0.0435760823187199,0.03272040824648818,Aligned,False,3.0,4.0,False,False,False,False,False,False
Hill View House - Merrimac | EAST COAST CARE NO.7 PTY LTD,Hill View House - Merrimac,QLD,Private for Profit,Large,4.0,0.3753967028035219,0.0435760823187199,0.331820620484802,Aligned,False,5.0,4.0,False,False,False,False,False,False
Bolton Clarke Tantula Rise | RSL Care RDNS Limited,Bolton Clarke Tantula Rise,QLD,Not for Profit,Large,4.0,-0.4590078264410565,0.0435760823187199,-0.5025839087597763,Potentially over-rated,False,1.0,5.0,False,False,True,False,False,False
Bolton Clarke Talbarra | RSL Care RDNS Limited,Bolton Clarke Talbarra,QLD,Not for Profit,Small,5.0,0.8346306943130882,0.2591403770756181,0.5754903172374701,Potentially under-rated,False,5.0,5.0,False,True,False,False,False,False
Bolton Clarke Moreton Shores | RSL Care RDNS Limited,Bolton Clarke Moreton Shores,QLD,Not for Profit,Large,4.0,0.2845656982252442,0.0435760823187199,0.2409896159065243,Aligned,False,3.0,5.0,False,False,False,False,False,False
Arcare Slacks Creek | K & M Healthcare Pty Ltd,Arcare Slacks Creek,QLD,Private for Profit,Large,3.0,-0.1927906442376263,-0.1719882124381784,-0.02080243179944788,Aligned,False,2.0,5.0,False,False,True,False,False,False
Bolton Clarke Glasshouse Views | RSL Care RDNS Limited,Bolton Clarke Glasshouse Views,QLD,Not for Profit,Medium,4.0,-0.10138575664822537,0.0435760823187199,-0.14496183896694526,Aligned,False,3.0,4.0,False,False,False,False,False,False
Boandik St Mary's | Boandik Lodge Inc,Boandik St Mary's,SA,Not for Profit,Medium,3.0,-0.4397461781652305,-0.1719882124381784,-0.26775796572705207,Aligned,False,1.0,5.0,True,False,False,False,False,False
Bethania Gardens | Pu-Fam Pty Ltd,Bethania Gardens,QLD,Private for Profit,Large,3.0,-0.015057929277452031,-0.1719882124381784,0.15693028316072638,Aligned,False,2.0,3.0,False,False,True,False,False,False
Regis Port Macquarie | Regis Aged Care Pty Ltd,Regis Port Macquarie,NSW,Private for Profit,Medium,4.0,0.23323402592243292,0.0435760823187199,0.18965794360371302,Aligned,False,4.0,5.0,False,False,False,True,False,False
Bupa Berwick | Bupa Aged Care Australia Pty Ltd,Bupa Berwick,VIC,Private for Profit,Large,3.0,0.2172790054926852,-0.1719882124381784,0.3892672179308636,Aligned,False,3.0,5.0,False,False,False,False,False,False
RFBI Basin View Masonic Village | Royal Freemasons' Benevolent Institution,RFBI Basin View Masonic Village,NSW,Not for Profit,Small,4.0,0.05647407616281611,0.0435760823187199,0.012897993844096213,Aligned,False,4.0,5.0,False,False,False,True,False,False
Baptistcare Mirrambeena | BaptistCare,Baptistcare Mirrambeena,WA,Not for Profit,Small,4.0,-0.1551854392826549,0.0435760823187199,-0.1987615216013748,Aligned,False,3.0,4.0,False,False,False,False,False,False
Bethanie Beachside | THE BETHANIE GROUP INC,Bethanie Beachside,WA,Not for Profit,Large,3.0,-0.21210490867593124,-0.1719882124381784,-0.040116696237752825,Aligned,False,2.0,5.0,False,False,False,False,False,False
Aegis Anchorage | Aegis Aged Care Group Pty Ltd,Aegis Anchorage,WA,Private for Profit,Medium,4.0,-0.055836580153664946,0.0435760823187199,-0.09941266247238484,Aligned,False,3.0,5.0,True,True,False,False,False,False
Baptistcare David Buttfield Centre | BaptistCare,Baptistcare David Buttfield Centre,WA,Not for Profit,Large,3.0,-0.7070179000896822,-0.1719882124381784,-0.5350296876515038,Potentially over-rated,False,1.0,4.0,False,False,True,False,False,False
Estia Health Taree | Estia Investments Pty Ltd,Estia Health Taree,NSW,Private for Profit,Large,4.0,0.5988754165160244,0.0435760823187199,0.5552993341973045,Potentially under-rated,False,4.0,5.0,False,False,False,True,False,False
Bupa Greensborough | Bupa Aged Care Australia Pty Ltd,Bupa Greensborough,VIC,Private for Profit,Medium,4.0,-1.0091954836591617,0.0435760823187199,-1.0527715659778816,Potentially over-rated,False,1.0,5.0,False,False,True,False,False,False
Warrigal Wollongong | Warrigal Care Limited,Warrigal Wollongong,NSW,Not for Profit,Large,4.0,-0.17896107633137895,0.0435760823187199,-0.22253715865009885,Aligned,False,2.0,4.0,False,False,True,False,False,False
Chamberlain Gardens Aged Care | IC (WYOMING) PTY LTD,Chamberlain Gardens Aged Care,NSW,Private for Profit,Large,4.0,0.4946342426115387,0.0435760823187199,0.4510581602928188,Aligned,False,3.0,5.0,False,False,False,False,False,False
Warrigal Mount Terry | Warrigal Care Limited,Warrigal Mount Terry,NSW,Not for Profit,Large,3.0,-0.6253269269644047,-0.1719882124381784,-0.4533387145262263,Aligned,False,1.0,4.0,False,False,True,False,False,False
Estia Health Forster | Estia Investments Pty Ltd,Estia Health Forster,NSW,Private for Profit,Medium,4.0,0.684085680915011,0.0435760823187199,0.6405095985962911,Potentially under-rated,False,4.0,5.0,False,False,False,False,False,False
Carinya House | Christian Community Services,Carinya House,NSW,Not for Profit,Small,4.0,0.15314276976332233,0.0435760823187199,0.10956668744460243,Aligned,False,3.0,5.0,False,False,False,False,False,False
Groves House | Christian Community Services,Groves House,NSW,Not for Profit,Small,4.0,0.1768103494347468,0.0435760823187199,0.1332342671160269,Aligned,False,3.0,5.0,False,False,False,False,False,False
Bethanie Waters | THE BETHANIE GROUP INC,Bethanie Waters,WA,Not for Profit,Large,4.0,0.00020632554685867666,0.0435760823187199,-0.04336975677186122,Aligned,False,3.0,5.0,False,False,False,False,False,False
Estia Health Wodonga | Estia Investments Pty Ltd,Estia Health Wodonga,VIC,Private for Profit,Medium,4.0,-0.2210691594139317,0.0435760823187199,-0.2646452417326516,Aligned,False,3.0,5.0,True,False,False,False,False,False
Aegis Stirling | Aegis Aged Care Group Pty Ltd,Aegis Stirling,WA,Private for Profit,Large,4.0,-0.23399867203024108,0.0435760823187199,-0.27757475434896095,Aligned,False,3.0,5.0,True,True,False,False,False,False
Estia Health Southport | Estia Investments Pty Ltd,Estia Health Southport,QLD,Private for Profit,Large,4.0,-0.19319370103312658,0.0435760823187199,-0.23676978335184648,Aligned,False,3.0,5.0,False,False,False,False,False,False
Catholic Healthcare Brigidine House | Catholic Healthcare Limited,Catholic Healthcare Brigidine House,NSW,Not for Profit,Small,5.0,0.0816093270106463,0.2591403770756181,-0.1775310500649718,Aligned,False,4.0,5.0,False,False,False,False,False,False
CCSSCI - On Luck Chinese Nursing Home | Chinese Community Social Services Centre Limited,CCSSCI - On Luck Chinese Nursing Home,VIC,Not for Profit,Large,4.0,0.24492264302354547,0.0435760823187199,0.20134656070482557,Aligned,False,3.0,5.0,False,True,False,False,False,False
Langford Grange | Wickro Pty Ltd,Langford Grange,VIC,Private for Profit,Large,3.0,0.2558250524294182,-0.1719882124381784,0.42781326486759663,Aligned,False,3.0,5.0,False,True,False,False,False,False
Eldercare Seaford | Eldercare Australia Ltd,Eldercare Seaford,SA,Not for Profit,Medium,3.0,0.3233087345513274,-0.1719882124381784,0.4952969469895058,Potentially under-rated,False,3.0,5.0,True,False,False,False,False,True
Doutta Galla Avondale Heights Aged Care Facility | Doutta Galla Aged Services Ltd,Doutta Galla Avondale Heights Aged Care Facility,VIC,Not for Profit,Large,4.0,-0.21311211180455494,0.0435760823187199,-0.2566881941232748,Aligned,False,2.0,5.0,True,True,True,False,False,False
Greenway Gardens | Menarock Aged Care Services (Victoria) Pty Ltd,Greenway Gardens,VIC,Private for Profit,Small,4.0,0.6054528484282551,0.0435760823187199,0.5618767661095352,Potentially under-rated,False,4.0,5.0,False,True,False,False,False,False
Fronditha Lower Templestowe | Fronditha Care,Fronditha Lower Templestowe,VIC,Not for Profit,Small,3.0,0.12690157555334422,-0.1719882124381784,0.29888978799152266,Aligned,False,2.0,5.0,False,True,True,False,False,False
Drysdale Grove | Drysdale Aged Care Pty Ltd,Drysdale Grove,VIC,Private for Profit,Large,3.0,0.304448615988744,-0.1719882124381784,0.4764368284269224,Potentially under-rated,False,3.0,5.0,False,False,False,False,False,True
Anglican Care Warnervale Gardens | Anglican Care,Anglican Care Warnervale Gardens,NSW,Not for Profit,Medium,4.0,0.09565395325449966,0.0435760823187199,0.05207787093577976,Aligned,False,4.0,5.0,False,False,False,True,False,False
Arcare Burnside | Arcare Pty Ltd,Arcare Burnside,VIC,Private for Profit,Medium,4.0,-0.028016112283747435,0.0435760823187199,-0.07159219460246734,Aligned,False,3.0,5.0,False,False,False,False,False,False
The Glen Residential Care Service | Goodwin Aged Care Services Limited,The Glen Residential Care Service,NSW,Not for Profit,Medium,4.0,0.6958102515842371,0.0435760823187199,0.6522341692655172,Potentially under-rated,False,5.0,5.0,False,False,False,False,False,False
Advantaged Care at Bondi Waters | Advantaged Care Pty Ltd,Advantaged Care at Bondi Waters,NSW,Private for Profit,Small,4.0,0.1706329144522077,0.0435760823187199,0.1270568321334878,Aligned,False,4.0,5.0,False,False,False,False,False,False
Southern Cross Care Mawsons Court Residential Aged Care | Southern Cross Care (NSW & ACT) Limited,Southern Cross Care Mawsons Court Residential Aged Care,NSW,Not for Profit,Small,4.0,0.43305941184152846,0.0435760823187199,0.38948332952280856,Aligned,False,4.0,5.0,False,False,False,False,False,False
Southern Cross Care Tenison Goulburn Residential Aged Care | Southern Cross Care (NSW & ACT) Limited,Southern Cross Care Tenison Goulburn Residential Aged Care,NSW,Not for Profit,Small,5.0,0.5969390735505069,0.2591403770756181,0.3377986964748888,Aligned,False,4.0,5.0,False,False,False,False,False,False
Avalon House | Thompson Health Care Pty Ltd,Avalon House,NSW,Private for Profit,Small,5.0,0.09445485566652982,0.2591403770756181,-0.16468552140908826,Aligned,False,3.0,5.0,False,False,False,False,False,False
Arcare Kanwal | Arcare Pty Ltd,Arcare Kanwal,NSW,Private for Profit,Large,3.0,-0.3107624180767579,-0.1719882124381784,-0.1387742056385795,Aligned,False,2.0,5.0,True,False,True,False,False,False
St Basil's Miranda | St Basil's Homes,St Basil's Miranda,NSW,Not for Profit,Medium,4.0,-0.3845717715629376,0.0435760823187199,-0.4281478538816575,Aligned,False,3.0,5.0,False,False,False,False,False,False
HammondCare - Horsley | HammondCare,HammondCare - Horsley,NSW,Not for Profit,Large,4.0,-1.7547864780886873,0.0435760823187199,-1.7983625604074072,Potentially over-rated,True,1.0,5.0,False,False,True,False,False,False
Bupa Waratah | Bupa Aged Care Australia Pty Ltd,Bupa Waratah,NSW,Private for Profit,Medium,4.0,-0.2186459920875141,0.0435760823187199,-0.262222074406234,Aligned,False,2.0,5.0,False,False,True,False,False,False
Anglican Care Bishop Tyrrell Place | Anglican Care,Anglican Care Bishop Tyrrell Place,NSW,Not for Profit,Medium,3.0,0.06162901770803949,-0.1719882124381784,0.2336172301462179,Aligned,False,3.0,4.0,False,False,False,False,False,False
RFBI Raleigh Urunga Masonic Village | Royal Freemasons' Benevolent Institution,RFBI Raleigh Urunga Masonic Village,NSW,Not for Profit,Small,3.0,0.2624011068127135,-0.1719882124381784,0.4343893192508919,Aligned,False,3.0,5.0,True,False,False,False,False,False
Durham Green Lodge Memory Care | BaptistCare,Durham Green Lodge Memory Care,NSW,Not for Profit,Medium,3.0,0.143562820037778,-0.1719882124381784,0.3155510324759564,Aligned,False,3.0,5.0,False,True,False,False,False,False
"Georges Estate Health & Aged Care | Kogarah Health, Aged and Community Care (NSW) Pty Ltd",Georges Estate Health & Aged Care,NSW,Private for Profit,Large,4.0,0.012628229018047546,0.0435760823187199,-0.030947853300672352,Aligned,False,3.0,4.0,False,False,False,False,False,False
Ruby Manor | The Sisters of Our Lady of China Health Care (2) Pty Ltd,Ruby Manor,NSW,Not for Profit,Medium,4.0,0.6124486657874847,0.0435760823187199,0.5688725834687648,Potentially under-rated,False,4.0,4.0,False,False,False,False,False,False
Estia Health Albury | Estia Investments Pty Ltd,Estia Health Albury,NSW,Private for Profit,Medium,4.0,0.3216794668362622,0.0435760823187199,0.2781033845175423,Aligned,False,4.0,5.0,False,False,False,True,False,False
Jonathan Rogers GC House | RSL LifeCare Limited,Jonathan Rogers GC House,NSW,Not for Profit,Small,4.0,-0.24949140852389964,0.0435760823187199,-0.2930674908426195,Aligned,False,3.0,5.0,False,False,False,False,False,False
Grasmere Terrace | Carrington Centennial Care Limited,Grasmere Terrace,NSW,Not for Profit,Medium,4.0,0.39848128617431616,0.0435760823187199,0.35490520385559626,Aligned,False,4.0,5.0,True,False,False,False,False,False
Regis Kuluin | Regis Group Pty Ltd,Regis Kuluin,QLD,Private for Profit,Large,4.0,-0.23614400178377845,0.0435760823187199,-0.2797200841024984,Aligned,False,3.0,5.0,False,False,False,False,False,False
Brightwater The Cove | Brightwater Care Group Limited,Brightwater The Cove,WA,Not for Profit,Large,4.0,0.38936727215827927,0.0435760823187199,0.34579118983955937,Aligned,False,4.0,5.0,False,False,False,False,False,False
Regents Garden Four Seasons Booragoon | Regents Garden Group Pty Ltd,Regents Garden Four Seasons Booragoon,WA,Private for Profit,Medium,4.0,0.9655249704574379,0.0435760823187199,0.921948888138718,Potentially under-rated,False,5.0,5.0,False,False,False,False,False,False
Aegis Woodlake | Aegis Aged Care Group Pty Ltd,Aegis Woodlake,WA,Private for Profit,Medium,4.0,-0.5636456653292575,0.0435760823187199,-0.6072217476479774,Potentially over-rated,False,3.0,5.0,False,False,False,False,False,False
IRT Kangara Waters | Illawarra Retirement Trust,IRT Kangara Waters,ACT,Not for Profit,Medium,4.0,-0.17368841908588814,0.0435760823187199,-0.21726450140460804,Aligned,False,2.0,5.0,False,False,True,False,False,False
Wintringham Ron Conn Nursing Home | WINTRINGHAM LIMITED,Wintringham Ron Conn Nursing Home,VIC,Not for Profit,Small,4.0,-0.22778780074761476,0.0435760823187199,-0.27136388306633463,Aligned,False,3.0,5.0,False,False,False,False,False,False
St Mary's Coolum Beach | Tilburg Proprietary Limited,St Mary's Coolum Beach,QLD,Private for Profit,Large,4.0,-0.07420622391906113,0.0435760823187199,-0.11778230623778103,Aligned,False,2.0,5.0,False,False,True,False,False,False
Sea Views Manor | Wickro Pty Ltd,Sea Views Manor,VIC,Private for Profit,Large,3.0,0.3184341970475794,-0.1719882124381784,0.4904224094857578,Potentially under-rated,False,3.0,5.0,False,False,False,False,False,True
Mercy Place Yarrawonga Woods Point | Mercy Aged and Community Care Ltd,Mercy Place Yarrawonga Woods Point,VIC,Not for Profit,Large,3.0,-0.5378579214525551,-0.1719882124381784,-0.36586970901437665,Aligned,False,2.0,4.0,False,False,False,False,False,False
Regis Mornington | Regis Aged Care Pty Ltd,Regis Mornington,VIC,Private for Profit,Medium,3.0,-0.31931326218238626,-0.1719882124381784,-0.14732504974420785,Aligned,False,3.0,4.0,False,False,False,False,False,False
Arcare Epping | Arcare Pty Ltd,Arcare Epping,VIC,Private for Profit,Large,4.0,-0.014642209905342781,0.0435760823187199,-0.05821829222406268,Aligned,False,3.0,5.0,False,False,False,False,False,False
Baptcare Heritage Manor Community | Baptcare Ltd,Baptcare Heritage Manor Community,VIC,Not for Profit,Medium,3.0,-0.5121301579183601,-0.1719882124381784,-0.34014194548018173,Aligned,False,3.0,5.0,False,False,False,False,False,False
Estia Health South Morang | Estia Investments Pty Ltd,Estia Health South Morang,VIC,Private for Profit,Large,3.0,0.05402189513365722,-0.1719882124381784,0.22601010757183562,Aligned,False,3.0,5.0,False,True,False,False,False,False
Bolton Clarke Lynbrook Park | RSL Care RDNS Limited,Bolton Clarke Lynbrook Park,VIC,Not for Profit,Large,4.0,0.4010449791836022,0.0435760823187199,0.3574688968648823,Aligned,False,3.0,4.0,False,False,False,False,False,False
St Andrew's Hostel | The Community of Cypriots of the Northern Suburbs of Melbourne Inc,St Andrew's Hostel,VIC,Not for Profit,Small,4.0,0.0557628890370012,0.0435760823187199,0.012186806718281297,Aligned,False,2.0,5.0,False,True,True,False,False,False
Northern Gardens Aged Care | Aged Care Group Pty Ltd,Northern Gardens Aged Care,VIC,Private for Profit,Small,3.0,0.02676235771430453,-0.1719882124381784,0.19875057015248293,Aligned,False,3.0,5.0,False,True,False,False,False,False
Arcare Maidstone | Arcare Pty Ltd,Arcare Maidstone,VIC,Private for Profit,Medium,3.0,-0.28446687434165946,-0.1719882124381784,-0.11247866190348105,Aligned,False,2.0,5.0,False,False,True,False,False,False
Park Lane Croydon | Norsan Pty Ltd,Park Lane Croydon,VIC,Private for Profit,Medium,4.0,-0.16333651225862147,0.0435760823187199,-0.20691259457734137,Aligned,False,3.0,5.0,False,False,False,False,False,False
Bethel Aged Care | Java Dale Pty Ltd,Bethel Aged Care,VIC,Private for Profit,Medium,4.0,0.044421252527304944,0.0435760823187199,0.0008451702085850443,Aligned,False,3.0,5.0,True,True,False,False,False,False
Estia Health Bannockburn | Estia Investments Pty Ltd,Estia Health Bannockburn,VIC,Private for Profit,Large,3.0,0.028239069696755787,-0.1719882124381784,0.2002272821349342,Aligned,False,3.0,5.0,False,False,False,False,False,False
Churches of Christ Arcadia Aged Care Service | Churches of Christ in Queensland,Churches of Christ Arcadia Aged Care Service,VIC,Not for Profit,Medium,4.0,0.08359409408695744,0.0435760823187199,0.040018011768237535,Aligned,False,3.0,5.0,False,True,False,False,False,False
Mercy Place East Melbourne | Mercy Aged and Community Care Ltd,Mercy Place East Melbourne,VIC,Not for Profit,Medium,4.0,-0.23412760048067335,0.0435760823187199,-0.2777036827993933,Aligned,False,2.0,5.0,False,True,True,False,False,False
Noble Manor Residential Aged Care | Great Oaks Pty Ltd,Noble Manor Residential Aged Care,VIC,Private for Profit,Large,3.0,-0.18156096714637524,-0.1719882124381784,-0.009572754708196823,Aligned,False,3.0,5.0,True,True,False,False,False,False
Regis Frankston | Regis Aged Care Pty Ltd,Regis Frankston,VIC,Private for Profit,Medium,3.0,-0.6890057137065879,-0.1719882124381784,-0.5170175012684095,Potentially over-rated,False,2.0,5.0,True,True,True,False,False,False
Camberwell Gardens | Menarock Aged Care Services (Victoria) Pty Ltd,Camberwell Gardens,VIC,Private for Profit,Medium,4.0,0.4209251287578015,0.0435760823187199,0.3773490464390816,Aligned,False,4.0,5.0,False,False,False,False,False,False
Sunlight Residential Aged Care | TLC Whittlesea Pty Ltd,Sunlight Residential Aged Care,VIC,Private for Profit,Large,3.0,-0.19912890589056,-0.1719882124381784,-0.027140693452381598,Aligned,False,3.0,5.0,False,True,False,False,False,False
Bolton Clarke Rosebrook | RSL Care RDNS Limited,Bolton Clarke Rosebrook,VIC,Not for Profit,Medium,4.0,-0.3295151853873913,0.0435760823187199,-0.3730912677061112,Aligned,False,3.0,4.0,False,False,False,False,False,False
Victoria by the Park | Provectus Care Pty Limited,Victoria by the Park,VIC,Private for Profit,Small,5.0,0.6378501315688668,0.2591403770756181,0.37870975449324873,Aligned,False,5.0,5.0,False,False,False,False,False,False
Arcare Carnegie | Arcare Pty Ltd,Arcare Carnegie,VIC,Private for Profit,Large,3.0,-0.09582962642606734,-0.1719882124381784,0.07615858601211108,Aligned,False,2.0,5.0,False,False,True,False,False,False
Pembroke Lodge | The Sisters of Our Lady of China Health Care Pty Ltd,Pembroke Lodge,NSW,Private for Profit,Large,4.0,0.3720618840963455,0.0435760823187199,0.3284858017776256,Aligned,False,4.0,5.0,False,False,False,False,False,False
Ozcare Parkwood Gardens | Ozcare,Ozcare Parkwood Gardens,QLD,Not for Profit,Large,4.0,-0.14483953316075987,0.0435760823187199,-0.18841561547947977,Aligned,False,2.0,5.0,False,False,True,False,False,False
Parklands Aged Care Facility & Retirement Village | Burswood Care Pty Ltd,Parklands Aged Care Facility & Retirement Village,QLD,Private for Profit,Medium,4.0,0.023575971408271796,0.0435760823187199,-0.020000110910448104,Aligned,False,3.0,5.0,False,False,False,False,False,False
Casey Aged Care | Aged Care Group Pty Ltd,Casey Aged Care,VIC,Private for Profit,Large,3.0,-0.08591125987457367,-0.1719882124381784,0.08607695256360474,Aligned,False,2.0,5.0,False,False,True,False,False,False
Uniting Farmborough Unanderra | The Uniting Church in Australia Property Trust (NSW),Uniting Farmborough Unanderra,NSW,Not for Profit,Large,4.0,-0.0003179368244437171,0.0435760823187199,-0.04389401914316362,Aligned,False,3.0,5.0,False,False,False,False,False,False
SWIAA Gardens | SWIAA Limited,SWIAA Gardens,NSW,Not for Profit,Large,3.0,0.033707550379619027,-0.1719882124381784,0.20569576281779745,Aligned,False,2.0,4.0,False,False,True,False,False,False
Arcare North Lakes | Arcare Pty Ltd,Arcare North Lakes,QLD,Private for Profit,Large,4.0,-0.005976747673641249,0.0435760823187199,-0.04955282999236115,Aligned,False,1.0,5.0,False,False,True,False,False,False
Arcare Helensvale | Arcare Pty Ltd,Arcare Helensvale,QLD,Private for Profit,Medium,4.0,0.42982081872148115,0.0435760823187199,0.38624473640276125,Aligned,False,5.0,5.0,False,False,False,False,False,False
Bolton Clarke Seabrook | RSL Care RDNS Limited,Bolton Clarke Seabrook,QLD,Not for Profit,Large,4.0,0.0496473675955816,0.0435760823187199,0.006071285276861703,Aligned,False,3.0,4.0,False,False,False,False,False,False
St Vincent's Care Carina | St Vincent's Care Services Ltd,St Vincent's Care Carina,QLD,Not for Profit,Large,4.0,0.3477542247768872,0.0435760823187199,0.3041781424581673,Aligned,False,3.0,5.0,False,True,False,False,False,False
ACH Group Residential Care - Highercombe | Aged Care & Housing Group Inc,ACH Group Residential Care - Highercombe,SA,Not for Profit,Large,4.0,-0.6867143879868259,0.0435760823187199,-0.7302904703055458,Potentially over-rated,False,1.0,5.0,False,False,True,False,False,False
Vivian Bullwinkel Lodge | Air Force Association WA Limited,Vivian Bullwinkel Lodge,WA,Not for Profit,Medium,4.0,0.39459983729872966,0.0435760823187199,0.35102375498000976,Aligned,False,3.0,5.0,False,False,False,False,False,False
Rubicon Grove | OneCare Limited,Rubicon Grove,TAS,Not for Profit,Medium,4.0,0.3562573285103059,0.0435760823187199,0.312681246191586,Aligned,False,4.0,5.0,False,False,False,False,False,False
mecwacare Malvern Centre | MECWA Limited,mecwacare Malvern Centre,VIC,Not for Profit,Medium,4.0,0.7851759398777466,0.0435760823187199,0.7415998575590267,Potentially under-rated,False,5.0,5.0,False,True,False,False,False,False
Wintringham Eunice Seddon Home | WINTRINGHAM LIMITED,Wintringham Eunice Seddon Home,VIC,Not for Profit,Small,4.0,-0.4067266188516565,0.0435760823187199,-0.4503027011703764,Aligned,False,3.0,5.0,False,False,False,False,False,False
Villa Maria Catholic Homes Corpus Christi Aged Care Residence | Villa Maria Catholic Homes Limited,Villa Maria Catholic Homes Corpus Christi Aged Care Residence,VIC,Not for Profit,Large,4.0,-0.4385883386342788,0.0435760823187199,-0.4821644209529987,Potentially over-rated,False,3.0,4.0,False,False,False,False,False,False
Bolton Clarke Princeton View | RSL Care RDNS Limited,Bolton Clarke Princeton View,VIC,Not for Profit,Large,4.0,0.08367377632807282,0.0435760823187199,0.040097694009352924,Aligned,False,3.0,5.0,True,True,False,False,False,False
Anglicare Goodhew Gardens & Bay Breeze | Anglican Community Services,Anglicare Goodhew Gardens & Bay Breeze,NSW,Not for Profit,Large,4.0,0.1516983459560681,0.0435760823187199,0.1081222636373482,Aligned,False,3.0,5.0,False,False,False,False,False,False
Bolton Clarke Redleaf Manor | RSL Care RDNS Limited,Bolton Clarke Redleaf Manor,NSW,Not for Profit,Large,4.0,0.31801023920281324,0.0435760823187199,0.27443415688409334,Aligned,False,3.0,5.0,False,False,False,False,False,False
Bolton Clarke Heritage Lodge | RSL Care RDNS Limited,Bolton Clarke Heritage Lodge,NSW,Not for Profit,Medium,4.0,0.6847397021677564,0.0435760823187199,0.6411636198490365,Potentially under-rated,False,5.0,4.0,False,False,False,False,False,False
Lake Haven Court Aged Care Facility | Alino Living,Lake Haven Court Aged Care Facility,NSW,Not for Profit,Small,4.0,-0.2598580513710617,0.0435760823187199,-0.3034341336897816,Aligned,False,3.0,5.0,False,False,False,False,False,False
IRT Macarthur | Illawarra Retirement Trust,IRT Macarthur,NSW,Not for Profit,Small,4.0,0.1810668238135408,0.0435760823187199,0.1374907414948209,Aligned,False,3.0,5.0,False,False,False,False,False,False
Bolton Clarke Darlington | RSL Care RDNS Limited,Bolton Clarke Darlington,NSW,Not for Profit,Medium,5.0,0.6778421737871748,0.2591403770756181,0.4187017967115567,Aligned,False,4.0,5.0,False,False,False,False,False,False
Dr Mary Surveyor Centre | MEATH CARE INC,Dr Mary Surveyor Centre,WA,Not for Profit,Large,4.0,0.07073411559559718,0.0435760823187199,0.027158033276877283,Aligned,False,3.0,5.0,False,True,False,False,False,False
Randwick Montefiore Home | The Sir Moses Montefiore Jewish Home,Randwick Montefiore Home,NSW,Not for Profit,Large,4.0,-0.306761005469308,0.0435760823187199,-0.3503370877880279,Aligned,False,1.0,5.0,False,False,True,False,False,False
Beresford Hall | Provectus Care Pty Limited,Beresford Hall,NSW,Private for Profit,Large,4.0,0.2652037806955891,0.0435760823187199,0.2216276983768692,Aligned,False,3.0,5.0,False,False,False,False,False,False
Advantaged Care at Barden Lodge | Advantaged Care Pty Ltd,Advantaged Care at Barden Lodge,NSW,Private for Profit,Small,4.0,0.42646829522601837,0.0435760823187199,0.38289221290729847,Aligned,False,5.0,5.0,True,False,False,False,False,False
Uniting Quong Tart Ashfield | The Uniting Church in Australia Property Trust (NSW),Uniting Quong Tart Ashfield,NSW,Not for Profit,Medium,4.0,0.8895141189605565,0.0435760823187199,0.8459380366418366,Potentially under-rated,False,5.0,5.0,False,True,False,False,False,False
RFBI Leeton Masonic Village | Royal Freemasons' Benevolent Institution,RFBI Leeton Masonic Village,NSW,Not for Profit,Small,4.0,-0.10857088778469676,0.0435760823187199,-0.15214697010341666,Aligned,False,3.0,5.0,False,False,False,False,False,False
Macleay Valley House | Burswood Care Pty Ltd,Macleay Valley House,NSW,Private for Profit,Large,4.0,-0.3400582118284394,0.0435760823187199,-0.3836342941471593,Aligned,False,3.0,4.0,False,False,False,False,False,False
Marco Polo Woonona Care Services | Illawarra Retirement Trust,Marco Polo Woonona Care Services,NSW,Not for Profit,Large,4.0,-0.22814299628330703,0.0435760823187199,-0.27171907860202693,Aligned,False,3.0,4.0,False,False,False,False,False,False
Columbia Aged Care Services - Willowood Centre | Columbia Nursing Homes Pty Ltd,Columbia Aged Care Services - Willowood Centre,NSW,Private for Profit,Medium,4.0,-0.3698789342443877,0.0435760823187199,-0.4134550165631076,Aligned,False,2.0,5.0,False,True,True,False,False,False
Lucy Chieng Aged Care Centre | Australian Nursing Home Foundation Limited,Lucy Chieng Aged Care Centre,NSW,Not for Profit,Medium,4.0,0.9345911624827847,0.0435760823187199,0.8910150801640648,Potentially under-rated,False,5.0,5.0,False,False,False,False,False,False
Bupa Sutherland | Bupa Aged Care Australia Pty Ltd,Bupa Sutherland,NSW,Private for Profit,Large,4.0,0.23536425475298559,0.0435760823187199,0.19178817243426569,Aligned,False,3.0,5.0,False,False,False,False,False,False
Uniting Elanora Shellharbour | The Uniting Church in Australia Property Trust (NSW),Uniting Elanora Shellharbour,NSW,Not for Profit,Medium,4.0,-0.38732621072072715,0.0435760823187199,-0.43090229303944705,Aligned,False,2.0,5.0,False,False,True,False,False,False
Uniting Mingaletta Port Macquarie | The Uniting Church in Australia Property Trust (NSW),Uniting Mingaletta Port Macquarie,NSW,Not for Profit,Medium,4.0,-0.5289496698487776,0.0435760823187199,-0.5725257521674975,Potentially over-rated,False,1.0,5.0,False,False,True,False,False,False
Uniting Pacifica Nambucca Heads | The Uniting Church in Australia Property Trust (NSW),Uniting Pacifica Nambucca Heads,NSW,Not for Profit,Medium,4.0,-0.624885788501131,0.0435760823187199,-0.6684618708198509,Potentially over-rated,False,3.0,5.0,False,True,False,False,False,False
SummitCare Wallsend | Stelcom Pty Limited,SummitCare Wallsend,NSW,Private for Profit,Large,4.0,-1.936823516996449,0.0435760823187199,-1.9803995993151688,Potentially over-rated,True,1.0,5.0,False,False,True,False,False,False
Advantaged Care at Georges Manor | Advantaged Care Pty Ltd,Advantaged Care at Georges Manor,NSW,Private for Profit,Large,4.0,0.1499725080135507,0.0435760823187199,0.10639642569483079,Aligned,False,3.0,5.0,False,False,False,False,False,False
Bupa Pottsville Beach | Bupa Aged Care Australia Pty Ltd,Bupa Pottsville Beach,NSW,Private for Profit,Large,3.0,-0.42588374421329633,-0.1719882124381784,-0.2538955317751179,Aligned,False,2.0,5.0,False,False,False,False,False,False
Uniting Arrunga Ermington | The Uniting Church in Australia Property Trust (NSW),Uniting Arrunga Ermington,NSW,Not for Profit,Large,4.0,0.18764239355732695,0.0435760823187199,0.14406631123860705,Aligned,False,3.0,5.0,False,False,False,False,False,False
Uniting Amala Gordon ACT | The Uniting Church in Australia Property Trust (NSW),Uniting Amala Gordon ACT,ACT,Not for Profit,Large,4.0,0.029895042005430972,0.0435760823187199,-0.013681040313288928,Aligned,False,3.0,5.0,False,False,False,False,False,False
Southern Cross Care Campbell Residential Aged Care | Southern Cross Care (NSW & ACT) Limited,Southern Cross Care Campbell Residential Aged Care,ACT,Not for Profit,Small,4.0,0.37876430502115604,0.0435760823187199,0.33518822270243614,Aligned,False,3.0,5.0,False,False,False,False,False,False
Lifeview Willow Wood | FARWELL NOMINEES PTY. LTD.,Lifeview Willow Wood,VIC,Private for Profit,Large,4.0,0.18066707112144606,0.0435760823187199,0.13709098880272616,Aligned,False,3.0,5.0,False,False,False,False,False,False
Karlarra House | Western Australian Government,Karlarra House,WA,Government,Small,4.0,-0.858972664261609,0.0435760823187199,-0.9025487465803289,Potentially over-rated,False,1.0,5.0,False,False,True,False,False,False
Arcare Lisarow The Orchards | Arcare Pty Ltd,Arcare Lisarow The Orchards,NSW,Private for Profit,Large,4.0,0.2099077204351921,0.0435760823187199,0.1663316381164722,Aligned,False,3.0,4.0,False,False,False,False,False,False
Hippocrates Aged Care Centre | Fronditha Care,Hippocrates Aged Care Centre,NSW,Not for Profit,Medium,4.0,0.3168080643034152,0.0435760823187199,0.2732319819846953,Aligned,False,3.0,5.0,False,True,False,False,False,False
Hillside at Figtree | Hillside Brae Pty Ltd,Hillside at Figtree,NSW,Private for Profit,Medium,3.0,-0.3842061305237146,-0.1719882124381784,-0.2122179180855362,Aligned,False,2.0,5.0,False,False,True,False,False,False
Uniting Berry | The Uniting Church in Australia Property Trust (NSW),Uniting Berry,NSW,Not for Profit,Large,3.0,0.12982676650524813,-0.1719882124381784,0.30181497894342657,Aligned,False,3.0,4.0,False,False,False,False,False,False
Estia Health Tea Gardens | Estia Investments Pty Ltd,Estia Health Tea Gardens,NSW,Private for Profit,Large,4.0,-0.209879139476849,0.0435760823187199,-0.2534552217955689,Aligned,False,3.0,5.0,True,False,False,False,False,False
Emily Gardens at the Rock | Lutheran Aged Care Albury,Emily Gardens at the Rock,NSW,Not for Profit,Small,4.0,-0.19611656524432716,0.0435760823187199,-0.23969264756304706,Aligned,False,2.0,5.0,False,False,True,False,False,False
Anthem | TBG Senior Living Services Pty Ltd,Anthem,NSW,Private for Profit,Large,4.0,1.2097389008855648,0.0435760823187199,1.166162818566845,Potentially under-rated,False,5.0,5.0,False,False,False,False,False,False
Uniting Eden | The Uniting Church in Australia Property Trust (NSW),Uniting Eden,NSW,Not for Profit,Medium,4.0,-0.27358286995261366,0.0435760823187199,-0.31715895227133356,Aligned,False,2.0,5.0,False,False,True,False,False,False
Aegis Ellenvale | Aegis Aged Care Group Pty Ltd,Aegis Ellenvale,WA,Private for Profit,Large,3.0,-0.36231830639874535,-0.1719882124381784,-0.19033009396056694,Aligned,False,1.0,5.0,True,False,True,False,False,False
"Karingal Green | Karingal Green Health, Aged and Community Care (WA) Pty Ltd",Karingal Green,WA,Private for Profit,Large,3.0,0.5032493365264047,-0.1719882124381784,0.6752375489645831,Potentially under-rated,False,3.0,4.0,True,False,False,False,False,True
Regents Garden Aubin Grove | Regents Garden Group Pty Ltd,Regents Garden Aubin Grove,WA,Private for Profit,Large,4.0,0.41814624404542816,0.0435760823187199,0.37457016172670826,Aligned,False,3.0,5.0,False,False,False,False,False,False
Mercy Place Mont Clare | Mercy Aged and Community Care Ltd,Mercy Place Mont Clare,WA,Not for Profit,Medium,3.0,0.5902074109989254,-0.1719882124381784,0.7621956234371038,Potentially under-rated,False,5.0,4.0,True,False,False,True,False,True
Southern Cross Care Stretton Gardens | Southern Cross Care (QLD) Ltd,Southern Cross Care Stretton Gardens,QLD,Not for Profit,Small,4.0,0.5934099981346482,0.0435760823187199,0.5498339158159283,Potentially under-rated,False,4.0,5.0,False,False,False,False,False,False
Churches of Christ Little Mountain Aged Care Service | Churches of Christ in Queensland,Churches of Christ Little Mountain Aged Care Service,QLD,Not for Profit,Medium,4.0,0.06662755781140826,0.0435760823187199,0.023051475492688364,Aligned,False,3.0,5.0,False,False,False,False,False,False
Estia Health Nambour | Estia Investments Pty Ltd,Estia Health Nambour,QLD,Private for Profit,Medium,4.0,-0.2863327997936261,0.0435760823187199,-0.329908882112346,Aligned,False,3.0,5.0,False,False,False,False,False,False
Bolton Clarke Buderim Views | RSL Care RDNS Limited,Bolton Clarke Buderim Views,QLD,Not for Profit,Large,4.0,-0.012582061315279522,0.0435760823187199,-0.05615814363399942,Aligned,False,3.0,4.0,False,False,False,False,False,False
Merrimac Park Private Care | Superior Care Group Pty Ltd,Merrimac Park Private Care,QLD,Private for Profit,Medium,4.0,0.3510182210490857,0.0435760823187199,0.3074421387303658,Aligned,False,3.0,3.0,False,False,False,False,False,False
Oaklands Park Lodge Residential Care | Southern Cross Care (SA NT & VIC) Incorporated,Oaklands Park Lodge Residential Care,SA,Not for Profit,Medium,3.0,0.3910092656514887,-0.1719882124381784,0.5629974780896672,Potentially under-rated,False,3.0,5.0,False,True,False,False,False,True
Barossa Park Lodge | OneCare Limited,Barossa Park Lodge,TAS,Not for Profit,Large,4.0,0.321121557872415,0.0435760823187199,0.2775454755536951,Aligned,False,5.0,5.0,False,False,False,False,False,False
Bupa Kyneton | Bupa Aged Care Australia Pty Ltd,Bupa Kyneton,VIC,Private for Profit,Medium,3.0,0.26884437795738975,-0.1719882124381784,0.44083259039556816,Aligned,False,3.0,5.0,False,True,False,False,False,False
Bolton Clarke Newmans on the Park | RSL Care RDNS Limited,Bolton Clarke Newmans on the Park,VIC,Not for Profit,Medium,4.0,0.2379515750444534,0.0435760823187199,0.1943754927257335,Aligned,False,3.0,4.0,False,False,False,False,False,False
Mercy Place Parkville | Mercy Aged and Community Care Ltd,Mercy Place Parkville,VIC,Not for Profit,Large,3.0,-0.6685005307775563,-0.1719882124381784,-0.4965123183393779,Potentially over-rated,False,1.0,4.0,False,False,True,False,False,False
Bupa Clayton | Bupa Aged Care Australia Pty Ltd,Bupa Clayton,VIC,Private for Profit,Large,3.0,-0.2596945671346544,-0.1719882124381784,-0.08770635469647597,Aligned,False,1.0,5.0,False,False,True,False,False,False
Villa Maria Catholic Homes Shanagolden Aged Care Residence | Villa Maria Catholic Homes Limited,Villa Maria Catholic Homes Shanagolden Aged Care Residence,VIC,Not for Profit,Medium,4.0,0.3214034527410565,0.0435760823187199,0.2778273704223366,Aligned,False,3.0,5.0,False,False,False,False,False,False
Regis Armadale | Regis Aged Care Pty Ltd,Regis Armadale,VIC,Private for Profit,Medium,4.0,-0.09920519575592844,0.0435760823187199,-0.14278127807464835,Aligned,False,3.0,5.0,False,True,False,False,False,False
Mercy Place Warrnambool | Mercy Aged and Community Care Ltd,Mercy Place Warrnambool,VIC,Not for Profit,Large,4.0,-0.713331701168528,0.0435760823187199,-0.7569077834872479,Potentially over-rated,False,2.0,5.0,False,False,True,False,False,False
Juniper Karinya | Uniting Church Homes,Juniper Karinya,WA,Not for Profit,Medium,3.0,-0.6425063858618109,-0.1719882124381784,-0.47051817342363245,Potentially over-rated,False,1.0,4.0,True,False,True,False,False,False
Bolton Clarke The Terraces | RSL Care RDNS Limited,Bolton Clarke The Terraces,QLD,Not for Profit,Large,4.0,0.3009801080316555,0.0435760823187199,0.2574040257129356,Aligned,False,3.0,4.0,False,False,False,False,False,False
Aegis Parkview | Lakeside Hostel Pty Ltd,Aegis Parkview,WA,Private for Profit,Medium,3.0,-0.2583236430935256,-0.1719882124381784,-0.08633543065534721,Aligned,False,1.0,5.0,False,True,True,False,False,False
Anglican Care Kilpatrick Court | Anglican Care,Anglican Care Kilpatrick Court,NSW,Not for Profit,Large,3.0,0.37190721126193865,-0.1719882124381784,0.543895423700117,Potentially under-rated,False,3.0,4.0,False,False,False,False,False,True
Anglican Care Scenic Lodge Merewether | Anglican Care,Anglican Care Scenic Lodge Merewether,NSW,Not for Profit,Small,4.0,0.5383157297739778,0.0435760823187199,0.4947396474552579,Potentially under-rated,False,5.0,5.0,False,False,False,True,False,False
Pines Living | Pines Living Pty Ltd,Pines Living,ACT,Private for Profit,Large,4.0,-0.308290515569809,0.0435760823187199,-0.3518665978885289,Aligned,False,1.0,5.0,False,False,True,False,False,False
Bupa Willoughby | Bupa Aged Care Australia Pty Ltd,Bupa Willoughby,NSW,Private for Profit,Medium,4.0,0.5166690973434396,0.0435760823187199,0.4730930150247197,Potentially under-rated,False,4.0,5.0,True,False,False,True,False,False
Chestnut Gardens Aged Care Home | Monash Health,Chestnut Gardens Aged Care Home,VIC,Government,Medium,4.0,-1.5827340778962995,0.0435760823187199,-1.6263101602150194,Potentially over-rated,True,1.0,5.0,False,False,True,False,False,False
Warrigal Care Stirling | Warrigal Care Limited,Warrigal Care Stirling,ACT,Not for Profit,Large,4.0,-0.19549108211463392,0.0435760823187199,-0.23906716443335382,Aligned,False,2.0,5.0,False,False,True,False,False,False
Wallsend Manor Aged Care | Wallsend Manor Aged Care Pty Ltd,Wallsend Manor Aged Care,NSW,Private for Profit,Medium,4.0,-0.7298372725810189,0.0435760823187199,-0.7734133548997388,Potentially over-rated,False,3.0,5.0,False,False,False,False,False,False
Hixson Gardens Aged Care Facility | Arete Health Care (Bankstown) Pty Ltd,Hixson Gardens Aged Care Facility,NSW,Private for Profit,Medium,4.0,0.3654289080775775,0.0435760823187199,0.3218528257588576,Aligned,False,4.0,5.0,False,True,False,True,False,False
Bupa Ballina | Bupa Aged Care Australia Pty Ltd,Bupa Ballina,NSW,Private for Profit,Large,3.0,-0.10845405640210354,-0.1719882124381784,0.06353415603607487,Aligned,False,2.0,5.0,False,False,True,False,False,False
Moran Kellyville | Moran Australia (Aged Care Services) Pty Ltd,Moran Kellyville,NSW,Private for Profit,Large,4.0,0.128601268149222,0.0435760823187199,0.08502518583050209,Aligned,False,3.0,5.0,False,False,False,False,False,False
HammondCare Scarborough | HammondCare,HammondCare Scarborough,NSW,Not for Profit,Medium,4.0,-1.159845835445807,0.0435760823187199,-1.203421917764527,Potentially over-rated,False,1.0,5.0,False,False,True,False,False,False
BaptistCare The Gracewood Centre | BaptistCare,BaptistCare The Gracewood Centre,NSW,Not for Profit,Large,4.0,0.3482666874581521,0.0435760823187199,0.3046906051394322,Aligned,False,3.0,5.0,False,False,False,False,False,False
Pearl Supported Care | Southern Cross Care (SA NT & VIC) Incorporated,Pearl Supported Care,NT,Not for Profit,Medium,4.0,0.10722377598422635,0.0435760823187199,0.06364769366550645,Aligned,False,2.0,5.0,False,False,True,False,False,False
Harbour Quays Residential Aged Care | Provectus Care Pty Limited,Harbour Quays Residential Aged Care,QLD,Private for Profit,Large,5.0,0.7305777828596653,0.2591403770756181,0.47143740578404725,Potentially under-rated,False,4.0,5.0,False,False,False,False,False,False
New Auckland Place | Johnson Stenner Aged Care Pty Limited,New Auckland Place,QLD,Private for Profit,Large,4.0,0.21386595455679017,0.0435760823187199,0.17028987223807027,Aligned,False,3.0,5.0,False,False,False,False,False,False
Bupa Tugun | Bupa Aged Care Australia Pty Ltd,Bupa Tugun,QLD,Private for Profit,Large,3.0,-0.541572473312651,-0.1719882124381784,-0.3695842608744726,Aligned,False,1.0,5.0,False,False,True,False,False,False
Bupa Mt Sheridan | Bupa Aged Care Australia Pty Ltd,Bupa Mt Sheridan,QLD,Private for Profit,Large,4.0,0.31070354665683375,0.0435760823187199,0.26712746433811385,Aligned,False,4.0,5.0,False,False,False,False,False,False
Palm Lake Aged Care Deception Bay | Palm Lake Care Operations Pty Ltd,Palm Lake Aged Care Deception Bay,QLD,Private for Profit,Medium,3.0,-0.6661485743708987,-0.1719882124381784,-0.4941603619327203,Potentially over-rated,False,2.0,3.0,False,False,True,False,False,False
Estia Health Hervey Bay | Estia Investments Pty Ltd,Estia Health Hervey Bay,QLD,Private for Profit,Large,3.0,-0.45008802054361197,-0.1719882124381784,-0.27809980810543355,Aligned,False,3.0,5.0,False,False,False,False,False,False
Bolton Clarke Capella Bay | RSL Care RDNS Limited,Bolton Clarke Capella Bay,QLD,Not for Profit,Large,4.0,0.6837665930604323,0.0435760823187199,0.6401905107417124,Potentially under-rated,False,5.0,4.0,False,False,False,False,False,False
ACH Group Residential Care - ViTA | Aged Care & Housing Group Inc,ACH Group Residential Care - ViTA,SA,Not for Profit,Small,4.0,0.006059095726936927,0.0435760823187199,-0.03751698659178297,Aligned,False,3.0,5.0,False,True,False,False,False,False
Forest Lodge Residential Aged Care | Great Oaks Pty Ltd,Forest Lodge Residential Aged Care,VIC,Private for Profit,Large,3.0,-0.5073555514758702,-0.1719882124381784,-0.3353673390376918,Aligned,False,2.0,4.0,False,False,False,False,False,False
Bupa Mildura | Bupa Aged Care Australia Pty Ltd,Bupa Mildura,VIC,Private for Profit,Medium,4.0,0.31517206032219464,0.0435760823187199,0.27159597800347474,Aligned,False,4.0,5.0,False,False,False,True,False,False
Bupa Eastwood | Bupa Aged Care Australia Pty Ltd,Bupa Eastwood,VIC,Private for Profit,Medium,4.0,-0.21985434320966554,0.0435760823187199,-0.26343042552838547,Aligned,False,3.0,5.0,False,False,False,False,False,False
Bayview Haven | Respect Group Limited,Bayview Haven,VIC,Not for Profit,Medium,3.0,0.061804670300819875,-0.1719882124381784,0.2337928827389983,Aligned,False,3.0,4.0,False,False,False,False,False,False
mecwacare Squires Place | MECWA Limited,mecwacare Squires Place,VIC,Not for Profit,Small,4.0,-0.06372174088001793,0.0435760823187199,-0.10729782319873783,Aligned,False,3.0,5.0,False,True,False,False,False,False
Aegis Amberley | Aegis Aged Care Group Pty Ltd,Aegis Amberley,WA,Private for Profit,Large,4.0,-0.20602418361791477,0.0435760823187199,-0.24960026593663467,Aligned,False,2.0,5.0,False,False,True,False,False,False
Aegis Hermitage | Aegis Aged Care Group Pty Ltd,Aegis Hermitage,WA,Private for Profit,Large,4.0,-0.15494356043157714,0.0435760823187199,-0.19851964275029704,Aligned,False,2.0,5.0,False,False,True,False,False,False
Catholic Healthcare St Peter's Lane Cove North | Catholic Healthcare Limited,Catholic Healthcare St Peter's Lane Cove North,NSW,Not for Profit,Medium,4.0,0.35456564303542976,0.0435760823187199,0.31098956071670986,Aligned,False,4.0,5.0,False,False,False,False,False,False
Pathways Sailors Bay | Pathways Aged Care Pty Limited,Pathways Sailors Bay,NSW,Private for Profit,Large,4.0,0.15834372287779197,0.0435760823187199,0.11476764055907207,Aligned,False,3.0,5.0,False,False,False,False,False,False
Melbourne Hebrew Memorial Nursing Home | Jewish Care (Victoria) Inc,Melbourne Hebrew Memorial Nursing Home,VIC,Not for Profit,Large,4.0,0.11629984382197067,0.0435760823187199,0.07272376150325077,Aligned,False,3.0,5.0,False,False,False,False,False,False
Bolton Clarke Pemulwuy | RSL Care RDNS Limited,Bolton Clarke Pemulwuy,NSW,Not for Profit,Large,4.0,0.18523988949033074,0.0435760823187199,0.14166380717161084,Aligned,False,3.0,5.0,False,False,False,False,False,False
Banksia Lodge Residential Aged Care Service | Shepparton Retirement Villages Inc,Banksia Lodge Residential Aged Care Service,VIC,Not for Profit,Medium,4.0,-0.3232744306957949,0.0435760823187199,-0.3668505130145148,Aligned,False,2.0,5.0,False,True,True,False,False,False
Doutta Galla Footscray Aged Care Facility | Doutta Galla Aged Services Ltd,Doutta Galla Footscray Aged Care Facility,VIC,Not for Profit,Medium,4.0,-0.006899444805623022,0.0435760823187199,-0.050475527124342924,Aligned,False,3.0,5.0,False,True,False,False,False,False
Baptistcare Balladong Gardens | BaptistCare,Baptistcare Balladong Gardens,WA,Not for Profit,Small,3.0,-0.5932749344889685,-0.1719882124381784,-0.4212867220507901,Aligned,False,1.0,4.0,False,False,True,False,False,False
Resthaven Mount Gambier | Resthaven Inc,Resthaven Mount Gambier,SA,Not for Profit,Medium,4.0,-0.2228182134649674,0.0435760823187199,-0.26639429578368734,Aligned,False,3.0,5.0,False,True,False,False,False,False
Anglicare Marcus Loane House | Anglican Community Services,Anglicare Marcus Loane House,NSW,Not for Profit,Large,4.0,0.34601561721176655,0.0435760823187199,0.30243953489304665,Aligned,False,3.0,5.0,False,False,False,False,False,False
Mark Donaldson VC House | RSL LifeCare Limited,Mark Donaldson VC House,NSW,Not for Profit,Medium,4.0,0.022298737258242107,0.0435760823187199,-0.021277345060477793,Aligned,False,3.0,5.0,False,True,False,False,False,False
Bupa Baulkham Hills | Bupa Aged Care Australia Pty Ltd,Bupa Baulkham Hills,NSW,Private for Profit,Large,3.0,-0.4279122201974747,-0.1719882124381784,-0.2559240077592963,Aligned,False,1.0,5.0,False,False,False,False,False,False
Rocky Point Residence | The Sisters of Our Lady of China Health Care Pty Ltd,Rocky Point Residence,NSW,Private for Profit,Medium,4.0,1.0377720887790003,0.0435760823187199,0.9941960064602804,Potentially under-rated,False,5.0,5.0,False,False,False,False,False,False
SummitCare Baulkham Hills | SummitCare Baulkham Hills (NSW) Pty Ltd,SummitCare Baulkham Hills,NSW,Private for Profit,Large,3.0,-0.3065245855222511,-0.1719882124381784,-0.13453637308407268,Aligned,False,1.0,5.0,True,False,True,False,False,False
Moran Engadine | Moran Australia (Residential Aged Care) Pty Limited,Moran Engadine,NSW,Private for Profit,Large,3.0,-0.007522364884783944,-0.1719882124381784,0.16446584755339447,Aligned,False,2.0,4.0,False,False,False,False,False,False
Bupa Bankstown | Bupa Aged Care Australia Pty Ltd,Bupa Bankstown,NSW,Private for Profit,Large,4.0,0.750506631545257,0.0435760823187199,0.7069305492265371,Potentially under-rated,False,4.0,5.0,False,False,False,True,False,False
Palm Lake Bethania Aged Care Facility | Palm Lake Care Operations Pty Ltd,Palm Lake Bethania Aged Care Facility,QLD,Private for Profit,Large,4.0,0.05912151534268356,0.0435760823187199,0.015545433023963662,Aligned,False,3.0,5.0,False,False,False,False,False,False
Arcare Hope Island | Hope Island Care Pty Ltd,Arcare Hope Island,QLD,Private for Profit,Large,4.0,0.13764497058267727,0.0435760823187199,0.09406888826395737,Aligned,False,3.0,5.0,True,False,False,False,False,False
Bolton Clarke Glendale | RSL Care RDNS Limited,Bolton Clarke Glendale,QLD,Not for Profit,Medium,4.0,0.2705818746083744,0.0435760823187199,0.2270057922896545,Aligned,False,3.0,5.0,False,False,False,False,False,False
Kewarra Beach Aged Care | Kewarra Lifestyles Pty Ltd,Kewarra Beach Aged Care,QLD,Private for Profit,Medium,4.0,0.10632374591522802,0.0435760823187199,0.06274766359650812,Aligned,False,3.0,5.0,False,False,False,False,False,False
Regis Ferny Grove | Regis Group Pty Ltd,Regis Ferny Grove,QLD,Private for Profit,Large,3.0,-0.38151811459929746,-0.1719882124381784,-0.20952990216111905,Aligned,False,1.0,5.0,False,False,True,False,False,False
Helping Hand Aged Care - Lightsview | Helping Hand Aged Care Inc,Helping Hand Aged Care - Lightsview,SA,Not for Profit,Large,3.0,-0.4480292941233748,-0.1719882124381784,-0.27604108168519637,Aligned,False,1.0,5.0,False,True,True,False,False,False
The Heights Donvale | TLC Melbourne Pty Ltd,The Heights Donvale,VIC,Private for Profit,Medium,3.0,0.03190107241246626,-0.1719882124381784,0.20388928485064467,Aligned,False,3.0,5.0,True,True,False,False,False,False
Estia Health Healesville | Estia Investments Pty Ltd,Estia Health Healesville,VIC,Private for Profit,Medium,3.0,-0.4584423362281336,-0.1719882124381784,-0.28645412378995516,Aligned,False,2.0,4.0,False,False,False,False,False,False
Peninsula Grange Aged Care | Australian Unity Care Services Pty Ltd,Peninsula Grange Aged Care,VIC,Private for Profit,Large,4.0,-0.06904064748459954,0.0435760823187199,-0.11261672980331944,Aligned,False,3.0,5.0,False,False,False,False,False,False
Rathdowne Place | Australian Unity Care Services Pty Ltd,Rathdowne Place,VIC,Private for Profit,Large,4.0,0.3184767664023083,0.0435760823187199,0.2749006840835884,Aligned,False,3.0,5.0,False,True,False,False,False,False
Arcare Point Lonsdale | Arcare Pty Ltd,Arcare Point Lonsdale,VIC,Private for Profit,Medium,4.0,0.13172321908643095,0.0435760823187199,0.08814713676771105,Aligned,False,3.0,5.0,False,True,False,False,False,False
Anglicare Newmarch House | Anglican Community Services,Anglicare Newmarch House,NSW,Not for Profit,Medium,4.0,0.21102800227263319,0.0435760823187199,0.1674519199539133,Aligned,False,3.0,5.0,False,False,False,False,False,False
Pathways Cronulla Pines | Pathways Aged Care Pty Limited,Pathways Cronulla Pines,NSW,Private for Profit,Large,3.0,0.11263860950407263,-0.1719882124381784,0.28462682194225103,Aligned,False,2.0,4.0,True,False,True,False,False,False
Havilah on Palmerston | Havilah Hostel Inc,Havilah on Palmerston,VIC,Not for Profit,Small,4.0,0.1111719907954614,0.0435760823187199,0.0675959084767415,Aligned,False,4.0,4.0,False,False,False,False,False,False
Estia Health Pacific Paradise | Estia Investments Pty Ltd,Estia Health Pacific Paradise,QLD,Private for Profit,Large,4.0,-0.05290923488921384,0.0435760823187199,-0.09648531720793374,Aligned,False,2.0,5.0,False,False,True,False,False,False
Churches of Christ Stanthorpe Aged Care Service | Churches of Christ in Queensland,Churches of Christ Stanthorpe Aged Care Service,QLD,Not for Profit,Large,4.0,-0.06464974359945193,0.0435760823187199,-0.10822582591817183,Aligned,False,3.0,5.0,False,False,False,False,False,False
Estia Health Lockleys | Estia Investments Pty Ltd,Estia Health Lockleys,SA,Private for Profit,Large,3.0,-0.0891251842520751,-0.1719882124381784,0.08286302818610332,Aligned,False,3.0,5.0,False,True,False,False,False,False
Alkira Gardens | The Sisters of Our Lady of China Health Care Pty Ltd,Alkira Gardens,NSW,Private for Profit,Medium,4.0,0.8984713601838975,0.0435760823187199,0.8548952778651776,Potentially under-rated,False,5.0,5.0,False,False,False,False,False,False
Arcare Caulfield | Arcare Pty Ltd,Arcare Caulfield,VIC,Private for Profit,Large,4.0,-0.12408354747685096,0.0435760823187199,-0.16765962979557086,Aligned,False,3.0,5.0,False,False,False,False,False,False
Anglicare Barry Marsh House | Anglican Community Services,Anglicare Barry Marsh House,NSW,Not for Profit,Medium,4.0,1.0147803453486481,0.0435760823187199,0.9712042630299282,Potentially under-rated,False,5.0,5.0,False,False,False,False,False,False
St Brigid's Green Maroubra | Greengate Care Pty Ltd,St Brigid's Green Maroubra,NSW,Private for Profit,Medium,4.0,0.28847837276602895,0.0435760823187199,0.24490229044730905,Aligned,False,4.0,5.0,False,False,False,False,False,False
Gumleigh Gardens Hostel | United Protestant Association of NSW Limited,Gumleigh Gardens Hostel,NSW,Not for Profit,Small,4.0,-0.3700272078368733,0.0435760823187199,-0.4136032901555932,Aligned,False,2.0,5.0,False,False,True,False,False,False
The Royce Manor | The Royce Aged Care Pty Ltd,The Royce Manor,NSW,Private for Profit,Large,3.0,0.40819406108530143,-0.1719882124381784,0.5801822735234798,Potentially under-rated,False,4.0,4.0,False,False,False,False,False,True
Warrigal Care Shell Cove | Warrigal Care Limited,Warrigal Care Shell Cove,NSW,Not for Profit,Large,4.0,-0.25012808939381664,0.0435760823187199,-0.29370417171253654,Aligned,False,3.0,5.0,False,False,False,False,False,False
Bolton Clarke Seaton Place | RSL Care RDNS Limited,Bolton Clarke Seaton Place,QLD,Not for Profit,Large,4.0,0.2137963181410405,0.0435760823187199,0.1702202358223206,Aligned,False,4.0,4.0,False,False,False,False,False,False
St Vincent Care Services Boondall | St Vincent's Care Services Ltd,St Vincent Care Services Boondall,QLD,Not for Profit,Small,4.0,0.1644536409724897,0.0435760823187199,0.12087755865376981,Aligned,False,5.0,4.0,False,False,False,False,False,False
Beaumont Care Wamuran | Beaumont Care (Holdings) Pty Ltd,Beaumont Care Wamuran,QLD,Private for Profit,Medium,4.0,-0.5097163528646768,0.0435760823187199,-0.5532924351833967,Potentially over-rated,False,2.0,5.0,False,False,True,False,False,False
Regis Chelmer | Regis Aged Care Pty Ltd,Regis Chelmer,QLD,Private for Profit,Large,4.0,0.45705532170833013,0.0435760823187199,0.41347923938961023,Aligned,False,3.0,5.0,False,False,False,False,False,False
Carinity Cedarbrook | The Baptist Union of Queensland,Carinity Cedarbrook,QLD,Not for Profit,Medium,4.0,0.6571787771224336,0.0435760823187199,0.6136026948037137,Potentially under-rated,False,5.0,5.0,False,False,False,False,False,False
Palm Lake Care Bargara | Palm Lake Care Operations Pty Ltd,Palm Lake Care Bargara,QLD,Private for Profit,Large,4.0,-0.0823515227861178,0.0435760823187199,-0.1259276051048377,Aligned,False,2.0,5.0,False,False,True,False,False,False
Arcare Peregian Springs | Arcare Pty Ltd,Arcare Peregian Springs,QLD,Private for Profit,Medium,4.0,-0.41290573500273214,0.0435760823187199,-0.45648181732145204,Aligned,False,1.0,5.0,False,False,True,False,False,False
Seabrae Manor | Tingari Group Pty Ltd,Seabrae Manor,QLD,Private for Profit,Medium,4.0,-0.15140075779554807,0.0435760823187199,-0.19497684011426797,Aligned,False,2.0,5.0,False,False,True,False,False,False
Resthaven Port Elliot | Resthaven Inc,Resthaven Port Elliot,SA,Not for Profit,Medium,4.0,0.4909464017928049,0.0435760823187199,0.447370319474085,Aligned,False,4.0,5.0,False,False,False,False,False,False
Aeralife Watergardens | Heritage Care Pty Ltd,Aeralife Watergardens,VIC,Private for Profit,Large,3.0,-0.4235225192529532,-0.1719882124381784,-0.2515343068147748,Aligned,False,2.0,5.0,False,True,True,False,False,False
Point Cook Manor | Wickro Pty Ltd,Point Cook Manor,VIC,Private for Profit,Large,4.0,0.2755114544452098,0.0435760823187199,0.2319353721264899,Aligned,False,3.0,5.0,False,False,False,False,False,False
Baptcare Brookview Community | Baptcare Ltd,Baptcare Brookview Community,VIC,Not for Profit,Medium,4.0,0.6070507705461866,0.0435760823187199,0.5634746882274667,Potentially under-rated,False,4.0,5.0,False,True,False,False,False,False
Arcare Keysborough | Arcare Pty Ltd,Arcare Keysborough,VIC,Private for Profit,Medium,4.0,0.33145190987840195,0.0435760823187199,0.28787582755968205,Aligned,False,3.0,5.0,False,False,False,False,False,False
Bethanie Subiaco | THE BETHANIE GROUP INC,Bethanie Subiaco,WA,Not for Profit,Medium,4.0,0.03468505588096499,0.0435760823187199,-0.008891026437754912,Aligned,False,3.0,5.0,False,False,False,False,False,False
Estia Health Gold Coast | Estia Investments Pty Ltd,Estia Health Gold Coast,QLD,Private for Profit,Medium,4.0,0.20414730987023613,0.0435760823187199,0.16057122755151623,Aligned,False,4.0,5.0,False,False,False,False,False,False
Homewood Gardens | Homewood Care Pty Limited,Homewood Gardens,NSW,Private for Profit,Small,4.0,0.34730741048343,0.0435760823187199,0.3037313281647101,Aligned,False,4.0,4.0,True,False,False,False,False,False
Catholic Healthcare St Paul's Residential Aged Care | Catholic Healthcare Limited,Catholic Healthcare St Paul's Residential Aged Care,NSW,Not for Profit,Small,5.0,0.9375790313615466,0.2591403770756181,0.6784386542859285,Potentially under-rated,False,5.0,5.0,False,False,False,False,False,False
Markmoran at Vaucluse | Mark Moran Group Pty Limited,Markmoran at Vaucluse,NSW,Private for Profit,Medium,5.0,0.1537606605401296,0.2591403770756181,-0.1053797165354885,Aligned,False,3.0,5.0,False,False,False,False,False,False
Port Pirie Regional Health Service - Hammill House | Yorke and Northern Local Health Network Incorporated,Port Pirie Regional Health Service - Hammill House,SA,Government,Small,4.0,-0.4484851418023039,0.0435760823187199,-0.4920612241210238,Potentially over-rated,False,3.0,5.0,False,True,False,False,False,False
Southern Cross Care Lavington Residential Aged Care | Southern Cross Care (NSW & ACT) Limited,Southern Cross Care Lavington Residential Aged Care,NSW,Not for Profit,Small,5.0,0.24422422680483358,0.2591403770756181,-0.014916150270784523,Aligned,False,5.0,5.0,False,False,False,False,False,False
RFBI Dubbo Masonic Village | Royal Freemasons' Benevolent Institution,RFBI Dubbo Masonic Village,NSW,Not for Profit,Medium,3.0,0.011592168921313853,-0.1719882124381784,0.18358038135949226,Aligned,False,3.0,5.0,False,False,False,False,False,False
Estia Health Aberglasslyn | Estia Investments Pty Ltd,Estia Health Aberglasslyn,NSW,Private for Profit,Large,4.0,0.5160233208155877,0.0435760823187199,0.47244723849686776,Potentially under-rated,False,4.0,4.0,False,False,False,False,False,False
Regis Elermore Vale | Regis Aged Care Pty Ltd,Regis Elermore Vale,NSW,Private for Profit,Large,4.0,-0.16173182960925792,0.0435760823187199,-0.20530791192797782,Aligned,False,3.0,5.0,True,False,False,False,False,False
HammondCare - Wahroonga | HammondCare,HammondCare - Wahroonga,NSW,Not for Profit,Small,3.0,-0.5616630329863114,-0.1719882124381784,-0.38967482054813296,Aligned,False,2.0,4.0,False,False,True,False,False,False
Ron Middleton VC Gardens | RSL LifeCare Limited,Ron Middleton VC Gardens,NSW,Not for Profit,Medium,4.0,0.0642155297693097,0.0435760823187199,0.020639447450589807,Aligned,False,3.0,4.0,False,False,False,False,False,False
St Basil's Randwick | St Basil's Homes,St Basil's Randwick,NSW,Not for Profit,Large,4.0,-0.1572098803578377,0.0435760823187199,-0.2007859626765576,Aligned,False,2.0,5.0,True,False,True,False,False,False
John Edmondson VC Gardens | RSL LifeCare Limited,John Edmondson VC Gardens,NSW,Not for Profit,Medium,4.0,-0.39023341093585157,0.0435760823187199,-0.43380949325457147,Aligned,False,3.0,5.0,False,False,False,False,False,False
Benjamin Short Grove | Mission Australia,Benjamin Short Grove,NSW,Not for Profit,Small,4.0,-0.3134414628348538,0.0435760823187199,-0.3570175451535737,Aligned,False,3.0,5.0,True,False,False,False,False,False
Mona Tait Gardens | Morshead Home For Veterans and Other Aged Persons Limited,Mona Tait Gardens,ACT,Not for Profit,Medium,4.0,-0.3384205276343451,0.0435760823187199,-0.381996609953065,Aligned,False,2.0,5.0,True,False,True,False,False,False
Warrigal Care Calwell | Warrigal Care Limited,Warrigal Care Calwell,ACT,Not for Profit,Large,4.0,-0.1673184385564951,0.0435760823187199,-0.210894520875215,Aligned,False,2.0,5.0,False,True,True,False,False,False
Woodford Manor Aged Care | Tingari Group Pty Ltd,Woodford Manor Aged Care,QLD,Private for Profit,Medium,4.0,-0.0034263871379438733,0.0435760823187199,-0.047002469456663774,Aligned,False,3.0,5.0,False,False,False,False,False,False
Burpengary Manor Aged Care | Tingari Group Pty Ltd,Burpengary Manor Aged Care,QLD,Private for Profit,Large,3.0,-0.03764411720492223,-0.1719882124381784,0.1343440952332562,Aligned,False,2.0,5.0,False,True,True,False,False,False
Carinity Fairfield Grange | The Baptist Union of Queensland,Carinity Fairfield Grange,QLD,Not for Profit,Medium,3.0,-1.1334195995565106,-0.1719882124381784,-0.9614313871183322,Potentially over-rated,False,1.0,5.0,False,True,True,False,False,False
Kerrisdale Gardens | Good Shepherd Lodge Ltd,Kerrisdale Gardens,QLD,Not for Profit,Medium,4.0,-0.17178581168633333,0.0435760823187199,-0.21536189400505323,Aligned,False,1.0,5.0,False,False,True,False,False,False
Bolton Clarke The Ormsby | RSL Care RDNS Limited,Bolton Clarke The Ormsby,QLD,Not for Profit,Large,4.0,0.6228403895332405,0.0435760823187199,0.5792643072145206,Potentially under-rated,False,5.0,3.0,False,False,False,False,False,False
Arcare Maroochydore | Arcare Pty Ltd,Arcare Maroochydore,QLD,Private for Profit,Medium,4.0,0.11822289433223739,0.0435760823187199,0.07464681201351749,Aligned,False,3.0,5.0,False,True,False,False,False,False
St Luke's Green Residential Care | Greengate Care Pty Ltd,St Luke's Green Residential Care,QLD,Private for Profit,Small,4.0,0.09757810823115003,0.0435760823187199,0.05400202591243013,Aligned,False,3.0,5.0,False,False,False,False,False,False
NewDirection Care at Bellmere | NewDirection Bellmere Pty Ltd,NewDirection Care at Bellmere,QLD,Private for Profit,Large,4.0,0.266342789016546,0.0435760823187199,0.2227667066978261,Aligned,False,4.0,5.0,False,True,False,False,False,False
Oakfield Lodge Residential Care | Southern Cross Care (SA NT & VIC) Incorporated,Oakfield Lodge Residential Care,SA,Not for Profit,Medium,3.0,-0.38187752833668714,-0.1719882124381784,-0.20988931589850873,Aligned,False,3.0,5.0,True,False,False,False,False,False
Jamestown Hospital and Health Service | Yorke and Northern Local Health Network Incorporated,Jamestown Hospital and Health Service,SA,Government,Small,5.0,-0.37467269415999277,0.2591403770756181,-0.6338130712356109,Potentially over-rated,False,3.0,5.0,False,False,False,False,False,False
Fairway Rise | Southern Cross Care (Tas) Inc,Fairway Rise,TAS,Not for Profit,Medium,3.0,0.07742503495463049,-0.1719882124381784,0.2494132473928089,Aligned,False,3.0,5.0,False,False,False,False,False,False
Bupa Traralgon | Bupa Aged Care Australia Pty Ltd,Bupa Traralgon,VIC,Private for Profit,Large,4.0,0.16647078847259403,0.0435760823187199,0.12289470615387413,Aligned,False,4.0,4.0,False,False,False,False,False,False
Bupa Echuca | Bupa Aged Care Australia Pty Ltd,Bupa Echuca,VIC,Private for Profit,Large,4.0,-0.10003063490980019,0.0435760823187199,-0.1436067172285201,Aligned,False,3.0,5.0,False,False,False,False,False,False
Hepburn House | Daylesford Aged Care Services Pty Ltd,Hepburn House,VIC,Private for Profit,Large,4.0,0.3275114020027836,0.0435760823187199,0.2839353196840637,Aligned,False,4.0,5.0,False,False,False,True,False,False
Embracia Moonee Valley | Embracia Victoria Pty Ltd,Embracia Moonee Valley,VIC,Private for Profit,Large,3.0,-0.02735082080731697,-0.1719882124381784,0.14463739163086145,Aligned,False,3.0,5.0,True,True,False,False,False,False
Ocean Mist Aged Care | OC Health Torquay Pty Ltd,Ocean Mist Aged Care,VIC,Private for Profit,Medium,3.0,0.27694165501344886,-0.1719882124381784,0.4489298674516273,Aligned,False,3.0,5.0,False,False,False,False,False,True
Arcare Craigieburn | Arcare Pty Ltd,Arcare Craigieburn,VIC,Private for Profit,Medium,3.0,-0.10948999200722352,-0.1719882124381784,0.06249822043095489,Aligned,False,2.0,5.0,False,False,True,False,False,False
Juniper Gerdewoonem | Uniting Church Homes,Juniper Gerdewoonem,WA,Not for Profit,Small,3.0,-0.4547275562580553,-0.1719882124381784,-0.28273934381987686,Aligned,False,2.0,5.0,False,True,True,False,False,False
Regents Garden Scarborough Condocare | Regents Garden Scarborough Pty Limited,Regents Garden Scarborough Condocare,WA,Private for Profit,Large,4.0,0.6021610188212231,0.0435760823187199,0.5585849365025032,Potentially under-rated,False,5.0,5.0,False,False,False,False,False,False
St Vincent's Care Services Bronte | St Vincent's Care Services Ltd,St Vincent's Care Services Bronte,NSW,Not for Profit,Large,4.0,0.4126401532528435,0.0435760823187199,0.3690640709341236,Aligned,False,4.0,5.0,False,True,False,False,False,False
MYVISTA Mirrabooka | Stirling Ethnic Aged Home Association (Inc),MYVISTA Mirrabooka,WA,Not for Profit,Large,4.0,-0.05151834555031998,0.0435760823187199,-0.09509442786903988,Aligned,False,4.0,5.0,False,False,False,False,False,False
HammondCare - Cardiff | HammondCare,HammondCare - Cardiff,NSW,Not for Profit,Medium,4.0,-1.4460233624409475,0.0435760823187199,-1.4895994447596674,Potentially over-rated,True,1.0,5.0,False,False,True,False,False,False
Estia Health Glen Waverley | Estia Investments Pty Ltd,Estia Health Glen Waverley,VIC,Private for Profit,Small,4.0,0.12737058000252774,0.0435760823187199,0.08379449768380784,Aligned,False,3.0,5.0,False,True,False,False,False,False
CASS Residential Aged Care Facility | Chinese Australian Services Society Limited,CASS Residential Aged Care Facility,NSW,Not for Profit,Medium,4.0,0.6383926868099438,0.0435760823187199,0.5948166044912239,Potentially under-rated,False,3.0,5.0,False,False,False,False,False,False
Annie Green Court | Mission Australia,Annie Green Court,NSW,Not for Profit,Medium,4.0,0.011472837911829561,0.0435760823187199,-0.03210324440689034,Aligned,False,3.0,5.0,False,True,False,False,False,False
Arcare Oatlands | Arcare Pty Ltd,Arcare Oatlands,NSW,Private for Profit,Large,4.0,-0.037698122089719364,0.0435760823187199,-0.08127420440843927,Aligned,False,3.0,5.0,False,False,False,False,False,False
Albury Wodonga Health Residential Care Program | Albury Wodonga Health,Albury Wodonga Health Residential Care Program,VIC,Government,Small,5.0,-0.08986827835555689,0.2591403770756181,-0.349008655431175,Aligned,False,5.0,5.0,False,False,False,False,False,False
Caravonica Waters | IC (Cairns) Pty Ltd,Caravonica Waters,QLD,Private for Profit,Large,4.0,0.344162768811972,0.0435760823187199,0.3005866864932521,Aligned,False,3.0,5.0,False,False,False,False,False,False
Columbia Aged Care Services - Oberon Village | Columbia Nursing Homes Pty Ltd,Columbia Aged Care Services - Oberon Village,NSW,Private for Profit,Small,4.0,0.18806503133711497,0.0435760823187199,0.14448894901839507,Aligned,False,3.0,5.0,False,False,False,False,False,False
Arcare Parkview Malvern East | Arcare Pty Ltd,Arcare Parkview Malvern East,VIC,Private for Profit,Medium,4.0,-0.3154508324224861,0.0435760823187199,-0.359026914741206,Aligned,False,2.0,5.0,True,False,True,False,False,False
Bupa Templestowe | Bupa Aged Care Australia Pty Ltd,Bupa Templestowe,VIC,Private for Profit,Large,3.0,0.016985027688512497,-0.1719882124381784,0.18897324012669092,Aligned,False,3.0,5.0,True,True,False,False,False,False
Kintyre Lodge - Dubbo | BaptistCare,Kintyre Lodge - Dubbo,NSW,Not for Profit,Medium,4.0,-0.1474024401406614,0.0435760823187199,-0.1909785224593813,Aligned,False,2.0,5.0,False,False,False,False,False,False
Arthur Blackburn VC Gardens | RSL LifeCare Limited,Arthur Blackburn VC Gardens,NSW,Not for Profit,Medium,4.0,-0.5598246305958724,0.0435760823187199,-0.6034007129145923,Potentially over-rated,False,2.0,5.0,False,False,True,False,False,False
Bupa Ballarat | Bupa Aged Care Australia Pty Ltd,Bupa Ballarat,VIC,Private for Profit,Large,4.0,0.3616359268277352,0.0435760823187199,0.3180598445090153,Aligned,False,4.0,5.0,False,False,False,False,False,False
Bolton Clarke Camberwell Green | RSL Care RDNS Limited,Bolton Clarke Camberwell Green,VIC,Not for Profit,Small,4.0,0.21199113402597894,0.0435760823187199,0.16841505170725904,Aligned,False,3.0,5.0,False,False,False,False,False,False
Bolton Clarke Templestowe Manor | RSL Care RDNS Limited,Bolton Clarke Templestowe Manor,VIC,Not for Profit,Small,3.0,0.490640785922933,-0.1719882124381784,0.6626289983611113,Potentially under-rated,False,3.0,5.0,True,True,False,False,False,False
St Patrick's Green | Greengate Care Pty Ltd,St Patrick's Green,NSW,Private for Profit,Medium,4.0,-0.21880304006676146,0.0435760823187199,-0.26237912238548133,Aligned,False,3.0,5.0,False,False,False,False,False,False
Baptcare Wattle Grove Community | Baptcare Ltd,Baptcare Wattle Grove Community,VIC,Not for Profit,Large,3.0,-0.04246006746220617,-0.1719882124381784,0.12952814497597223,Aligned,False,1.0,5.0,True,True,True,False,False,False
Mercy Place Ballarat | Mercy Aged and Community Care Ltd,Mercy Place Ballarat,VIC,Not for Profit,Large,4.0,-0.3435096328860689,0.0435760823187199,-0.3870857152047888,Aligned,False,3.0,5.0,False,False,False,False,False,False
Bupa Clemton Park | Bupa Aged Care Australia Pty Ltd,Bupa Clemton Park,NSW,Private for Profit,Large,4.0,0.19804487667437157,0.0435760823187199,0.15446879435565167,Aligned,False,3.0,5.0,False,False,False,False,False,False
Luson The Vue | Luson Aged Care Pty Ltd,Luson The Vue,VIC,Not for Profit,Large,4.0,0.47937681040517055,0.0435760823187199,0.43580072808645065,Aligned,False,5.0,5.0,False,False,False,False,False,False
Frankston Nursing Home | Merakis Enterprises Pty Ltd,Frankston Nursing Home,VIC,Private for Profit,Small,4.0,-0.3910084195537367,0.0435760823187199,-0.4345845018724566,Aligned,False,2.0,5.0,False,False,True,False,False,False
Baptcare The Orchards Community | Baptcare Ltd,Baptcare The Orchards Community,VIC,Not for Profit,Large,4.0,0.18029460009701906,0.0435760823187199,0.13671851777829916,Aligned,False,4.0,5.0,True,False,False,False,False,False
Carinity Brownesholme Manor | The Baptist Union of Queensland,Carinity Brownesholme Manor,QLD,Not for Profit,Medium,4.0,1.1404415631412863,0.0435760823187199,1.0968654808225664,Potentially under-rated,False,5.0,5.0,False,False,False,False,False,False
Bupa Runaway Bay | Bupa Aged Care Australia Pty Ltd,Bupa Runaway Bay,QLD,Private for Profit,Medium,3.0,-0.12504262535249808,-0.1719882124381784,0.046945587085680335,Aligned,False,3.0,5.0,False,False,False,False,False,False
Narangba Community Aged Care | Luson Aged Care Pty Ltd,Narangba Community Aged Care,QLD,Not for Profit,Large,3.0,0.18143146723685874,-0.1719882124381784,0.3534196796750372,Aligned,False,4.0,4.0,False,False,False,False,False,False
St Vincent's Care Services Maroochydore | St Vincent's Care Services Ltd,St Vincent's Care Services Maroochydore,QLD,Not for Profit,Large,4.0,-0.222797227756473,0.0435760823187199,-0.26637331007519294,Aligned,False,3.0,5.0,False,False,False,False,False,False
Bethanie Como | THE BETHANIE GROUP INC,Bethanie Como,WA,Not for Profit,Medium,4.0,0.23973287645591665,0.0435760823187199,0.19615679413719675,Aligned,False,4.0,5.0,False,False,False,False,False,False
Aegis Amherst | Aegis Aged Care Group Pty Ltd,Aegis Amherst,WA,Private for Profit,Large,4.0,0.04301308368760252,0.0435760823187199,-0.0005629986311173826,Aligned,False,3.0,5.0,False,True,False,False,False,False
Carinya Of Bristol | Pu-Fam Pty Ltd,Carinya Of Bristol,WA,Private for Profit,Small,4.0,-0.40560128271302825,0.0435760823187199,-0.44917736503174815,Aligned,False,3.0,4.0,False,False,False,False,False,False
Grand Cedar | Aged Care Group Pty Ltd,Grand Cedar,VIC,Private for Profit,Medium,3.0,-0.34849503445167135,-0.1719882124381784,-0.17650682201349294,Aligned,False,3.0,5.0,False,True,False,False,False,False
Greenhill Manor | Greenhill Manor Pty Limited,Greenhill Manor,NSW,Private for Profit,Medium,4.0,0.28292359143380397,0.0435760823187199,0.23934750911508407,Aligned,False,3.0,5.0,False,False,False,False,False,False
Aegis Montgomery | Aegis Aged Care Group Pty Ltd,Aegis Montgomery,WA,Private for Profit,Medium,4.0,-0.010586145885266069,0.0435760823187199,-0.05416222820398597,Aligned,False,3.0,5.0,False,False,False,False,False,False
Ozcare - Hervey Bay | Ozcare,Ozcare - Hervey Bay,QLD,Not for Profit,Large,3.0,-0.5777966413830345,-0.1719882124381784,-0.40580842894485614,Aligned,False,1.0,4.0,False,False,True,False,False,False
Juniper Hayloft | Uniting Church Homes,Juniper Hayloft,WA,Not for Profit,Medium,3.0,-0.6000090652304183,-0.1719882124381784,-0.4280208527922399,Aligned,False,2.0,5.0,False,False,True,False,False,False
IRT Woodlands | Illawarra Retirement Trust,IRT Woodlands,QLD,Not for Profit,Small,4.0,-0.651531859768642,0.0435760823187199,-0.6951079420873619,Potentially over-rated,False,1.0,5.0,False,False,True,False,False,False
Bupa Cairns | Bupa Aged Care Australia Pty Ltd,Bupa Cairns,QLD,Private for Profit,Large,3.0,-0.19479398710251558,-0.1719882124381784,-0.02280577466433717,Aligned,False,2.0,5.0,False,True,True,False,False,False
Arcare Caboolture | Arcare Pty Ltd,Arcare Caboolture,QLD,Private for Profit,Large,4.0,0.0734325582407946,0.0435760823187199,0.0298564759220747,Aligned,False,2.0,5.0,False,False,True,False,False,False
Baptcare Abbey Gardens Community | Baptcare Ltd,Baptcare Abbey Gardens Community,VIC,Not for Profit,Large,4.0,0.19227973626845338,0.0435760823187199,0.14870365394973348,Aligned,False,3.0,5.0,False,False,False,False,False,False
Victorian Croatian Aged Care Services Inc | VICTORIAN CROATIAN AGED CARE SERVICES INCORPORATED,Victorian Croatian Aged Care Services Inc,VIC,Not for Profit,Medium,4.0,-0.8148631510107484,0.0435760823187199,-0.8584392333294683,Potentially over-rated,False,2.0,5.0,False,False,True,False,False,False
Mekong Cairnlea Vietnamese Aged Care | Indochinese Elderly Refugees Association Victoria Inc,Mekong Cairnlea Vietnamese Aged Care,VIC,Not for Profit,Small,4.0,0.6578783493842402,0.0435760823187199,0.6143022670655203,Potentially under-rated,False,5.0,5.0,False,True,False,False,False,False
Bupa St Ives | Bupa Aged Care Australia Pty Ltd,Bupa St Ives,NSW,Private for Profit,Medium,3.0,-0.1488911357067683,-0.1719882124381784,0.02309707673141012,Aligned,False,2.0,5.0,False,True,False,False,False,False
Bupa Seaforth | Bupa Aged Care Australia Pty Ltd,Bupa Seaforth,NSW,Private for Profit,Medium,3.0,-0.4935965340836646,-0.1719882124381784,-0.3216083216454862,Aligned,False,3.0,4.0,False,False,False,False,False,False
Advantaged Care at Prestons Lodge | Advantaged Care 2 Pty Limited,Advantaged Care at Prestons Lodge,NSW,Private for Profit,Large,3.0,0.24632301650515645,-0.1719882124381784,0.41831122894333483,Aligned,False,3.0,5.0,True,False,False,False,False,False
Arcare Warriewood | Arcare Pty Ltd,Arcare Warriewood,NSW,Private for Profit,Large,4.0,-0.0877601178107479,0.0435760823187199,-0.13133620012946778,Aligned,False,2.0,5.0,False,False,True,False,False,False
mecwacare Flora Hill | MECWA Limited,mecwacare Flora Hill,VIC,Not for Profit,Medium,3.0,-0.529745214586249,-0.1719882124381784,-0.3577570021480706,Aligned,False,2.0,4.0,False,False,True,False,False,False
Mount Martha Valley | Royal Freemasons Ltd,Mount Martha Valley,VIC,Not for Profit,Large,3.0,-0.7402979888363256,-0.1719882124381784,-0.5683097763981472,Potentially over-rated,False,2.0,5.0,False,True,True,False,False,False
Australian Vietnamese Aged Care Services | Australian Vietnamese Aged Care Services Limited,Australian Vietnamese Aged Care Services,NSW,Not for Profit,Medium,4.0,0.29658769186164835,0.0435760823187199,0.25301160954292845,Aligned,False,3.0,5.0,False,False,False,False,False,False
Charlton Aged Care | East Wimmera Health Service,Charlton Aged Care,VIC,Government,Small,5.0,0.5729467604192815,0.2591403770756181,0.3138063833436634,Aligned,False,5.0,5.0,False,False,False,False,False,False
Aegis Karalee | Aegis Aged Care Group Pty Ltd,Aegis Karalee,WA,Private for Profit,Small,4.0,-0.2576354543536347,0.0435760823187199,-0.3012115366723546,Aligned,False,3.0,5.0,False,False,False,False,False,False
Estia Health Brunswick | Estia Investments Pty Ltd,Estia Health Brunswick,VIC,Private for Profit,Small,4.0,0.4096221918142693,0.0435760823187199,0.3660461094955494,Aligned,False,4.0,4.0,False,False,False,False,False,False
Weary Dunlop Retirement Village | Ryman Aged Care (Australia) Pty Ltd,Weary Dunlop Retirement Village,VIC,Private for Profit,Medium,4.0,0.5827486206588859,0.0435760823187199,0.539172538340166,Potentially under-rated,False,3.0,5.0,True,True,False,False,False,False
Arcare Parkinson | Arcare Pty Ltd,Arcare Parkinson,QLD,Private for Profit,Large,4.0,0.24912699068787533,0.0435760823187199,0.20555090836915543,Aligned,False,3.0,5.0,False,False,False,False,False,False
Estia Health Mount Clear | Estia Investments Pty Ltd,Estia Health Mount Clear,VIC,Private for Profit,Large,3.0,0.004762412664037745,-0.1719882124381784,0.17675062510221615,Aligned,False,2.0,5.0,False,False,False,False,False,False
Strathearn House | HammondCare,Strathearn House,NSW,Not for Profit,Medium,4.0,-0.2753061211733332,0.0435760823187199,-0.3188822034920531,Aligned,False,2.0,5.0,False,False,False,False,False,False
Bolton Clarke Gosling Creek | RSL Care RDNS Limited,Bolton Clarke Gosling Creek,NSW,Not for Profit,Medium,4.0,0.3100746731348229,0.0435760823187199,0.266498590816103,Aligned,False,4.0,5.0,False,True,False,False,False,False
Southern Cross Care Thornton Park | Southern Cross Care (NSW & ACT) Limited,Southern Cross Care Thornton Park,NSW,Not for Profit,Medium,4.0,0.3532513358313987,0.0435760823187199,0.3096752535126788,Aligned,False,3.0,5.0,False,False,False,False,False,False
Oran Park House Aged Care Facility | Thompson Health Care Pty Ltd,Oran Park House Aged Care Facility,NSW,Private for Profit,Large,4.0,-0.2207848579538638,0.0435760823187199,-0.2643609402725837,Aligned,False,3.0,5.0,False,False,False,False,False,False
Dural House Aged Care | Thompson Health Care Pty Ltd,Dural House Aged Care,NSW,Private for Profit,Large,4.0,-1.2890221747145938,0.0435760823187199,-1.3325982570333137,Potentially over-rated,False,1.0,5.0,True,False,True,False,False,False
Boronia House | Thompson Health Care Pty Ltd,Boronia House,NSW,Private for Profit,Large,4.0,-0.05390608195531942,0.0435760823187199,-0.09748216427403933,Aligned,False,3.0,5.0,False,False,False,False,False,False
Arcare Glenhaven | Arcare Pty Ltd,Arcare Glenhaven,NSW,Private for Profit,Large,4.0,0.09155255643602384,0.0435760823187199,0.047976474117303936,Aligned,False,3.0,5.0,False,False,False,False,False,False
Resthaven Aberfoyle Park | Resthaven Inc,Resthaven Aberfoyle Park,SA,Not for Profit,Medium,4.0,0.12303563159309672,0.0435760823187199,0.07945954927437682,Aligned,False,4.0,5.0,False,False,False,False,False,False
Ozcare Douglas | Ozcare,Ozcare Douglas,QLD,Not for Profit,Large,4.0,-0.150619192059495,0.0435760823187199,-0.1941952743782149,Aligned,False,2.0,4.0,False,False,True,False,False,False
Aeralife Northpoint | Heritage Care Pty Ltd,Aeralife Northpoint,VIC,Private for Profit,Large,3.0,-0.8088159910586222,-0.1719882124381784,-0.6368277786204438,Potentially over-rated,False,2.0,5.0,False,True,True,False,False,False
Anglicare Melva McDonald Lodge | Anglican Community Services,Anglicare Melva McDonald Lodge,NSW,Not for Profit,Medium,4.0,0.5970597682834757,0.0435760823187199,0.5534836859647558,Potentially under-rated,False,5.0,5.0,False,False,False,False,False,False
Anglicare Dudley Foord House | Anglican Community Services,Anglicare Dudley Foord House,NSW,Not for Profit,Medium,4.0,0.76757968578085,0.0435760823187199,0.7240036034621301,Potentially under-rated,False,5.0,5.0,False,False,False,False,False,False
Villa Maria Catholic Homes Star of the Sea Aged Care Residence | Villa Maria Catholic Homes Limited,Villa Maria Catholic Homes Star of the Sea Aged Care Residence,VIC,Not for Profit,Medium,3.0,-0.572423939044498,-0.1719882124381784,-0.40043572660631954,Aligned,False,2.0,5.0,False,False,True,False,False,False
Racecourse Grange Residential Care | Australian Unity Care Services Pty Ltd,Racecourse Grange Residential Care,VIC,Private for Profit,Large,4.0,0.4211043131920645,0.0435760823187199,0.3775282308733446,Aligned,False,4.0,5.0,False,False,False,False,False,False
Wattleglen | Respect Group Limited,Wattleglen,VIC,Not for Profit,Medium,3.0,-0.2222767803314092,-0.1719882124381784,-0.0502885678932308,Aligned,False,2.0,4.0,False,False,True,False,False,False
Estia Health Kangaroo Flat | Estia Investments Pty Ltd,Estia Health Kangaroo Flat,VIC,Private for Profit,Large,4.0,0.1715624565888976,0.0435760823187199,0.1279863742701777,Aligned,False,3.0,4.0,False,False,False,False,False,False
mecwacare Susan Barton House | MECWA Limited,mecwacare Susan Barton House,VIC,Not for Profit,Large,4.0,-0.8763469975705721,0.0435760823187199,-0.919923079889292,Potentially over-rated,False,3.0,4.0,False,False,False,False,False,False
Clifton Views | TLC Melbourne Pty Ltd,Clifton Views,VIC,Private for Profit,Large,4.0,0.053719984675039335,0.0435760823187199,0.010143902356319436,Aligned,False,3.0,5.0,False,False,False,False,False,False
Warralily Gardens | Western Residential Aged Care Pty Ltd,Warralily Gardens,VIC,Private for Profit,Large,4.0,-0.5520203765089542,0.0435760823187199,-0.5955964588276741,Potentially over-rated,False,3.0,5.0,False,False,False,False,False,False
Arcare North Shore | Arcare Pty Ltd,Arcare North Shore,QLD,Private for Profit,Medium,4.0,-0.3017893847617119,0.0435760823187199,-0.3453654670804318,Aligned,False,1.0,5.0,False,False,True,False,False,False
Sienna Grange Aged Care | Australian Unity Care Services Pty Ltd,Sienna Grange Aged Care,NSW,Private for Profit,Medium,4.0,-0.6214919940627085,0.0435760823187199,-0.6650680763814284,Potentially over-rated,False,2.0,5.0,False,False,True,False,False,False
Arcare Noosa | Arcare Pty Ltd,Arcare Noosa,QLD,Private for Profit,Medium,4.0,-0.2158236713343096,0.0435760823187199,-0.2593997536530295,Aligned,False,2.0,5.0,False,False,True,False,False,False
Estia Health Maroochydore | Estia Investments Pty Ltd,Estia Health Maroochydore,QLD,Private for Profit,Large,4.0,0.2710461425828909,0.0435760823187199,0.227470060264171,Aligned,False,3.0,5.0,False,False,False,False,False,False
Ozcare - Toowoomba | Ozcare,Ozcare - Toowoomba,QLD,Not for Profit,Large,3.0,-0.20085303023557088,-0.1719882124381784,-0.028864817797392472,Aligned,False,2.0,5.0,False,True,True,False,False,False
Hope Aged Care Swan Hill | Sixth Eastway Pty Ltd,Hope Aged Care Swan Hill,VIC,Private for Profit,Medium,4.0,0.8258313629999035,0.0435760823187199,0.7822552806811836,Potentially under-rated,False,5.0,5.0,False,False,False,False,False,False
Infinite Care Cornubia | Infinite Aged Care (Cornubia) Pty Ltd,Infinite Care Cornubia,QLD,Private for Profit,Large,3.0,0.2544366076891366,-0.1719882124381784,0.42642482012731503,Aligned,False,3.0,5.0,False,True,False,False,False,False
Nellie Melba Retirement Village | Ryman Aged Care (Australia) Pty Ltd,Nellie Melba Retirement Village,VIC,Private for Profit,Large,4.0,-0.14721681682760765,0.0435760823187199,-0.19079289914632755,Aligned,False,3.0,5.0,False,False,False,False,False,False
Gallipoli Home | Gallipoli Health Services Limited,Gallipoli Home,NSW,Not for Profit,Large,4.0,0.024759931410107055,0.0435760823187199,-0.018816150908612845,Aligned,False,3.0,4.0,False,False,False,False,False,False
Infinite Care Mount Lofty | Infinite Aged Care (Toowoomba) Pty Ltd,Infinite Care Mount Lofty,QLD,Private for Profit,Large,4.0,-0.21530520794767316,0.0435760823187199,-0.25888129026639306,Aligned,False,2.0,5.0,False,False,True,False,False,False
Bethanie Gwelup | THE BETHANIE GROUP INC,Bethanie Gwelup,WA,Not for Profit,Large,3.0,-0.5298518866592933,-0.1719882124381784,-0.35786367422111487,Aligned,False,3.0,4.0,False,False,False,False,False,False
Craigcare Ascot Waters | Glenn-Craig Villages Pty Ltd,Craigcare Ascot Waters,WA,Private for Profit,Large,4.0,-0.20491597264498873,0.0435760823187199,-0.24849205496370863,Aligned,False,3.0,5.0,False,False,False,False,False,False
Juniper Korumup | Uniting Church Homes,Juniper Korumup,WA,Not for Profit,Medium,4.0,0.21481321698933883,0.0435760823187199,0.17123713467061893,Aligned,False,3.0,5.0,False,True,False,False,False,False
Palm Lake Care Toowoomba | Palm Lake Care Operations Pty Ltd,Palm Lake Care Toowoomba,QLD,Private for Profit,Large,3.0,-0.12778694521907621,-0.1719882124381784,0.0442012672191022,Aligned,False,3.0,3.0,False,False,False,False,False,False
St Vincent's Care Services Kew | St Vincent's Care Services Ltd,St Vincent's Care Services Kew,VIC,Not for Profit,Large,4.0,0.007955548308119812,0.0435760823187199,-0.035620534010600086,Aligned,False,3.0,5.0,False,True,False,False,False,False
St Vincent's Care Services Werribee | St Vincent's Care Services Ltd,St Vincent's Care Services Werribee,VIC,Not for Profit,Medium,4.0,0.035174262621326335,0.0435760823187199,-0.008401819697393564,Aligned,False,3.0,5.0,False,True,False,False,False,False
Helping Hand Aged Care - Golden Grove | Helping Hand Aged Care Inc,Helping Hand Aged Care - Golden Grove,SA,Not for Profit,Large,4.0,0.0889797193646658,0.0435760823187199,0.0454036370459459,Aligned,False,3.0,5.0,False,True,False,False,False,False
Arcare Taigum | Arcare Pty Ltd,Arcare Taigum,QLD,Private for Profit,Medium,4.0,0.2418106320436079,0.0435760823187199,0.198234549724888,Aligned,False,3.0,5.0,False,True,False,False,False,False
Bolton Clarke Greenview | RSL Care RDNS Limited,Bolton Clarke Greenview,VIC,Not for Profit,Medium,3.0,-0.14877629955598523,-0.1719882124381784,0.02321191288219318,Aligned,False,2.0,5.0,False,True,True,False,False,False
Regis Aspley | CPSM Pty Ltd,Regis Aspley,QLD,Private for Profit,Large,4.0,-0.035989511231799554,0.0435760823187199,-0.07956559355051945,Aligned,False,3.0,5.0,False,True,False,False,False,False
Bupa Rangeville | Bupa Aged Care Australia Pty Ltd,Bupa Rangeville,QLD,Private for Profit,Large,3.0,0.04992911195523814,-0.1719882124381784,0.22191732439341655,Aligned,False,2.0,5.0,False,False,False,False,False,False
Regis Sandgate - Griffith | Regis Aged Care Pty Ltd,Regis Sandgate - Griffith,QLD,Private for Profit,Small,4.0,-1.6381280284491273,0.0435760823187199,-1.6817041107678472,Potentially over-rated,True,3.0,5.0,False,False,False,False,False,False
mecwacare Wahroonga | MECWA Limited,mecwacare Wahroonga,VIC,Not for Profit,Medium,3.0,-0.7457156322563688,-0.1719882124381784,-0.5737274198181904,Potentially over-rated,False,3.0,4.0,False,False,False,False,False,False
Warrina Aged Care | Maiestas Care Pty Ltd,Warrina Aged Care,VIC,Private for Profit,Medium,4.0,0.32409672073816764,0.0435760823187199,0.28052063841944774,Aligned,False,4.0,5.0,False,True,False,False,False,False
Estia Health Benalla (Thomas St) | Estia Investments Pty Ltd,Estia Health Benalla (Thomas St),VIC,Private for Profit,Large,3.0,0.2371898875208215,-0.1719882124381784,0.4091780999589999,Aligned,False,3.0,4.0,False,False,False,False,False,False
Baw Baw Views | Respect Group Limited,Baw Baw Views,VIC,Not for Profit,Large,3.0,-0.3844854038954824,-0.1719882124381784,-0.212497191457304,Aligned,False,2.0,4.0,False,False,False,False,False,False
Infinite Care Edmonton Gardens | IC (Edmonton) Pty Ltd,Infinite Care Edmonton Gardens,QLD,Private for Profit,Large,3.0,0.11288492214587918,-0.1719882124381784,0.2848731345840576,Aligned,False,3.0,5.0,False,False,False,False,False,False
Langwarrin Community Aged Care | Luson Aged Care Pty Ltd,Langwarrin Community Aged Care,VIC,Not for Profit,Large,3.0,0.21916731162770112,-0.1719882124381784,0.3911555240658795,Aligned,False,3.0,4.0,False,False,False,False,False,False
Edge Hill Orchards | IC (Edge Hill) Pty Ltd,Edge Hill Orchards,QLD,Private for Profit,Large,4.0,0.46721710653772036,0.0435760823187199,0.42364102421900046,Aligned,False,3.0,5.0,False,False,False,False,False,False
Arcare Pimpama | Arcare Pty Ltd,Arcare Pimpama,QLD,Private for Profit,Medium,4.0,0.02693247417397211,0.0435760823187199,-0.01664360814474779,Aligned,False,2.0,5.0,False,False,True,False,False,False
Korongee | Glenview Community Services Inc,Korongee,TAS,Not for Profit,Medium,5.0,-0.6937860865188209,0.2591403770756181,-0.952926463594439,Potentially over-rated,False,2.0,5.0,False,False,True,False,True,False
Anglican Care Mirrabooka Place | Anglican Care,Anglican Care Mirrabooka Place,NSW,Not for Profit,Small,4.0,0.2432181831804355,0.0435760823187199,0.1996421008617156,Aligned,False,4.0,4.0,False,False,False,False,False,False
Palm Lake Care Mt Warren Park | Palm Lake Care Operations Pty Ltd,Palm Lake Care Mt Warren Park,QLD,Private for Profit,Large,4.0,-0.19777991578730938,0.0435760823187199,-0.24135599810602928,Aligned,False,2.0,5.0,False,False,True,False,False,False
Capecare Dunsborough | Ray Village Aged Services Inc,Capecare Dunsborough,WA,Not for Profit,Medium,3.0,-0.15855498472394694,-0.1719882124381784,0.013433227714231472,Aligned,False,2.0,5.0,True,True,False,False,False,False
Regis Woodlands | Regis Aged Care Pty Ltd,Regis Woodlands,WA,Private for Profit,Large,4.0,0.07003700939009601,0.0435760823187199,0.02646092707137611,Aligned,False,4.0,5.0,False,True,False,False,False,False
Regis Morayfield | Rockpool RAC (Morayfield) Pty Ltd,Regis Morayfield,QLD,Private for Profit,Large,4.0,-0.053958502967922484,0.0435760823187199,-0.09753458528664238,Aligned,False,3.0,5.0,False,False,False,False,False,False
Ozcare Mackay | Ozcare,Ozcare Mackay,QLD,Not for Profit,Large,3.0,-1.1660114661786307,-0.1719882124381784,-0.9940232537404523,Potentially over-rated,False,1.0,5.0,False,True,True,False,False,False
Strathpine Aged Care | Strathpine Aged Care Pty Ltd,Strathpine Aged Care,QLD,Private for Profit,Medium,3.0,-0.3215389180832376,-0.1719882124381784,-0.14955070564505918,Aligned,False,3.0,4.0,False,False,False,False,False,False
Narangba Aged Care | Tingari Group Pty Ltd,Narangba Aged Care,QLD,Private for Profit,Medium,4.0,0.552510283805819,0.0435760823187199,0.5089342014870991,Potentially under-rated,False,4.0,5.0,False,False,False,False,False,False
Huang Ying Jung Nursing Home | Australian Nursing Home Foundation Limited,Huang Ying Jung Nursing Home,NSW,Not for Profit,Medium,5.0,0.8669032438625369,0.2591403770756181,0.6077628667869188,Potentially under-rated,False,5.0,5.0,False,False,False,False,False,False
Pacific Cape | Great Lakes Aged & Invalid Care Association Ltd,Pacific Cape,NSW,Not for Profit,Medium,3.0,0.5261854743646255,-0.1719882124381784,0.6981736868028039,Potentially under-rated,False,4.0,4.0,False,False,False,True,False,True
MacKillop House | Catholic Healthcare Limited,MacKillop House,NSW,Not for Profit,Large,4.0,0.3908906682551779,0.0435760823187199,0.347314585936458,Aligned,False,4.0,5.0,False,True,False,False,False,False
Arcare Logan Reserve | Arcare Pty Ltd,Arcare Logan Reserve,QLD,Private for Profit,Medium,4.0,0.1880823142559863,0.0435760823187199,0.1445062319372664,Aligned,False,3.0,5.0,False,False,False,False,False,False
Infinite Care Ipswich | IC (SEQ) Pty Ltd,Infinite Care Ipswich,QLD,Private for Profit,Medium,4.0,-0.2910265795102791,0.0435760823187199,-0.334602661828999,Aligned,False,3.0,5.0,False,False,False,False,False,False
HammondCare - Darlinghurst | HammondCare,HammondCare - Darlinghurst,NSW,Not for Profit,Small,4.0,-0.21368781977336848,0.0435760823187199,-0.2572639020920884,Aligned,False,3.0,5.0,False,False,False,False,False,False
Bentleys Aged Care | Violet Town Bush Nursing Centre Inc,Bentleys Aged Care,VIC,Not for Profit,Small,4.0,-0.18538278790914495,0.0435760823187199,-0.22895887022786485,Aligned,False,3.0,5.0,False,False,False,False,False,False
Sunset Views Manor | Wickro Pty Ltd,Sunset Views Manor,VIC,Private for Profit,Large,4.0,0.20812527928463806,0.0435760823187199,0.16454919696591816,Aligned,False,3.0,5.0,False,False,False,False,False,False
Arcare Templestowe | Arcare Pty Ltd,Arcare Templestowe,VIC,Private for Profit,Large,4.0,-0.06506368425785476,0.0435760823187199,-0.10863976657657466,Aligned,False,3.0,5.0,True,True,False,False,False,False
Horton House | Twilight House,Horton House,NSW,Not for Profit,Small,4.0,0.589806207498002,0.0435760823187199,0.5462301251792822,Potentially under-rated,False,3.0,5.0,False,False,False,False,False,False
Regis Port Coogee | Regis Aged Care Pty Ltd,Regis Port Coogee,WA,Private for Profit,Large,4.0,-0.08277971532253808,0.0435760823187199,-0.12635579764125798,Aligned,False,3.0,5.0,False,True,False,False,False,False
Trinity Manor Greensborough | Trinity Care Pty Ltd,Trinity Manor Greensborough,VIC,Private for Profit,Medium,4.0,0.3199356648579204,0.0435760823187199,0.2763595825392005,Aligned,False,3.0,5.0,True,True,False,False,False,False
Cardinia Community Aged Care | Luson Aged Care Pty Ltd,Cardinia Community Aged Care,VIC,Not for Profit,Large,3.0,0.3753582281412611,-0.1719882124381784,0.5473464405794395,Potentially under-rated,False,3.0,4.0,False,False,False,False,False,True
Jimboomba Community Aged Care | Luson Aged Care Pty Ltd,Jimboomba Community Aged Care,QLD,Not for Profit,Large,3.0,-0.35466941814015374,-0.1719882124381784,-0.18268120570197532,Aligned,False,2.0,4.0,False,False,True,False,False,False
Wagga Wagga Community Aged Care | Luson Aged Care Pty Ltd,Wagga Wagga Community Aged Care,NSW,Not for Profit,Large,3.0,-0.03960144850056524,-0.1719882124381784,0.13238676393761317,Aligned,False,2.0,4.0,False,False,True,False,False,False
Estia Health Twin Waters | Estia Investments Pty Ltd,Estia Health Twin Waters,QLD,Private for Profit,Large,3.0,-0.37925867112433087,-0.1719882124381784,-0.20727045868615246,Aligned,False,1.0,5.0,False,False,True,False,False,False
HammondCare Mason | HammondCare,HammondCare Mason,NSW,Not for Profit,Small,4.0,-0.3062835073120034,0.0435760823187199,-0.3498595896307233,Aligned,False,3.0,5.0,True,False,False,False,False,False
Palm Lake Care Beachmere | Palm Lake Care Operations Pty Ltd,Palm Lake Care Beachmere,QLD,Private for Profit,Medium,4.0,-0.3556282379727534,0.0435760823187199,-0.3992043202914733,Aligned,False,3.0,5.0,False,True,False,False,False,False
Palm Lake Care Caloundra | Palm Lake Care Operations Pty Ltd,Palm Lake Care Caloundra,QLD,Private for Profit,Large,4.0,-0.18246306705464477,0.0435760823187199,-0.22603914937336467,Aligned,False,3.0,5.0,False,False,False,False,False,False
Wintringham Hobart | WINTRINGHAM LIMITED,Wintringham Hobart,TAS,Not for Profit,Small,3.0,0.6236633068594081,-0.1719882124381784,0.7956515192975865,Potentially under-rated,False,4.0,4.0,False,False,False,False,False,False
Bill Newton VC Gardens | RSL LifeCare Limited,Bill Newton VC Gardens,NSW,Not for Profit,Small,4.0,-0.2879469775931371,0.0435760823187199,-0.331523059911857,Aligned,False,3.0,5.0,False,False,False,False,False,False
Aegis Shorehaven | Aegis Aged Care Group Pty Ltd,Aegis Shorehaven,WA,Private for Profit,Large,4.0,-0.03210275544119271,0.0435760823187199,-0.0756788377599126,Aligned,False,3.0,5.0,False,False,False,False,False,False
Aegis Shoreline | Aegis Aged Care Group Pty Ltd,Aegis Shoreline,WA,Private for Profit,Large,4.0,-0.6546402053556631,0.0435760823187199,-0.698216287674383,Potentially over-rated,False,1.0,5.0,False,False,True,False,False,False
Baptcare Coasthaven Community | Baptcare Ltd,Baptcare Coasthaven Community,VIC,Not for Profit,Medium,4.0,0.1354305934772628,0.0435760823187199,0.0918545111585429,Aligned,False,4.0,5.0,False,False,False,False,False,False
Luson Bloom | Luson Aged Care Pty Ltd,Luson Bloom,VIC,Not for Profit,Medium,4.0,0.5482785299822076,0.0435760823187199,0.5047024476634877,Potentially under-rated,False,4.0,5.0,False,False,False,False,False,False
Middle Swan Residential Care | Grand Lodge of Western Australian Freemasons Homes for the Aged Inc,Middle Swan Residential Care,WA,Not for Profit,Large,3.0,-0.18861243736025804,-0.1719882124381784,-0.016624224922079628,Aligned,False,2.0,4.0,True,False,True,False,False,False
The Village by Scalabrini | Scalabrini Village Ltd,The Village by Scalabrini,NSW,Not for Profit,Large,3.0,0.2716858051071402,-0.1719882124381784,0.4436740175453186,Aligned,False,3.0,5.0,False,False,False,False,False,True
Hill View House Aged Care Facility | Thompson Health Care Pty Ltd,Hill View House Aged Care Facility,NSW,Private for Profit,Large,4.0,0.1349324293760311,0.0435760823187199,0.09135634705731119,Aligned,False,3.0,5.0,False,False,False,False,False,False
Our Lady Mercy Place Harris Park | Mercy Aged and Community Care Ltd,Our Lady Mercy Place Harris Park,NSW,Not for Profit,Medium,4.0,-0.02940961212164787,0.0435760823187199,-0.07298569444036777,Aligned,False,4.0,4.0,False,False,False,False,False,False
Healthia | Aged Care & Housing Group Inc,Healthia,SA,Not for Profit,Medium,4.0,-0.33738605421738904,0.0435760823187199,-0.38096213653610894,Aligned,False,3.0,4.0,True,False,False,False,False,False
Churches of Christ Warwick Aged Care Service | Churches of Christ in Queensland,Churches of Christ Warwick Aged Care Service,QLD,Not for Profit,Large,4.0,-0.4415632039267144,0.0435760823187199,-0.4851392862454343,Potentially over-rated,False,1.0,5.0,False,False,True,False,False,False
Chirnside Views | Norsan Pty Ltd,Chirnside Views,VIC,Private for Profit,Large,4.0,0.11142009808998782,0.0435760823187199,0.06784401577126792,Aligned,False,5.0,5.0,False,False,False,False,False,False
Anglicare Porter Lodge | Anglican Community Services,Anglicare Porter Lodge,NSW,Not for Profit,Medium,4.0,0.5817657562343673,0.0435760823187199,0.5381896739156474,Potentially under-rated,False,5.0,5.0,True,False,False,False,False,False
Estia Health Robina | Estia Investments Pty Ltd,Estia Health Robina,QLD,Private for Profit,Large,4.0,0.3302530827313528,0.0435760823187199,0.2866770004126329,Aligned,False,3.0,4.0,False,False,False,False,False,False
SwanCare Ningana | SwanCare Group Inc,SwanCare Ningana,WA,Not for Profit,Large,3.0,0.0955853840943794,-0.1719882124381784,0.2675735965325578,Aligned,False,3.0,5.0,False,True,False,False,False,False
Arcare Springwood | Arcare Pty Ltd,Arcare Springwood,QLD,Private for Profit,Large,4.0,0.21359896003204284,0.0435760823187199,0.17002287771332295,Aligned,False,3.0,5.0,False,False,False,False,False,False
Advantaged Care at Edensor Gardens | Advantaged Care 4 Pty Limited,Advantaged Care at Edensor Gardens,NSW,Private for Profit,Large,4.0,-0.009716989251775185,0.0435760823187199,-0.053293071570495086,Aligned,False,3.0,5.0,True,False,False,False,False,False
mecwacare John Atchison Centre | MECWA Limited,mecwacare John Atchison Centre,VIC,Not for Profit,Medium,4.0,-0.058854314995777514,0.0435760823187199,-0.1024303973144974,Aligned,False,3.0,5.0,False,False,False,False,False,False
Regis Lutwyche | Regis Aged Care Pty Ltd,Regis Lutwyche,QLD,Private for Profit,Large,4.0,0.011561989276157814,0.0435760823187199,-0.032014093042562086,Aligned,False,3.0,5.0,False,True,False,False,False,False
Arcare Nirvana Avenue | Arcare Pty Ltd,Arcare Nirvana Avenue,VIC,Private for Profit,Small,4.0,0.14046975228156608,0.0435760823187199,0.09689366996284618,Aligned,False,3.0,5.0,False,False,False,False,False,False
Arcare Parkwood | Arcare Pty Ltd,Arcare Parkwood,QLD,Private for Profit,Medium,4.0,0.0910452907896111,0.0435760823187199,0.0474692084708912,Aligned,False,2.0,5.0,False,False,True,False,False,False
The Richardson West Perth | Oryx Communities AP Pty Ltd,The Richardson West Perth,WA,Private for Profit,Medium,4.0,-0.05131156819269898,0.0435760823187199,-0.09488765051141887,Aligned,False,3.0,5.0,True,True,False,False,False,False
Estia Health Blakehurst | Estia Investments Pty Ltd,Estia Health Blakehurst,NSW,Private for Profit,Large,4.0,0.36468720007478295,0.0435760823187199,0.32111111775606305,Aligned,False,4.0,5.0,False,True,False,False,False,False
Southern Plus East Fremantle | Southern Cross Care (WA) Inc,Southern Plus East Fremantle,WA,Not for Profit,Medium,4.0,-0.2963204915147423,0.0435760823187199,-0.3398965738334622,Aligned,False,3.0,5.0,False,False,False,False,False,False
Village Coorparoo Aged Care | The Village Care Managers Pty Ltd,Village Coorparoo Aged Care,QLD,Private for Profit,Medium,5.0,0.3305137803145425,0.2591403770756181,0.07137340323892438,Aligned,False,4.0,5.0,False,False,False,False,False,False
Arcare Seven Hills | Arcare Pty Ltd,Arcare Seven Hills,QLD,Private for Profit,Large,4.0,-0.28642605229817464,0.0435760823187199,-0.33000213461689454,Aligned,False,3.0,5.0,False,False,False,False,False,False
Arcare Essendon | Arcare Pty Ltd,Arcare Essendon,VIC,Private for Profit,Large,4.0,0.3776438810605293,0.0435760823187199,0.3340677987418094,Aligned,False,4.0,5.0,False,False,False,False,False,False
The Alba Aged Care Suites | Australian Unity Care Services Pty Ltd,The Alba Aged Care Suites,VIC,Private for Profit,Large,4.0,-0.10709956999812519,0.0435760823187199,-0.1506756523168451,Aligned,False,3.0,4.0,False,False,False,False,False,False
John Flynn Retirement Village | Ryman Aged Care (Australia) Pty Ltd,John Flynn Retirement Village,VIC,Private for Profit,Large,4.0,-0.02001489119424468,0.0435760823187199,-0.06359097351296458,Aligned,False,3.0,5.0,False,False,False,False,False,False
The Shoreline | Park Beach Residence Pty Limited,The Shoreline,NSW,Private for Profit,Large,4.0,0.8089518035229323,0.0435760823187199,0.7653757212042124,Potentially under-rated,False,5.0,5.0,False,False,False,False,False,False
Aegis Murdoch | Aegis Health Pty Ltd,Aegis Murdoch,WA,Private for Profit,Large,3.0,-0.7898143901979875,-0.1719882124381784,-0.6178261777598091,Potentially over-rated,False,1.0,4.0,False,False,True,False,False,False
Arcare Castlemaine | Arcare Pty Ltd,Arcare Castlemaine,VIC,Private for Profit,Medium,4.0,0.15194964405576922,0.0435760823187199,0.10837356173704932,Aligned,False,3.0,5.0,False,False,False,False,False,False
Arcare Mollymook | Arcare Pty Ltd,Arcare Mollymook,NSW,Private for Profit,Medium,4.0,0.1435593404265539,0.0435760823187199,0.09998325810783401,Aligned,False,5.0,5.0,False,False,False,False,False,False
Catholic Healthcare Holy Spirit Casula | Catholic Healthcare Limited,Catholic Healthcare Holy Spirit Casula,NSW,Not for Profit,Large,4.0,0.5294544849196733,0.0435760823187199,0.4858784026009534,Potentially under-rated,False,4.0,5.0,False,False,False,False,False,False
Highfields Manor Port Macquarie | Eaglecare Pty Ltd,Highfields Manor Port Macquarie,NSW,Private for Profit,Medium,3.0,-0.4139067645302334,-0.1719882124381784,-0.24191855209205498,Aligned,False,2.0,4.0,False,False,True,False,False,False
Bolton Clarke Willowdale | RSL Care RDNS Limited,Bolton Clarke Willowdale,NSW,Not for Profit,Large,4.0,0.2570817764506425,0.0435760823187199,0.2135056941319226,Aligned,False,3.0,4.0,False,False,False,False,False,False
Romsey Community Aged Care | Luson Aged Care Pty Ltd,Romsey Community Aged Care,VIC,Not for Profit,Large,3.0,-0.06736412422278654,-0.1719882124381784,0.10462408821539187,Aligned,False,3.0,4.0,False,False,False,False,False,False
Singleton Community Aged Care | Luson Aged Care Pty Ltd,Singleton Community Aged Care,WA,Not for Profit,Large,3.0,0.2573731580836322,-0.1719882124381784,0.4293613705218106,Aligned,False,3.0,4.0,False,False,False,False,False,False
Tamworth Community Aged Care | Luson Aged Care Pty Ltd,Tamworth Community Aged Care,NSW,Not for Profit,Large,3.0,0.2969589713247847,-0.1719882124381784,0.4689471837629631,Potentially under-rated,False,3.0,4.0,False,False,False,False,False,True
Maryborough Community Aged Care | Luson Aged Care Pty Ltd,Maryborough Community Aged Care,QLD,Not for Profit,Large,3.0,-0.16524180507632272,-0.1719882124381784,0.006746407361855694,Aligned,False,2.0,4.0,False,False,False,False,False,False
WARRAGUL COMMUNITY AGED CARE | Luson Aged Care Pty Ltd,WARRAGUL COMMUNITY AGED CARE,VIC,Not for Profit,Large,4.0,0.2950649310991966,0.0435760823187199,0.2514888487804767,Aligned,False,4.0,4.0,False,False,False,True,False,False
Wintringham Tom Fitzgerald | WINTRINGHAM LIMITED,Wintringham Tom Fitzgerald,VIC,Not for Profit,Small,4.0,0.8014909917477587,0.0435760823187199,0.7579149094290388,Potentially under-rated,False,5.0,5.0,False,False,False,True,False,False
Romani | RSL Care South Australia Incorporated,Romani,SA,Not for Profit,Medium,4.0,0.742322644305419,0.0435760823187199,0.6987465619866992,Potentially under-rated,False,5.0,5.0,False,True,False,False,False,False
Salter Point Aged Care Facility | Retirees WA (Inc),Salter Point Aged Care Facility,WA,Not for Profit,Large,4.0,-0.6527848311160905,0.0435760823187199,-0.6963609134348104,Potentially over-rated,False,2.0,4.0,False,False,True,False,False,False
Regis Camberwell | Regis Aged Care Pty Ltd,Regis Camberwell,VIC,Private for Profit,Large,3.0,0.11207447061676117,-0.1719882124381784,0.2840626830549396,Aligned,False,2.0,4.0,False,False,True,False,False,False
Peter Badcoe VC House | RSL LifeCare Limited,Peter Badcoe VC House,NSW,Not for Profit,Small,4.0,-0.14680822389899448,0.0435760823187199,-0.19038430621771438,Aligned,False,3.0,5.0,False,False,False,False,False,False
Estia Health St Ives | Estia Investments Pty Ltd,Estia Health St Ives,NSW,Private for Profit,Large,4.0,0.5880831828737443,0.0435760823187199,0.5445071005550244,Potentially under-rated,False,3.0,4.0,False,False,False,False,False,False
Raelene Boyle Retirement Village | Ryman Aged Care (Australia) Pty Ltd,Raelene Boyle Retirement Village,VIC,Private for Profit,Medium,3.0,-0.06509502322128378,-0.1719882124381784,0.10689318921689463,Aligned,False,2.0,5.0,True,True,True,False,False,False
mecwacare Jubilee House | MECWA Limited,mecwacare Jubilee House,VIC,Not for Profit,Small,4.0,0.7869950741692716,0.0435760823187199,0.7434189918505517,Potentially under-rated,False,5.0,5.0,False,False,False,False,False,False
Charles Brownlow Retirement Village | Ryman Aged Care (Australia) Pty Ltd,Charles Brownlow Retirement Village,VIC,Private for Profit,Medium,4.0,-0.13933705029713436,0.0435760823187199,-0.18291313261585426,Aligned,False,3.0,5.0,False,False,False,False,False,False
Arcare Balnarring | Arcare Pty Ltd,Arcare Balnarring,VIC,Private for Profit,Medium,4.0,0.09359739757389128,0.0435760823187199,0.05002131525517138,Aligned,False,3.0,5.0,False,False,False,False,False,False
Bert Newton Retirement Village | Ryman Aged Care (Australia) Pty Ltd,Bert Newton Retirement Village,VIC,Private for Profit,Medium,3.0,-0.34116982176543487,-0.1719882124381784,-0.16918160932725645,Aligned,False,2.0,4.0,False,False,True,False,False,False
Deborah Cheetham Retirement Village | Ryman Aged Care (Australia) Pty Ltd,Deborah Cheetham Retirement Village,VIC,Private for Profit,Medium,4.0,0.15885094012006762,0.0435760823187199,0.11527485780134772,Aligned,False,3.0,4.0,False,False,False,False,False,False
Rowville Manor | Wickro Pty Ltd,Rowville Manor,VIC,Private for Profit,Large,4.0,-0.08752411859149077,0.0435760823187199,-0.13110020091021068,Aligned,False,3.0,5.0,False,False,False,False,False,False
Berengarra | St Vincent's Hospital (Melbourne) Limited,Berengarra,VIC,Not for Profit,Medium,4.0,-0.5134119582785003,0.0435760823187199,-0.5569880405972202,Potentially over-rated,False,3.0,5.0,False,True,False,False,False,False
Regis Pelican Waters | Rockpool RAC Pty Ltd,Regis Pelican Waters,QLD,Private for Profit,Large,4.0,-0.23224221110589605,0.0435760823187199,-0.27581829342461595,Aligned,False,3.0,4.0,False,False,False,False,False,False
Regis Songbird Oxley | Rockpool RAC Pty Ltd,Regis Songbird Oxley,QLD,Private for Profit,Large,4.0,-0.0011563571778761366,0.0435760823187199,-0.044732439496596034,Aligned,False,3.0,4.0,False,False,False,False,False,False
Regis Carseldine | Rockpool RAC Pty Ltd,Regis Carseldine,QLD,Private for Profit,Large,4.0,-0.08170024539786024,0.0435760823187199,-0.12527632771658015,Aligned,False,2.0,5.0,False,False,True,False,False,False
Bethanie Dalyellup | THE BETHANIE GROUP INC,Bethanie Dalyellup,WA,Not for Profit,Large,4.0,0.017267206813088593,0.0435760823187199,-0.026308875505631307,Aligned,False,3.0,5.0,False,True,False,False,False,False
Regis Camp Hill | CPSM Pty Ltd,Regis Camp Hill,QLD,Private for Profit,Large,4.0,-0.08863626517614787,0.0435760823187199,-0.13221234749486777,Aligned,False,3.0,5.0,False,False,False,False,False,False
The Queenslea | Oryx Communities AP Pty Ltd,The Queenslea,WA,Private for Profit,Large,3.0,-0.16663558897464206,-0.1719882124381784,0.005352623463536349,Aligned,False,2.0,5.0,True,False,True,False,False,False
Arcare Thornlands | Arcare Pty Ltd,Arcare Thornlands,QLD,Private for Profit,Medium,3.0,-0.11964319202151202,-0.1719882124381784,0.05234502041666639,Aligned,False,2.0,5.0,False,False,True,False,False,False
Seasons Living Mango Hill Care Suites | Seasons Living Australia Pty Ltd,Seasons Living Mango Hill Care Suites,QLD,Private for Profit,Small,4.0,-0.4539332780612406,0.0435760823187199,-0.4975093603799605,Potentially over-rated,False,3.0,5.0,False,False,False,False,False,False
Sunnycare Residential | Sunnycare Residential Pty Ltd,Sunnycare Residential,QLD,Private for Profit,Medium,4.0,0.7352238982915855,0.0435760823187199,0.6916478159728656,Potentially under-rated,False,5.0,5.0,False,False,False,False,False,False
St Nicholas Seniors Care Centre | Antiochian Care Limited,St Nicholas Seniors Care Centre,NSW,Not for Profit,Medium,4.0,0.021982657261319965,0.0435760823187199,-0.021593425057399935,Aligned,False,3.0,4.0,False,False,False,False,False,False
St Ives House | Thompson Health Care Pty Ltd,St Ives House,NSW,Private for Profit,Large,3.0,-0.9025286014889667,-0.1719882124381784,-0.7305403890507883,Potentially over-rated,False,2.0,4.0,False,False,True,False,False,False
CASS Asquith Residential Aged Care Facility | Chinese Australian Services Society Limited,CASS Asquith Residential Aged Care Facility,NSW,Not for Profit,Medium,4.0,0.5014924584782752,0.0435760823187199,0.45791637615955527,Aligned,False,4.0,4.0,False,False,False,False,False,False
BlueWave Living | Woy Woy Community Aged Care Ltd,BlueWave Living,NSW,Not for Profit,Large,4.0,-0.634319962187054,0.0435760823187199,-0.6778960445057739,Potentially over-rated,False,2.0,5.0,False,False,True,False,False,False
TLC Whitewater | Great Oaks Pty Ltd,TLC Whitewater,VIC,Private for Profit,Large,3.0,-1.4161299439028028,-0.1719882124381784,-1.2441417314646244,Potentially over-rated,False,2.0,5.0,False,True,False,False,False,False
St Vincent's Care Corinda | St Vincent's Care Services Ltd,St Vincent's Care Corinda,QLD,Not for Profit,Medium,4.0,0.21238573694574336,0.0435760823187199,0.16880965462702346,Aligned,False,3.0,5.0,False,False,False,False,False,False
Brightwater Inglewood | Brightwater Care Group Limited,Brightwater Inglewood,WA,Not for Profit,Large,4.0,0.0060224221651482,0.0435760823187199,-0.0375536601535717,Aligned,False,3.0,5.0,True,True,False,False,False,False
Aeralife Northcote | Aeralife Pty Ltd,Aeralife Northcote,VIC,Private for Profit,Medium,4.0,0.058080269404480696,0.0435760823187199,0.014504187085760796,Aligned,False,3.0,5.0,False,False,False,False,False,False
Arcare Belmont | Arcare Pty Ltd,Arcare Belmont,NSW,Private for Profit,Medium,4.0,0.271161874244731,0.0435760823187199,0.22758579192601108,Aligned,False,3.0,5.0,False,False,False,False,False,False
Arcare Warners Bay | Arcare Pty Ltd,Arcare Warners Bay,NSW,Private for Profit,Large,3.0,-0.20132337694098265,-0.1719882124381784,-0.02933516450280424,Aligned,False,2.0,4.0,False,False,True,False,False,False
Arcare Birtinya | Arcare Pty Ltd,Arcare Birtinya,QLD,Private for Profit,Medium,4.0,-0.3412330978159856,0.0435760823187199,-0.3848091801347055,Aligned,False,2.0,5.0,True,False,True,False,False,False
Emmaus Village | St Agnes' Care & Lifestyle,Emmaus Village,NSW,Not for Profit,Medium,4.0,-1.312500491458155,0.0435760823187199,-1.356076573776875,Potentially over-rated,False,2.0,4.0,False,False,True,False,False,False
HammondCare Daw Park | HammondCare,HammondCare Daw Park,SA,Not for Profit,Medium,3.0,-1.9414466818025984,-0.1719882124381784,-1.76945846936442,Potentially over-rated,True,2.0,4.0,False,False,True,False,False,False
St Andrew's Village Byron Bay | St Andrew's Village Ballina Limited,St Andrew's Village Byron Bay,NSW,Not for Profit,Small,4.0,0.5148578254376625,0.0435760823187199,0.47128174311894255,Potentially under-rated,False,4.0,4.0,False,False,False,False,False,False
Arcare Gisborne | Arcare Pty Ltd,Arcare Gisborne,VIC,Private for Profit,Medium,4.0,0.38714490173731403,0.0435760823187199,0.34356881941859413,Aligned,False,3.0,4.0,False,False,False,False,False,False
Dale Residency | Dale Cottages (Inc.),Dale Residency,WA,Not for Profit,Large,3.0,-0.005039192154150042,-0.1719882124381784,0.16694902028402836,Aligned,False,3.0,4.0,False,False,False,False,False,False
Grandton Roshana Care | Burswood Care Pty Ltd,Grandton Roshana Care,WA,Private for Profit,Small,4.0,-0.5741912064167011,0.0435760823187199,-0.617767288735421,Potentially over-rated,False,3.0,4.0,False,False,False,False,False,False
Donvale Gardens | Jamia Healthcare Pty Ltd,Donvale Gardens,VIC,Private for Profit,Small,4.0,-0.024731197321147962,0.0435760823187199,-0.06830727963986787,Aligned,False,4.0,4.0,False,False,False,False,False,False
Mercy Place Mentone | Mercy Aged and Community Care Ltd,Mercy Place Mentone,VIC,Not for Profit,Large,4.0,-0.0638032101844855,0.0435760823187199,-0.1073792925032054,Aligned,False,3.0,4.0,False,False,False,False,False,False
mecwacare Long Gully | MECWA Limited,mecwacare Long Gully,VIC,Not for Profit,Small,4.0,0.25346398059969105,0.0435760823187199,0.20988789828097115,Aligned,False,4.0,4.0,False,False,False,False,False,False
Arcare Ringwood | Arcare Pty Ltd,Arcare Ringwood,VIC,Private for Profit,Large,4.0,0.34768122679377483,0.0435760823187199,0.30410514447505493,Aligned,False,4.0,4.0,False,False,False,False,False,False
